{
    "benchmarks": {
        "network": {
            "service_chain": {
                "EXT": {
                    "result": {
                        "bidirectional": true,
                        "compute_nodes": {},
                        "flow_count": 1000,
                        "profile": "traffic_profile_64B",
                        "result": {
                            "64": {
                                "iteration_stats": {
                                    "ndr_pdr": [
                                        {
                                            "drop_pct": 1082599624,
                                            "drop_percentage": 88.2415692191664,
                                            "rx_pkts": 144259365,
                                            "rx_pps": 8351158.075371113,
                                            "time_ms": 1541760048564,
                                            "total_tx_pps": 40895299,
                                            "tx_pkts": 1226858989,
                                            "tx_pps": 71022726,
                                            "warning": "WARNING: There is a significant difference between requested TX rate (71022726) and actual TX rate (40895299). The traffic generator may not have sufficient CPU to achieve the requested TX rate."
                                        },
                                        {
                                            "drop_pct": 921208500,
                                            "drop_percentage": 86.4691995948578,
                                            "rx_pkts": 144151772,
                                            "rx_pps": 4804971.513367514,
                                            "time_ms": 1541760080611,
                                            "total_tx_pps": 35512009,
                                            "tx_pkts": 1065360272,
                                            "tx_pps": 35511362
                                        },
                                        {
                                            "drop_pct": 389873504,
                                            "drop_percentage": 73.19220226856054,
                                            "rx_pkts": 142797316,
                                            "rx_pps": 4759906.7802416505,
                                            "time_ms": 1541760112650,
                                            "total_tx_pps": 17755694,
                                            "tx_pkts": 532670820,
                                            "tx_pps": 17755680
                                        },
                                        {
                                            "drop_pct": 123723903,
                                            "drop_percentage": 46.45407922584143,
                                            "rx_pkts": 142612025,
                                            "rx_pps": 4753721.172856559,
                                            "time_ms": 1541760144688,
                                            "total_tx_pps": 8877864,
                                            "tx_pkts": 266335928,
                                            "tx_pps": 8877840
                                        },
                                        {
                                            "drop_pct": 0,
                                            "drop_percentage": 0.0,
                                            "rx_pkts": 133167878,
                                            "rx_pps": 4438920.0,
                                            "time_ms": 1541760176727,
                                            "total_tx_pps": 4438929,
                                            "tx_pkts": 133167878,
                                            "tx_pps": 4438920
                                        },
                                        {
                                            "drop_pct": 54860302,
                                            "drop_percentage": 27.464304785502108,
                                            "rx_pkts": 144890984,
                                            "rx_pps": 4829702.223023085,
                                            "time_ms": 1541760208765,
                                            "total_tx_pps": 6658376,
                                            "tx_pkts": 199751286,
                                            "tx_pps": 6658380
                                        },
                                        {
                                            "drop_pct": 21277894,
                                            "drop_percentage": 12.782615988189809,
                                            "rx_pkts": 145181726,
                                            "rx_pps": 4839387.377971306,
                                            "time_ms": 1541760240804,
                                            "total_tx_pps": 5548654,
                                            "tx_pkts": 166459620,
                                            "tx_pps": 5548650
                                        },
                                        {
                                            "drop_pct": 5534844,
                                            "drop_percentage": 3.694484549810865,
                                            "rx_pkts": 144278856,
                                            "rx_pps": 4809289.421669073,
                                            "time_ms": 1541760272842,
                                            "total_tx_pps": 4993790,
                                            "tx_pkts": 149813700,
                                            "tx_pps": 4993784
                                        },
                                        {
                                            "drop_pct": 48984,
                                            "drop_percentage": 0.03461995153800464,
                                            "rx_pkts": 141441682,
                                            "rx_pps": 4714719.201223238,
                                            "time_ms": 1541760304880,
                                            "total_tx_pps": 4716355,
                                            "tx_pkts": 141490666,
                                            "tx_pps": 4716352
                                        },
                                        {
                                            "drop_pct": 32,
                                            "drop_percentage": 2.3301705782439168e-05,
                                            "rx_pkts": 137328970,
                                            "rx_pps": 4577634.933332727,
                                            "time_ms": 1541760336925,
                                            "total_tx_pps": 4577633,
                                            "tx_pkts": 137329002,
                                            "tx_pps": 4577636
                                        },
                                        {
                                            "drop_pct": 2553,
                                            "drop_percentage": 0.001831288478218642,
                                            "ndr_pps": 2288818,
                                            "rx_pkts": 139407487,
                                            "rx_pps": 4646908.900134294,
                                            "time_ms": 1541760368968,
                                            "total_tx_pps": 4647001,
                                            "tx_pkts": 139410040,
                                            "tx_pps": 4646994
                                        }
                                    ]
                                },