{
    "benchmarks": {
        "network": {
            "service_chain": {
                "EXT": {
                    "result": {
                        "bidirectional": true,
                        "compute_nodes": {},
                        "flow_count": 1000,
                        "profile": "traffic_profile_64B",
                        "result": {
                            "64": {
                                "iteration_stats": {
                                    "ndr_pdr": [
                                        {
                                            "drop_pct": 1204251305,
                                            "drop_percentage": 98.15597637820974,
                                            "rx_pkts": 22623868,
                                            "rx_pps": 1309675.8442793703,
                                            "time_ms": 1542018161708,
                                            "total_tx_pps": 40895839,
                                            "tx_pkts": 1226875173,
                                            "tx_pps": 71022726,
                                            "warning": "WARNING: There is a significant difference between requested TX rate (71022726) and actual TX rate (40895839). The traffic generator may not have sufficient CPU to achieve the requested TX rate."
                                        },
                                        {
                                            "drop_pct": 1042855962,
                                            "drop_percentage": 97.88402078575596,
                                            "rx_pkts": 22543634,
                                            "rx_pps": 751413.0386149549,
                                            "time_ms": 1542018193748,
                                            "total_tx_pps": 35513319,
                                            "tx_pkts": 1065399596,
                                            "tx_pps": 35511362
                                        },
                                        {
                                            "drop_pct": 510052885,
                                            "drop_percentage": 95.75739611074988,
                                            "rx_pkts": 22598279,
                                            "rx_pps": 753303.1702428056,
                                            "time_ms": 1542018225781,
                                            "total_tx_pps": 17755038,
                                            "tx_pkts": 532651164,
                                            "tx_pps": 17755680
                                        },
                                        {
                                            "drop_pct": 243824700,
                                            "drop_percentage": 91.54780581050404,
                                            "rx_pkts": 22511230,
                                            "rx_pps": 750372.2766327476,
                                            "time_ms": 1542018257813,
                                            "total_tx_pps": 8877864,
                                            "tx_pkts": 266335930,
                                            "tx_pps": 8877840
                                        },
                                        {
                                            "drop_pct": 110190164,
                                            "drop_percentage": 82.7449201310334,
                                            "rx_pkts": 22978330,
                                            "rx_pps": 765939.1913195323,
                                            "time_ms": 1542018289851,
                                            "total_tx_pps": 4438949,
                                            "tx_pkts": 133168494,
                                            "tx_pps": 4438920
                                        },
                                        {
                                            "drop_pct": 42908812,
                                            "drop_percentage": 64.4435455907079,
                                            "rx_pkts": 23674756,
                                            "rx_pps": 789161.2830324746,
                                            "time_ms": 1542018321885,
                                            "total_tx_pps": 2219452,
                                            "tx_pkts": 66583568,
                                            "tx_pps": 2219460
                                        },
                                        {
                                            "drop_pct": 2622950,
                                            "drop_percentage": 7.878639840292751,
                                            "rx_pkts": 30668964,
                                            "rx_pps": 1022298.3701003193,
                                            "time_ms": 1542018353918,
                                            "total_tx_pps": 1109730,
                                            "tx_pkts": 33291914,
                                            "tx_pps": 1109730
                                        },
                                        {
                                            "drop_pct": 43,
                                            "drop_percentage": 0.0002583212793415427,
                                            "rx_pkts": 16645895,
                                            "rx_pps": 554862.5666682166,
                                            "time_ms": 1542018385948,
                                            "total_tx_pps": 554864,
                                            "tx_pkts": 16645938,
                                            "tx_pps": 554864
                                        },
                                        {
                                            "drop_pct": 1050,
                                            "drop_percentage": 0.00420522524468003,
                                            "rx_pkts": 24967886,
                                            "rx_pps": 832261.0000784976,
                                            "time_ms": 1542018417979,
                                            "total_tx_pps": 832297,
                                            "tx_pkts": 24968936,
                                            "tx_pps": 832296
                                        },
                                        {
                                            "drop_pct": 272,
                                            "drop_percentage": 0.0013072244721648656,
                                            "rx_pkts": 20807172,
                                            "rx_pps": 693570.9333525059,
                                            "time_ms": 1542018450008,
                                            "total_tx_pps": 693581,
                                            "tx_pkts": 20807444,
                                            "tx_pps": 693580
                                        },
                                        {
                                            "drop_pct": 6544,
                                            "drop_percentage": 0.03494472069855266,
                                            "ndr_pps": 277432,
                                            "rx_pkts": 18720176,
                                            "rx_pps": 624003.8673655611,
                                            "time_ms": 1542018482046,
                                            "total_tx_pps": 624224,
                                            "tx_pkts": 18726720,
                                            "tx_pps": 624222
                                        }
                                    ]
                                },