{
    "benchmarks": {
        "network": {
            "service_chain": {
                "EXT": {
                    "result": {
                        "bidirectional": true,
                        "compute_nodes": {},
                        "flow_count": 1024,
                        "profile": "traffic_profile_64B",
                        "result": {
                            "64": {
                                "iteration_stats": {
                                    "ndr_pdr": [
                                        {
                                            "drop_pct": 1205368895,
                                            "drop_percentage": 97.38591742595595,
                                            "rx_pkts": 32355128,
                                            "rx_pps": 1945001.865419296,
                                            "time_ms": 1542615593567,
                                            "total_tx_pps": 41257467,
                                            "tx_pkts": 1237724023,
                                            "tx_pps": 74404760,
                                            "warning": "WARNING: There is a significant difference between requested TX rate (74404760) and actual TX rate (41257467). The traffic generator may not have sufficient CPU to achieve the requested TX rate."
                                        },
                                        {
                                            "drop_pct": 1083720817,
                                            "drop_percentage": 97.10174596803564,
                                            "rx_pkts": 32346465,
                                            "rx_pps": 1078219.4783367012,
                                            "time_ms": 1542615625604,
                                            "total_tx_pps": 37202242,
                                            "tx_pkts": 1116067282,
                                            "tx_pps": 37202380
                                        },
                                        {
                                            "drop_pct": 525743189,
                                            "drop_percentage": 94.21210712097105,
                                            "rx_pkts": 32298877,
                                            "rx_pps": 1076616.951424644,
                                            "time_ms": 1542615657642,
                                            "total_tx_pps": 18601402,
                                            "tx_pkts": 558042066,
                                            "tx_pps": 18601190
                                        },
                                        {
                                            "drop_pct": 246722291,
                                            "drop_percentage": 88.42671842104836,
                                            "rx_pkts": 32290993,
                                            "rx_pps": 1076383.9321350812,
                                            "time_ms": 1542615689680,
                                            "total_tx_pps": 9300442,
                                            "tx_pkts": 279013284,
                                            "tx_pps": 9300594
                                        },
                                        {
                                            "drop_pct": 107163620,
                                            "drop_percentage": 76.81669027216289,
                                            "rx_pkts": 32342026,
                                            "rx_pps": 1078092.5249412202,
                                            "time_ms": 1542615721717,
                                            "total_tx_pps": 4650188,
                                            "tx_pkts": 139505646,
                                            "tx_pps": 4650296
                                        },
                                        {
                                            "drop_pct": 37408101,
                                            "drop_percentage": 53.63052498791782,
                                            "rx_pkts": 32343409,
                                            "rx_pps": 1078158.9208539284,
                                            "time_ms": 1542615753756,
                                            "total_tx_pps": 2325050,
                                            "tx_pkts": 69751510,
                                            "tx_pps": 2325148
                                        },
                                        {
                                            "drop_pct": 2231703,
                                            "drop_percentage": 6.3992584818663545,
                                            "rx_pkts": 32642697,
                                            "rx_pps": 1088177.884697027,
                                            "time_ms": 1542615785793,
                                            "total_tx_pps": 1162480,
                                            "tx_pkts": 34874400,
                                            "tx_pps": 1162574
                                        },
                                        {
                                            "drop_pct": 3969,
                                            "drop_percentage": 0.022763556561100507,
                                            "rx_pkts": 17431795,
                                            "rx_pps": 581153.6786326081,
                                            "time_ms": 1542615817833,
                                            "total_tx_pps": 581192,
                                            "tx_pkts": 17435764,
                                            "tx_pps": 581286
                                        },
                                        {
                                            "drop_pct": 0,
                                            "drop_percentage": 0.0,
                                            "rx_pkts": 8716454,
                                            "rx_pps": 290642.0,
                                            "time_ms": 1542615849869,
                                            "total_tx_pps": 290548,
                                            "tx_pkts": 8716454,
                                            "tx_pps": 290642
                                        },
                                        {
                                            "drop_pct": 0,
                                            "drop_percentage": 0.0,
                                            "rx_pkts": 13076112,
                                            "rx_pps": 435964.0,
                                            "time_ms": 1542615881919,
                                            "total_tx_pps": 435870,
                                            "tx_pkts": 13076112,
                                            "tx_pps": 435964
                                        },
                                        {
                                            "drop_pct": 0,
                                            "drop_percentage": 0.0,
                                            "ndr_pps": 254313,
                                            "rx_pkts": 15255934,
                                            "rx_pps": 508626.0,
                                            "time_ms": 1542615913957,
                                            "total_tx_pps": 508531,
                                            "tx_pkts": 15255934,
                                            "tx_pps": 508626
                                        }
                                    ]
                                },
                                "ndr": {
                                    "duration_sec": 30.0,
                                    "initial_rate_type": "rate_percent",