{
    "benchmarks": {
        "network": {
            "service_chain": {
                "EXT": {
                    "result": {
                        "bidirectional": true,
                        "compute_nodes": {},
                        "flow_count": 1024,
                        "profile": "traffic_profile_64B",
                        "result": {
                            "64": {
                                "iteration_stats": {
                                    "ndr_pdr": [
                                        {
                                            "drop_pct": 1168760429,
                                            "drop_percentage": 93.01675895866973,
                                            "rx_pkts": 87744788,
                                            "rx_pps": 5195863.737023291,
                                            "time_ms": 1542620797617,
                                            "total_tx_pps": 41883507,
                                            "tx_pkts": 1256505217,
                                            "tx_pps": 74404760,
                                            "warning": "WARNING: There is a significant difference between requested TX rate (74404760) and actual TX rate (41883507). The traffic generator may not have sufficient CPU to achieve the requested TX rate."
                                        },
                                        {
                                            "drop_pct": 1028290796,
                                            "drop_percentage": 92.13380662955255,
                                            "rx_pkts": 87793336,
                                            "rx_pps": 2926411.149208667,
                                            "time_ms": 1542620829665,
                                            "total_tx_pps": 37202804,
                                            "tx_pkts": 1116084132,
                                            "tx_pps": 37202380
                                        },
                                        {
                                            "drop_pct": 470235336,
                                            "drop_percentage": 84.26755336853424,
                                            "rx_pkts": 87791232,
                                            "rx_pps": 2926422.2895675465,
                                            "time_ms": 1542620861705,
                                            "total_tx_pps": 18600885,
                                            "tx_pkts": 558026568,
                                            "tx_pps": 18601190
                                        },
                                        {
                                            "drop_pct": 191060661,
                                            "drop_percentage": 68.47775214775179,
                                            "rx_pkts": 87950631,
                                            "rx_pps": 2931756.292411326,
                                            "time_ms": 1542620893752,
                                            "total_tx_pps": 9300376,
                                            "tx_pkts": 279011292,
                                            "tx_pps": 9300594
                                        },
                                        {
                                            "drop_pct": 68964394,
                                            "drop_percentage": 49.435771354627306,
                                            "rx_pkts": 70538626,
                                            "rx_pps": 2351386.302126621,
                                            "time_ms": 1542620925802,
                                            "total_tx_pps": 4650100,
                                            "tx_pkts": 139503020,
                                            "tx_pps": 4650296
                                        },
                                        {
                                            "drop_pct": 33786269,
                                            "drop_percentage": 48.43992871561948,
                                            "rx_pkts": 35962531,
                                            "rx_pps": 1198847.966267348,
                                            "time_ms": 1542620957850,
                                            "total_tx_pps": 2324960,
                                            "tx_pkts": 69748800,
                                            "tx_pps": 2325148
                                        },
                                        {
                                            "drop_pct": 16254003,
                                            "drop_percentage": 46.61110060906996,
                                            "rx_pkts": 18617525,
                                            "rx_pps": 620685.463205111,
                                            "time_ms": 1542620989886,
                                            "total_tx_pps": 1162384,
                                            "tx_pkts": 34871528,
                                            "tx_pps": 1162574
                                        },
                                        {
                                            "drop_pct": 7514935,
                                            "drop_percentage": 43.10775345111671,
                                            "rx_pkts": 9917973,
                                            "rx_pps": 330706.6642741418,
                                            "time_ms": 1542621021937,
                                            "total_tx_pps": 581096,
                                            "tx_pkts": 17432908,
                                            "tx_pps": 581286
                                        },
                                        {
                                            "drop_pct": 3156094,
                                            "drop_percentage": 36.220322254865955,
                                            "rx_pkts": 5557506,
                                            "rx_pps": 185370.5309920125,
                                            "time_ms": 1542621053975,
                                            "total_tx_pps": 290453,
                                            "tx_pkts": 8713600,
                                            "tx_pps": 290642
                                        },
                                        {
                                            "drop_pct": 1010024,
                                            "drop_percentage": 23.197909757222416,
                                            "rx_pkts": 3343920,
                                            "rx_pps": 111608.79754080439,
                                            "time_ms": 1542621086016,
                                            "total_tx_pps": 145131,
                                            "tx_pkts": 4353944,
                                            "tx_pps": 145320
                                        },
                                        {
                                            "drop_pct": 32957,
                                            "drop_percentage": 1.5158776884440601,
                                            "ndr_pps": 0,
                                            "rx_pkts": 2141163,
                                            "rx_pps": 71558.56327157654,
                                            "time_ms": 1542621118058,
                                            "total_tx_pps": 72470,
                                            "tx_pkts": 2174120,
                                            "tx_pps": 72660
                                        }
                                    ]
                                },
                                "ndr": {
                                    "duration_sec": 0,