{
    "benchmarks": {
        "network": {
            "service_chain": {
                "EXT": {
                    "result": {
                        "bidirectional": true,
                        "compute_nodes": {},
                        "flow_count": 1024,
                        "profile": "traffic_profile_64B",
                        "result": {
                            "64": {
                                "iteration_stats": {
                                    "ndr_pdr": [
                                        {
                                            "drop_pct": 1250738174,
                                            "drop_percentage": 99.86957353531423,
                                            "rx_pkts": 1633424,
                                            "rx_pps": 97043.4980259311,
                                            "time_ms": 1542631243456,
                                            "total_tx_pps": 41745719,
                                            "tx_pkts": 1252371598,
                                            "tx_pps": 74404760,
                                            "warning": "WARNING: There is a significant difference between requested TX rate (74404760) and actual TX rate (41745719). The traffic generator may not have sufficient CPU to achieve the requested TX rate."
                                        },
                                        {
                                            "drop_pct": 1114479318,
                                            "drop_percentage": 99.86007055145899,
                                            "rx_pkts": 1561670,
                                            "rx_pps": 52057.08517813136,
                                            "time_ms": 1542631275502,
                                            "total_tx_pps": 37201366,
                                            "tx_pkts": 1116040988,
                                            "tx_pps": 37202380
                                        },
                                        {
                                            "drop_pct": 556518661,
                                            "drop_percentage": 99.72785137149744,
                                            "rx_pkts": 1518691,
                                            "rx_pps": 50622.88347015597,
                                            "time_ms": 1542631307542,
                                            "total_tx_pps": 18601245,
                                            "tx_pkts": 558037352,
                                            "tx_pps": 18601190
                                        },
                                        {
                                            "drop_pct": 277458216,
                                            "drop_percentage": 99.44240358300603,
                                            "rx_pkts": 1555772,
                                            "rx_pps": 51859.77890315651,
                                            "time_ms": 1542631339590,
                                            "total_tx_pps": 9300466,
                                            "tx_pkts": 279013988,
                                            "tx_pps": 9300594
                                        },
                                        {
                                            "drop_pct": 137935996,
                                            "drop_percentage": 98.8762333257818,
                                            "rx_pkts": 1567696,
                                            "rx_pps": 52258.47670050212,
                                            "time_ms": 1542631371639,
                                            "total_tx_pps": 4650123,
                                            "tx_pkts": 139503692,
                                            "tx_pps": 4650296
                                        },
                                        {
                                            "drop_pct": 68294959,
                                            "drop_percentage": 97.91584012715833,
                                            "rx_pkts": 1453673,
                                            "rx_pps": 48459.801600180566,
                                            "time_ms": 1542631403689,
                                            "total_tx_pps": 2324954,
                                            "tx_pkts": 69748632,
                                            "tx_pps": 2325148
                                        },
                                        {
                                            "drop_pct": 33500114,
                                            "drop_percentage": 96.06723857927878,
                                            "rx_pkts": 1371414,
                                            "rx_pps": 45721.26175933552,
                                            "time_ms": 1542631435739,
                                            "total_tx_pps": 1162384,
                                            "tx_pkts": 34871528,
                                            "tx_pps": 1162574
                                        },
                                        {
                                            "drop_pct": 16123148,
                                            "drop_percentage": 92.48681058292256,
                                            "rx_pkts": 1309768,
                                            "rx_pps": 43673.11823495278,
                                            "time_ms": 1542631467784,
                                            "total_tx_pps": 581097,
                                            "tx_pkts": 17432916,
                                            "tx_pps": 581286
                                        },
                                        {
                                            "drop_pct": 7427669,
                                            "drop_percentage": 85.24229261948798,
                                            "rx_pkts": 1285927,
                                            "rx_pps": 42892.09588486774,
                                            "time_ms": 1542631499828,
                                            "total_tx_pps": 290453,
                                            "tx_pkts": 8713596,
                                            "tx_pps": 290642
                                        },
                                        {
                                            "drop_pct": 3093536,
                                            "drop_percentage": 71.0513502240727,
                                            "rx_pkts": 1260408,
                                            "rx_pps": 42068.17785437754,
                                            "time_ms": 1542631531884,
                                            "total_tx_pps": 145131,
                                            "tx_pkts": 4353944,
                                            "tx_pps": 145320
                                        },
                                        {
                                            "drop_pct": 979429,
                                            "drop_percentage": 45.04944529280812,
                                            "ndr_pps": 0,
                                            "rx_pkts": 1194691,
                                            "rx_pps": 39927.07305024562,
                                            "time_ms": 1542631563928,
                                            "total_tx_pps": 72470,
                                            "tx_pkts": 2174120,
                                            "tx_pps": 72660
                                        }
                                    ]
                                },
                                "ndr": {
                                    "duration_sec": 0,