{
    "benchmarks": {
        "network": {
            "service_chain": {
                "EXT": {
                    "result": {
                        "bidirectional": true,
                        "compute_nodes": {},
                        "flow_count": 1000,
                        "profile": "traffic_profile_64B",
                        "result": {
                            "64": {
                                "iteration_stats": {
                                    "ndr_pdr": [
                                        {
                                            "drop_pct": 1242637626,
                                            "drop_percentage": 99.87838547152714,
                                            "rx_pkts": 1513068,
                                            "rx_pps": 86373.95333347215,
                                            "time_ms": 1542029583914,
                                            "total_tx_pps": 41471689,
                                            "tx_pkts": 1244150694,
                                            "tx_pps": 71022726,
                                            "warning": "WARNING: There is a significant difference between requested TX rate (71022726) and actual TX rate (41471689). The traffic generator may not have sufficient CPU to achieve the requested TX rate."
                                        },
                                        {
                                            "drop_pct": 1063889234,
                                            "drop_percentage": 99.86735277274265,
                                            "rx_pkts": 1413094,
                                            "rx_pps": 47104.83705432063,
                                            "time_ms": 1542029615961,
                                            "total_tx_pps": 35510077,
                                            "tx_pkts": 1065302328,
                                            "tx_pps": 35511362
                                        },
                                        {
                                            "drop_pct": 531271946,
                                            "drop_percentage": 99.73719017182549,
                                            "rx_pkts": 1399914,
                                            "rx_pps": 46663.67209921602,
                                            "time_ms": 1542029648009,
                                            "total_tx_pps": 17755728,
                                            "tx_pkts": 532671860,
                                            "tx_pps": 17755680
                                        },
                                        {
                                            "drop_pct": 264875452,
                                            "drop_percentage": 99.45124557765142,
                                            "rx_pkts": 1461536,
                                            "rx_pps": 48717.53960903116,
                                            "time_ms": 1542029680058,
                                            "total_tx_pps": 8877899,
                                            "tx_pkts": 266336988,
                                            "tx_pps": 8877840
                                        },
                                        {
                                            "drop_pct": 131672164,
                                            "drop_percentage": 98.87737166623452,
                                            "rx_pkts": 1494972,
                                            "rx_pps": 49832.573633182474,
                                            "time_ms": 1542029712109,
                                            "total_tx_pps": 4438904,
                                            "tx_pkts": 133167136,
                                            "tx_pps": 4438920
                                        },
                                        {
                                            "drop_pct": 65120594,
                                            "drop_percentage": 97.8024183289672,
                                            "rx_pkts": 1463234,
                                            "rx_pps": 48774.446155904436,
                                            "time_ms": 1542029744148,
                                            "total_tx_pps": 2219460,
                                            "tx_pkts": 66583828,
                                            "tx_pps": 2219460
                                        },
                                        {
                                            "drop_pct": 31965283,
                                            "drop_percentage": 96.01526510551703,
                                            "rx_pkts": 1326593,
                                            "rx_pps": 44219.798544545854,
                                            "time_ms": 1542029776181,
                                            "total_tx_pps": 1109729,
                                            "tx_pkts": 33291876,
                                            "tx_pps": 1109730
                                        },
                                        {
                                            "drop_pct": 15314883,
                                            "drop_percentage": 92.00360327671099,
                                            "rx_pkts": 1331077,
                                            "rx_pps": 44369.126714710335,
                                            "time_ms": 1542029808218,
                                            "total_tx_pps": 554865,
                                            "tx_pkts": 16645960,
                                            "tx_pps": 554864
                                        },
                                        {
                                            "drop_pct": 7018824,
                                            "drop_percentage": 84.33066041249648,
                                            "rx_pkts": 1304156,
                                            "rx_pps": 43471.76220440275,
                                            "time_ms": 1542029840266,
                                            "total_tx_pps": 277432,
                                            "tx_pkts": 8322980,
                                            "tx_pps": 277432
                                        },
                                        {
                                            "drop_pct": 2909505,
                                            "drop_percentage": 69.91494877318038,
                                            "rx_pkts": 1251987,
                                            "rx_pps": 41732.7796597951,
                                            "time_ms": 1542029872315,
                                            "total_tx_pps": 138716,
                                            "tx_pkts": 4161492,
                                            "tx_pps": 138716
                                        },
                                        {
                                            "drop_pct": 899056,
                                            "drop_percentage": 43.208224718755524,
                                            "ndr_pps": 0,
                                            "rx_pkts": 1181696,
                                            "rx_pps": 39389.63949956554,
                                            "time_ms": 1542029904360,
                                            "total_tx_pps": 69358,
                                            "tx_pkts": 2080752,
                                            "tx_pps": 69358
                                        }
                                    ]
                                },
                                "ndr": {
                                    "actual_l2frame_size": "68",