{
    "benchmarks": {
        "network": {
            "service_chain": {
                "EXT": {
                    "result": {
                        "bidirectional": true,
                        "compute_nodes": {},
                        "flow_count": 1000,
                        "profile": "traffic_profile_64B",
                        "result": {
                            "64": {
                                "iteration_stats": {
                                    "ndr_pdr": [
                                        {
                                            "drop_pct": 1133412565,
                                            "drop_percentage": 92.33582229818504,
                                            "rx_pkts": 94076980,
                                            "rx_pps": 5443307.929313139,
                                            "time_ms": 1541768392596,
                                            "total_tx_pps": 40916318,
                                            "tx_pkts": 1227489545,
                                            "tx_pps": 71022726,
                                            "warning": "WARNING: There is a significant difference between requested TX rate (71022726) and actual TX rate (40916318). The traffic generator may not have sufficient CPU to achieve the requested TX rate."
                                        },
                                        {
                                            "drop_pct": 971717904,
                                            "drop_percentage": 91.21026281332931,
                                            "rx_pkts": 93642368,
                                            "rx_pps": 3121355.391207245,
                                            "time_ms": 1541768424628,
                                            "total_tx_pps": 35512009,
                                            "tx_pkts": 1065360272,
                                            "tx_pps": 35511362
                                        },
                                        {
                                            "drop_pct": 439157677,
                                            "drop_percentage": 82.44447799862587,
                                            "rx_pkts": 93513143,
                                            "rx_pps": 3117102.3088935856,
                                            "time_ms": 1541768456663,
                                            "total_tx_pps": 17755694,
                                            "tx_pkts": 532670820,
                                            "tx_pps": 17755680
                                        },
                                        {
                                            "drop_pct": 172429271,
                                            "drop_percentage": 64.74127328401596,
                                            "rx_pkts": 93906657,
                                            "rx_pps": 3130213.3438823177,
                                            "time_ms": 1541768488702,
                                            "total_tx_pps": 8877864,
                                            "tx_pkts": 266335928,
                                            "tx_pps": 8877840
                                        },
                                        {
                                            "drop_pct": 42104305,
                                            "drop_percentage": 31.617463334513747,
                                            "rx_pkts": 91063573,
                                            "rx_pps": 3035446.0965516027,
                                            "time_ms": 1541768520736,
                                            "total_tx_pps": 4438929,
                                            "tx_pkts": 133167878,
                                            "tx_pps": 4438920
                                        },
                                        {
                                            "drop_pct": 0,
                                            "drop_percentage": 0.0,
                                            "rx_pkts": 66583874,
                                            "rx_pps": 2219460.0,
                                            "time_ms": 1541768552773,
                                            "total_tx_pps": 2219462,
                                            "tx_pkts": 66583874,
                                            "tx_pps": 2219460
                                        },
                                        {
                                            "drop_pct": 5137413,
                                            "drop_percentage": 5.143811799001722,
                                            "rx_pkts": 94738189,
                                            "rx_pps": 3157942.7319688145,
                                            "time_ms": 1541768584811,
                                            "total_tx_pps": 3329186,
                                            "tx_pkts": 99875602,
                                            "tx_pps": 3329190
                                        },
                                        {
                                            "drop_pct": 0,
                                            "drop_percentage": 0.0,
                                            "rx_pkts": 83229842,
                                            "rx_pps": 2774324.0,
                                            "time_ms": 1541768616841,
                                            "total_tx_pps": 2774328,
                                            "tx_pkts": 83229842,
                                            "tx_pps": 2774324
                                        },
                                        {
                                            "drop_pct": 0,
                                            "drop_percentage": 0.0,
                                            "rx_pkts": 91552652,
                                            "rx_pps": 3051756.0,
                                            "time_ms": 1541768648880,
                                            "total_tx_pps": 3051755,
                                            "tx_pkts": 91552652,
                                            "tx_pps": 3051756
                                        },
                                        {
                                            "drop_pct": 3215,
                                            "drop_percentage": 0.003358962794080327,
                                            "rx_pkts": 95710855,
                                            "rx_pps": 3190366.8331653853,
                                            "time_ms": 1541768680909,
                                            "total_tx_pps": 3190469,
                                            "tx_pkts": 95714070,
                                            "tx_pps": 3190474
                                        },
                                        {
                                            "drop_pct": 0,
                                            "drop_percentage": 0.0,
                                            "ndr_pps": 1560557,
                                            "rx_pkts": 93633486,
                                            "rx_pps": 3121114.0,
                                            "time_ms": 1541768712940,
                                            "total_tx_pps": 3121116,
                                            "tx_pkts": 93633486,
                                            "tx_pps": 3121114
                                        }
                                    ]
                                },
                                "ndr": {
                                    "actual_l2frame_size": "68",
                                    "duration_sec": 30.0,