{
    "benchmarks": {
        "network": {
            "service_chain": {
                "EXT": {
                    "result": {
                        "bidirectional": true,
                        "compute_nodes": {},
                        "flow_count": 1000,
                        "profile": "traffic_profile_64B",
                        "result": {
                            "64": {
                                "iteration_stats": {
                                    "ndr_pdr": [
                                        {
                                            "drop_pct": 1203831971,
                                            "drop_percentage": 98.03459673309123,
                                            "rx_pkts": 24134493,
                                            "rx_pps": 1395882.9770516613,
                                            "time_ms": 1541770701024,
                                            "total_tx_pps": 40932215,
                                            "tx_pkts": 1227966464,
                                            "tx_pps": 71022726,
                                            "warning": "WARNING: There is a significant difference between requested TX rate (71022726) and actual TX rate (40932215). The traffic generator may not have sufficient CPU to achieve the requested TX rate."
                                        },
                                        {
                                            "drop_pct": 1041243079,
                                            "drop_percentage": 97.73624062827828,
                                            "rx_pkts": 24117193,
                                            "rx_pps": 803891.785301025,
                                            "time_ms": 1541770733055,
                                            "total_tx_pps": 35512009,
                                            "tx_pkts": 1065360272,
                                            "tx_pps": 35511362
                                        },
                                        {
                                            "drop_pct": 508543875,
                                            "drop_percentage": 95.47057129955044,
                                            "rx_pkts": 24126945,
                                            "rx_pps": 804230.865879982,
                                            "time_ms": 1541770765088,
                                            "total_tx_pps": 17755694,
                                            "tx_pkts": 532670820,
                                            "tx_pps": 17755680
                                        },
                                        {
                                            "drop_pct": 242316655,
                                            "drop_percentage": 90.98158735835294,
                                            "rx_pkts": 24019273,
                                            "rx_pps": 800640.2448651993,
                                            "time_ms": 1541770797120,
                                            "total_tx_pps": 8877864,
                                            "tx_pkts": 266335928,
                                            "tx_pps": 8877840
                                        },
                                        {
                                            "drop_pct": 108915661,
                                            "drop_percentage": 81.78823800135946,
                                            "rx_pkts": 24252217,
                                            "rx_pps": 808405.5457100547,
                                            "time_ms": 1541770829152,
                                            "total_tx_pps": 4438929,
                                            "tx_pkts": 133167878,
                                            "tx_pps": 4438920
                                        },
                                        {
                                            "drop_pct": 42161916,
                                            "drop_percentage": 63.321512352976036,
                                            "rx_pkts": 24421958,
                                            "rx_pps": 814064.3619306381,
                                            "time_ms": 1541770861189,
                                            "total_tx_pps": 2219462,
                                            "tx_pkts": 66583874,
                                            "tx_pps": 2219460
                                        },
                                        {
                                            "drop_pct": 4037548,
                                            "drop_percentage": 12.127714383000892,
                                            "rx_pkts": 29254364,
                                            "rx_pps": 975145.1151775243,
                                            "time_ms": 1541770893224,
                                            "total_tx_pps": 1109730,
                                            "tx_pkts": 33291912,
                                            "tx_pps": 1109730
                                        },
                                        {
                                            "drop_pct": 0,
                                            "drop_percentage": 0.0,
                                            "rx_pkts": 16645954,
                                            "rx_pps": 554864.0,
                                            "time_ms": 1541770925264,
                                            "total_tx_pps": 554865,
                                            "tx_pkts": 16645954,
                                            "tx_pps": 554864
                                        },
                                        {
                                            "drop_pct": 0,
                                            "drop_percentage": 0.0,
                                            "rx_pkts": 24968934,
                                            "rx_pps": 832296.0,
                                            "time_ms": 1541770957294,
                                            "total_tx_pps": 832297,
                                            "tx_pkts": 24968934,
                                            "tx_pps": 832296
                                        },
                                        {
                                            "drop_pct": 0,
                                            "drop_percentage": 0.0,
                                            "rx_pkts": 29130412,
                                            "rx_pps": 971012.0,
                                            "time_ms": 1541770989331,
                                            "total_tx_pps": 971013,
                                            "tx_pkts": 29130412,
                                            "tx_pps": 971012
                                        },
                                        {
                                            "drop_pct": 3093,
                                            "drop_percentage": 0.009909913662320252,
                                            "ndr_pps": 485506,
                                            "rx_pkts": 31208077,
                                            "rx_pps": 1040266.9002312314,
                                            "time_ms": 1541771021367,
                                            "total_tx_pps": 1040372,
                                            "tx_pkts": 31211170,
                                            "tx_pps": 1040370
                                        }
                                    ]
                                },
                                "ndr": {
                                    "actual_l2frame_size": "68",
                                    "duration_sec": 30.0,