{
    "benchmarks": {
        "network": {
            "service_chain": {
                "EXT": {
                    "result": {
                        "bidirectional": true,
                        "compute_nodes": {},
                        "flow_count": 1024,
                        "profile": "traffic_profile_64B",
                        "result": {
                            "64": {
                                "iteration_stats": {
                                    "ndr_pdr": [
                                        {
                                            "drop_pct": 1203403054,
                                            "drop_percentage": 97.31399279267907,
                                            "rx_pkts": 33215668,
                                            "rx_pps": 1998517.216189838,
                                            "time_ms": 1542365875643,
                                            "total_tx_pps": 41220624,
                                            "tx_pkts": 1236618722,
                                            "tx_pps": 74404760,
                                            "warning": "WARNING: There is a significant difference between requested TX rate (74404760) and actual TX rate (41220624). The traffic generator may not have sufficient CPU to achieve the requested TX rate."
                                        },
                                        {
                                            "drop_pct": 1082298800,
                                            "drop_percentage": 96.97421581856345,
                                            "rx_pkts": 33769828,
                                            "rx_pps": 1125663.7291579144,
                                            "time_ms": 1542365907683,
                                            "total_tx_pps": 37202287,
                                            "tx_pkts": 1116068628,
                                            "tx_pps": 37202380
                                        },
                                        {
                                            "drop_pct": 524109316,
                                            "drop_percentage": 93.9208523172477,
                                            "rx_pkts": 33923648,
                                            "rx_pps": 1130793.810849354,
                                            "time_ms": 1542365939723,
                                            "total_tx_pps": 18601098,
                                            "tx_pkts": 558032964,
                                            "tx_pps": 18601190
                                        },
                                        {
                                            "drop_pct": 245360741,
                                            "drop_percentage": 87.93820014702581,
                                            "rx_pkts": 33654227,
                                            "rx_pps": 1121819.0334177264,
                                            "time_ms": 1542365971761,
                                            "total_tx_pps": 9300498,
                                            "tx_pkts": 279014968,
                                            "tx_pps": 9300594
                                        },
                                        {
                                            "drop_pct": 105951683,
                                            "drop_percentage": 75.94772582788946,
                                            "rx_pkts": 33554381,
                                            "rx_pps": 1118501.9437346896,
                                            "time_ms": 1542366003801,
                                            "total_tx_pps": 4650202,
                                            "tx_pkts": 139506064,
                                            "tx_pps": 4650296
                                        },
                                        {
                                            "drop_pct": 35880887,
                                            "drop_percentage": 51.440945992241495,
                                            "rx_pkts": 33870721,
                                            "rx_pps": 1129069.8730803167,
                                            "time_ms": 1542366035839,
                                            "total_tx_pps": 2325053,
                                            "tx_pkts": 69751608,
                                            "tx_pps": 2325148
                                        },
                                        {
                                            "drop_pct": 871493,
                                            "drop_percentage": 2.4989493718826683,
                                            "rx_pkts": 34002883,
                                            "rx_pps": 1133521.8643293288,
                                            "time_ms": 1542366067877,
                                            "total_tx_pps": 1162479,
                                            "tx_pkts": 34874376,
                                            "tx_pps": 1162574
                                        },
                                        {
                                            "drop_pct": 0,
                                            "drop_percentage": 0.0,
                                            "rx_pkts": 17435760,
                                            "rx_pps": 581286.0,
                                            "time_ms": 1542366099917,
                                            "total_tx_pps": 581192,
                                            "tx_pkts": 17435760,
                                            "tx_pps": 581286
                                        },
                                        {
                                            "drop_pct": 0,
                                            "drop_percentage": 0.0,
                                            "rx_pkts": 26155068,
                                            "rx_pps": 871930.0,
                                            "time_ms": 1542366131955,
                                            "total_tx_pps": 871835,
                                            "tx_pkts": 26155068,
                                            "tx_pps": 871930
                                        },
                                        {
                                            "drop_pct": 0,
                                            "drop_percentage": 0.0,
                                            "rx_pkts": 30514722,
                                            "rx_pps": 1017252.0,
                                            "time_ms": 1542366163993,
                                            "total_tx_pps": 1017157,
                                            "tx_pkts": 30514722,
                                            "tx_pps": 1017252
                                        },
                                        {
                                            "drop_pct": 0,
                                            "drop_percentage": 0.0,
                                            "ndr_pps": 544956,
                                            "rx_pkts": 32694550,
                                            "rx_pps": 1089912.0,
                                            "time_ms": 1542366196035,
                                            "total_tx_pps": 1089818,
                                            "tx_pkts": 32694550,
                                            "tx_pps": 1089912
                                        }
                                    ]
                                },
                                "ndr": {
                                    "duration_sec": 30.0,
                                    "initial_rate_type": "rate_percent",