{
    "benchmarks": {
        "network": {
            "service_chain": {
                "EXT": {
                    "result": {
                        "bidirectional": true,
                        "compute_nodes": {},
                        "flow_count": 1024,
                        "profile": "traffic_profile_64B",
                        "result": {
                            "64": {
                                "iteration_stats": {
                                    "ndr_pdr": [
                                        {
                                            "drop_pct": 1248613223,
                                            "drop_percentage": 99.47278112158982,
                                            "rx_pkts": 6617815,
                                            "rx_pps": 392275.9411557873,
                                            "time_ms": 1542622462853,
                                            "total_tx_pps": 41841034,
                                            "tx_pkts": 1255231038,
                                            "tx_pps": 74404760,
                                            "warning": "WARNING: There is a significant difference between requested TX rate (74404760) and actual TX rate (41841034). The traffic generator may not have sufficient CPU to achieve the requested TX rate."
                                        },
                                        {
                                            "drop_pct": 1109976258,
                                            "drop_percentage": 99.452740718654,
                                            "rx_pkts": 6107874,
                                            "rx_pps": 203593.47743160845,
                                            "time_ms": 1542622494893,
                                            "total_tx_pps": 37202804,
                                            "tx_pkts": 1116084132,
                                            "tx_pps": 37202380
                                        },
                                        {
                                            "drop_pct": 551315301,
                                            "drop_percentage": 98.79732124152196,
                                            "rx_pkts": 6711267,
                                            "rx_pps": 223712.56095414198,
                                            "time_ms": 1542622526942,
                                            "total_tx_pps": 18600885,
                                            "tx_pkts": 558026568,
                                            "tx_pps": 18601190
                                        },
                                        {
                                            "drop_pct": 272684838,
                                            "drop_percentage": 97.73254553439364,
                                            "rx_pkts": 6326454,
                                            "rx_pps": 210886.7339809175,
                                            "time_ms": 1542622558996,
                                            "total_tx_pps": 9300376,
                                            "tx_pkts": 279011292,
                                            "tx_pps": 9300594
                                        },
                                        {
                                            "drop_pct": 133105868,
                                            "drop_percentage": 95.41432723105206,
                                            "rx_pkts": 6397152,
                                            "rx_pps": 213247.35734747548,
                                            "time_ms": 1542622591043,
                                            "total_tx_pps": 4650100,
                                            "tx_pkts": 139503020,
                                            "tx_pps": 4650296
                                        },
                                        {
                                            "drop_pct": 63607016,
                                            "drop_percentage": 91.19442341660358,
                                            "rx_pkts": 6141784,
                                            "rx_pps": 204742.6878173101,
                                            "time_ms": 1542622623085,
                                            "total_tx_pps": 2324960,
                                            "tx_pkts": 69748800,
                                            "tx_pps": 2325148
                                        },
                                        {
                                            "drop_pct": 31257189,
                                            "drop_percentage": 89.63527207640571,
                                            "rx_pkts": 3614339,
                                            "rx_pps": 120497.63201044705,
                                            "time_ms": 1542622655134,
                                            "total_tx_pps": 1162384,
                                            "tx_pkts": 34871528,
                                            "tx_pps": 1162574
                                        },
                                        {
                                            "drop_pct": 14925781,
                                            "drop_percentage": 85.6184235011164,
                                            "rx_pkts": 2507127,
                                            "rx_pps": 83598.09076730054,
                                            "time_ms": 1542622687176,
                                            "total_tx_pps": 581096,
                                            "tx_pkts": 17432908,
                                            "tx_pps": 581286
                                        },
                                        {
                                            "drop_pct": 6671248,
                                            "drop_percentage": 76.5613294160852,
                                            "rx_pkts": 2042352,
                                            "rx_pps": 68122.62095850165,
                                            "time_ms": 1542622719224,
                                            "total_tx_pps": 290453,
                                            "tx_pkts": 8713600,
                                            "tx_pps": 290642
                                        },
                                        {
                                            "drop_pct": 2613487,
                                            "drop_percentage": 60.02573758413062,
                                            "rx_pkts": 1740457,
                                            "rx_pps": 58090.598142741386,
                                            "time_ms": 1542622751271,
                                            "total_tx_pps": 145131,
                                            "tx_pkts": 4353944,
                                            "tx_pps": 145320
                                        },
                                        {
                                            "drop_pct": 691829,
                                            "drop_percentage": 31.821104630839145,
                                            "ndr_pps": 0,
                                            "rx_pkts": 1482291,
                                            "rx_pps": 49538.78537523228,
                                            "time_ms": 1542622783323,
                                            "total_tx_pps": 72470,
                                            "tx_pkts": 2174120,
                                            "tx_pps": 72660
                                        }
                                    ]
                                },
                                "ndr": {
                                    "duration_sec": 0,