{
    "benchmarks": {
        "network": {
            "service_chain": {
                "EXT": {
                    "result": {
                        "bidirectional": true,
                        "compute_nodes": {},
                        "flow_count": 1024,
                        "profile": "traffic_profile_64B",
                        "result": {
                            "64": {
                                "iteration_stats": {
                                    "ndr_pdr": [
                                        {
                                            "drop_pct": 1215251826,
                                            "drop_percentage": 96.9629389302389,
                                            "rx_pkts": 38063966,
                                            "rx_pps": 2259718.0000091745,
                                            "time_ms": 1542621584002,
                                            "total_tx_pps": 41777193,
                                            "tx_pkts": 1253315792,
                                            "tx_pps": 74404760,
                                            "warning": "WARNING: There is a significant difference between requested TX rate (74404760) and actual TX rate (41777193). The traffic generator may not have sufficient CPU to achieve the requested TX rate."
                                        },
                                        {
                                            "drop_pct": 1077325180,
                                            "drop_percentage": 96.52723742872817,
                                            "rx_pkts": 38758952,
                                            "rx_pps": 1291950.3282623168,
                                            "time_ms": 1542621616040,
                                            "total_tx_pps": 37202804,
                                            "tx_pkts": 1116084132,
                                            "tx_pps": 37202380
                                        },
                                        {
                                            "drop_pct": 519875782,
                                            "drop_percentage": 93.16326709376318,
                                            "rx_pkts": 38150786,
                                            "rx_pps": 1271713.6776816326,
                                            "time_ms": 1542621648088,
                                            "total_tx_pps": 18600885,
                                            "tx_pkts": 558026568,
                                            "tx_pps": 18601190
                                        },
                                        {
                                            "drop_pct": 240945858,
                                            "drop_percentage": 86.35702744245921,
                                            "rx_pkts": 38065434,
                                            "rx_pps": 1268877.487108285,
                                            "time_ms": 1542621680136,
                                            "total_tx_pps": 9300376,
                                            "tx_pkts": 279011292,
                                            "tx_pps": 9300594
                                        },
                                        {
                                            "drop_pct": 104554761,
                                            "drop_percentage": 74.94802693160335,
                                            "rx_pkts": 34948259,
                                            "rx_pps": 1164990.9015207267,
                                            "time_ms": 1542621712186,
                                            "total_tx_pps": 4650100,
                                            "tx_pkts": 139503020,
                                            "tx_pps": 4650296
                                        },
                                        {
                                            "drop_pct": 50879509,
                                            "drop_percentage": 72.94678761498406,
                                            "rx_pkts": 18869291,
                                            "rx_pps": 629027.2267059505,
                                            "time_ms": 1542621744236,
                                            "total_tx_pps": 2324960,
                                            "tx_pkts": 69748800,
                                            "tx_pps": 2325148
                                        },
                                        {
                                            "drop_pct": 24716698,
                                            "drop_percentage": 70.87930875870997,
                                            "rx_pkts": 10154830,
                                            "rx_pps": 338549.5849915152,
                                            "time_ms": 1542621776284,
                                            "total_tx_pps": 1162384,
                                            "tx_pkts": 34871528,
                                            "tx_pps": 1162574
                                        },
                                        {
                                            "drop_pct": 11513643,
                                            "drop_percentage": 66.04545265769772,
                                            "rx_pkts": 5919265,
                                            "rx_pps": 197373.0300641752,
                                            "time_ms": 1542621808328,
                                            "total_tx_pps": 581096,
                                            "tx_pkts": 17432908,
                                            "tx_pps": 581286
                                        },
                                        {
                                            "drop_pct": 4929524,
                                            "drop_percentage": 56.572759823723835,
                                            "rx_pkts": 3784076,
                                            "rx_pps": 126217.79939313258,
                                            "time_ms": 1542621840379,
                                            "total_tx_pps": 290453,
                                            "tx_pkts": 8713600,
                                            "tx_pps": 290642
                                        },
                                        {
                                            "drop_pct": 1764582,
                                            "drop_percentage": 40.52835773726075,
                                            "rx_pkts": 2589362,
                                            "rx_pps": 86424.19053621269,
                                            "time_ms": 1542621872421,
                                            "total_tx_pps": 145131,
                                            "tx_pkts": 4353944,
                                            "tx_pps": 145320
                                        },
                                        {
                                            "drop_pct": 331807,
                                            "drop_percentage": 15.261669089102718,
                                            "ndr_pps": 0,
                                            "rx_pkts": 1842313,
                                            "rx_pps": 61570.87123985796,
                                            "time_ms": 1542621904466,
                                            "total_tx_pps": 72470,
                                            "tx_pkts": 2174120,
                                            "tx_pps": 72660
                                        }
                                    ]
                                },
                                "ndr": {
                                    "duration_sec": 0,