{
    "benchmarks": {
        "network": {
            "service_chain": {
                "EXT": {
                    "result": {
                        "bidirectional": true,
                        "compute_nodes": {},
                        "flow_count": 1024,
                        "profile": "traffic_profile_64B",
                        "result": {
                            "64": {
                                "iteration_stats": {
                                    "ndr_pdr": [
                                        {
                                            "drop_pct": 1238427288,
                                            "drop_percentage": 98.92809789639834,
                                            "rx_pkts": 13418562,
                                            "rx_pps": 797546.1876197654,
                                            "time_ms": 1542624024392,
                                            "total_tx_pps": 41728195,
                                            "tx_pkts": 1251845850,
                                            "tx_pps": 74404760,
                                            "warning": "WARNING: There is a significant difference between requested TX rate (74404760) and actual TX rate (41728195). The traffic generator may not have sufficient CPU to achieve the requested TX rate."
                                        },
                                        {
                                            "drop_pct": 1103435926,
                                            "drop_percentage": 98.86673364154593,
                                            "rx_pkts": 12648206,
                                            "rx_pps": 421602.0570842435,
                                            "time_ms": 1542624056441,
                                            "total_tx_pps": 37202804,
                                            "tx_pkts": 1116084132,
                                            "tx_pps": 37202380
                                        },
                                        {
                                            "drop_pct": 544486325,
                                            "drop_percentage": 97.57354868451353,
                                            "rx_pkts": 13540243,
                                            "rx_pps": 451348.81945113855,
                                            "time_ms": 1542624088489,
                                            "total_tx_pps": 18600885,
                                            "tx_pkts": 558026568,
                                            "tx_pps": 18601190
                                        },
                                        {
                                            "drop_pct": 266765912,
                                            "drop_percentage": 95.6111525407366,
                                            "rx_pkts": 12245380,
                                            "rx_pps": 408188.88346540445,
                                            "time_ms": 1542624120539,
                                            "total_tx_pps": 9300376,
                                            "tx_pkts": 279011292,
                                            "tx_pps": 9300594
                                        },
                                        {
                                            "drop_pct": 127186721,
                                            "drop_percentage": 91.17130295817252,
                                            "rx_pkts": 12316299,
                                            "rx_pps": 410560.54538822174,
                                            "time_ms": 1542624152582,
                                            "total_tx_pps": 4650100,
                                            "tx_pkts": 139503020,
                                            "tx_pps": 4650296
                                        },
                                        {
                                            "drop_pct": 58430062,
                                            "drop_percentage": 83.77213944899411,
                                            "rx_pkts": 11318738,
                                            "rx_pps": 377321.7750445024,
                                            "time_ms": 1542624184626,
                                            "total_tx_pps": 2324960,
                                            "tx_pkts": 69748800,
                                            "tx_pps": 2325148
                                        },
                                        {
                                            "drop_pct": 26539540,
                                            "drop_percentage": 76.10661626298682,
                                            "rx_pkts": 8331988,
                                            "rx_pps": 277778.26704674365,
                                            "time_ms": 1542624216670,
                                            "total_tx_pps": 1162384,
                                            "tx_pkts": 34871528,
                                            "tx_pps": 1162574
                                        },
                                        {
                                            "drop_pct": 10380866,
                                            "drop_percentage": 59.547529304921476,
                                            "rx_pkts": 7052042,
                                            "rx_pps": 235144.54880459417,
                                            "time_ms": 1542624248715,
                                            "total_tx_pps": 581096,
                                            "tx_pkts": 17432908,
                                            "tx_pps": 581286
                                        },
                                        {
                                            "drop_pct": 2623376,
                                            "drop_percentage": 30.10668380462725,
                                            "rx_pkts": 6090224,
                                            "rx_pps": 203139.33205655526,
                                            "time_ms": 1542624280765,
                                            "total_tx_pps": 290453,
                                            "tx_pkts": 8713600,
                                            "tx_pps": 290642
                                        },
                                        {
                                            "drop_pct": 39799,
                                            "drop_percentage": 0.9140907646033114,
                                            "rx_pkts": 4314145,
                                            "rx_pps": 143991.64330087847,
                                            "time_ms": 1542624312815,
                                            "total_tx_pps": 145131,
                                            "tx_pkts": 4353944,
                                            "tx_pps": 145320
                                        },
                                        {
                                            "drop_pct": 0,
                                            "drop_percentage": 0.0,
                                            "ndr_pps": 36330,
                                            "rx_pkts": 2174120,
                                            "rx_pps": 72660.0,
                                            "time_ms": 1542624344864,
                                            "total_tx_pps": 72470,
                                            "tx_pkts": 2174120,
                                            "tx_pps": 72660
                                        }
                                    ]
                                },
                                "ndr": {
                                    "duration_sec": 30.0,