{
    "benchmarks": {
        "network": {
            "service_chain": {
                "EXT": {
                    "result": {
                        "bidirectional": true,
                        "compute_nodes": {},
                        "flow_count": 1000,
                        "profile": "traffic_profile_64B",
                        "result": {
                            "64": {
                                "iteration_stats": {
                                    "ndr_pdr": [
                                        {
                                            "drop_pct": 1217653558,
                                            "drop_percentage": 99.3908638137785,
                                            "rx_pkts": 7462626,
                                            "rx_pps": 432625.1245069494,
                                            "time_ms": 1541772772874,
                                            "total_tx_pps": 40837206,
                                            "tx_pkts": 1225116184,
                                            "tx_pps": 71022726,
                                            "warning": "WARNING: There is a significant difference between requested TX rate (71022726) and actual TX rate (40837206). The traffic generator may not have sufficient CPU to achieve the requested TX rate."
                                        },
                                        {
                                            "drop_pct": 1057086601,
                                            "drop_percentage": 99.22339219722659,
                                            "rx_pkts": 8273671,
                                            "rx_pps": 275784.00816311256,
                                            "time_ms": 1541772804912,
                                            "total_tx_pps": 35512009,
                                            "tx_pkts": 1065360272,
                                            "tx_pps": 35511362
                                        },
                                        {
                                            "drop_pct": 524944048,
                                            "drop_percentage": 98.54942833174154,
                                            "rx_pkts": 7726772,
                                            "rx_pps": 257558.86358663405,
                                            "time_ms": 1541772836952,
                                            "total_tx_pps": 17755694,
                                            "tx_pkts": 532670820,
                                            "tx_pps": 17755680
                                        },
                                        {
                                            "drop_pct": 258073345,
                                            "drop_percentage": 96.89768366511933,
                                            "rx_pkts": 8262583,
                                            "rx_pps": 275418.68050457,
                                            "time_ms": 1541772868997,
                                            "total_tx_pps": 8877864,
                                            "tx_pkts": 266335928,
                                            "tx_pps": 8877840
                                        },
                                        {
                                            "drop_pct": 126419578,
                                            "drop_percentage": 94.93248664666714,
                                            "rx_pkts": 6748300,
                                            "rx_pps": 224942.86374376283,
                                            "time_ms": 1541772901033,
                                            "total_tx_pps": 4438929,
                                            "tx_pkts": 133167878,
                                            "tx_pps": 4438920
                                        },
                                        {
                                            "drop_pct": 59671459,
                                            "drop_percentage": 89.61848480008838,
                                            "rx_pkts": 6912415,
                                            "rx_pps": 230413.5772559584,
                                            "time_ms": 1541772933076,
                                            "total_tx_pps": 2219462,
                                            "tx_pkts": 66583874,
                                            "tx_pps": 2219460
                                        },
                                        {
                                            "drop_pct": 27965188,
                                            "drop_percentage": 83.99994569251535,
                                            "rx_pkts": 5326724,
                                            "rx_pps": 177557.40266644937,
                                            "time_ms": 1541772965114,
                                            "total_tx_pps": 1109730,
                                            "tx_pkts": 33291912,
                                            "tx_pps": 1109730
                                        },
                                        {
                                            "drop_pct": 12551755,
                                            "drop_percentage": 75.4042393725226,
                                            "rx_pkts": 4094199,
                                            "rx_pps": 136473.02124804622,
                                            "time_ms": 1541772997153,
                                            "total_tx_pps": 554865,
                                            "tx_pkts": 16645954,
                                            "tx_pps": 554864
                                        },
                                        {
                                            "drop_pct": 4726741,
                                            "drop_percentage": 56.7914633440098,
                                            "rx_pkts": 3596237,
                                            "rx_pps": 119874.30741544673,
                                            "time_ms": 1541773029205,
                                            "total_tx_pps": 277432,
                                            "tx_pkts": 8322978,
                                            "tx_pps": 277432
                                        },
                                        {
                                            "drop_pct": 1110130,
                                            "drop_percentage": 26.676262588640128,
                                            "rx_pkts": 3051360,
                                            "rx_pps": 101711.75558754196,
                                            "time_ms": 1541773061250,
                                            "total_tx_pps": 138716,
                                            "tx_pkts": 4161490,
                                            "tx_pps": 138716
                                        },
                                        {
                                            "drop_pct": 20686,
                                            "drop_percentage": 0.9941636260875918,
                                            "ndr_pps": 0,
                                            "rx_pkts": 2060058,
                                            "rx_pps": 68668.46799221817,
                                            "time_ms": 1541773093299,
                                            "total_tx_pps": 69358,
                                            "tx_pkts": 2080744,
                                            "tx_pps": 69358
                                        }
                                    ]
                                },
                                "ndr": {
                                    "actual_l2frame_size": "68",