{
    "benchmarks": {
        "network": {
            "service_chain": {
                "EXT": {
                    "result": {
                        "bidirectional": true,
                        "compute_nodes": {},
                        "flow_count": 1024,
                        "profile": "traffic_profile_64B",
                        "result": {
                            "64": {
                                "iteration_stats": {
                                    "ndr_pdr": [
                                        {
                                            "drop_pct": 596954997,
                                            "drop_percentage": 78.61012999172797,
                                            "rx_pkts": 162431862,
                                            "rx_pps": 6366032.577586713,
                                            "time_ms": 1558539921939,
                                            "total_tx_pps": 25312895,
                                            "tx_pkts": 759386859,
                                            "tx_pps": 29761904,
                                            "warning": "WARNING: There is a significant difference between requested TX rate (29761904) and actual TX rate (25312895). The traffic generator may not have sufficient CPU to achieve the requested TX rate."
                                        },
                                        {
                                            "drop_pct": 284339715,
                                            "drop_percentage": 63.69209522245236,
                                            "rx_pkts": 162088863,
                                            "rx_pps": 5402961.882152571,
                                            "time_ms": 1558539953991,
                                            "total_tx_pps": 14880952,
                                            "tx_pkts": 446428578,
                                            "tx_pps": 14880952
                                        },
                                        {
                                            "drop_pct": 61381482,
                                            "drop_percentage": 27.49890316163089,
                                            "rx_pkts": 161832810,
                                            "rx_pps": 5394426.709995612,
                                            "time_ms": 1558539986035,
                                            "total_tx_pps": 7440476,
                                            "tx_pkts": 223214292,
                                            "tx_pps": 7440476
                                        },
                                        {
                                            "drop_pct": 0,
                                            "drop_percentage": 0.0,
                                            "rx_pkts": 111607152,
                                            "rx_pps": 3720238.0,
                                            "time_ms": 1558540018079,
                                            "total_tx_pps": 3720238,
                                            "tx_pkts": 111607152,
                                            "tx_pps": 3720238
                                        },
                                        {
                                            "drop_pct": 6937085,
                                            "drop_percentage": 4.143751915722579,
                                            "rx_pkts": 160473637,
                                            "rx_pps": 5349119.89134586,
                                            "time_ms": 1558540050127,
                                            "total_tx_pps": 5580357,
                                            "tx_pkts": 167410722,
                                            "tx_pps": 5580356
                                        },
                                        {
                                            "drop_pct": 0,
                                            "drop_percentage": 0.0,
                                            "rx_pkts": 139508934,
                                            "rx_pps": 4650296.0,
                                            "time_ms": 1558540082172,
                                            "total_tx_pps": 4650297,
                                            "tx_pkts": 139508934,
                                            "tx_pps": 4650296
                                        },
                                        {
                                            "drop_pct": 0,
                                            "drop_percentage": 0.0,
                                            "rx_pkts": 153459834,
                                            "rx_pps": 5115326.0,
                                            "time_ms": 1558540114212,
                                            "total_tx_pps": 5115327,
                                            "tx_pkts": 153459834,
                                            "tx_pps": 5115326
                                        },
                                        {
                                            "drop_pct": 1089991,
                                            "drop_percentage": 0.679396086439293,
                                            "rx_pkts": 159345287,
                                            "rx_pps": 5311508.970743042,
                                            "time_ms": 1558540146268,
                                            "total_tx_pps": 5347842,
                                            "tx_pkts": 160435278,
                                            "tx_pps": 5347842
                                        },
                                        {
                                            "drop_pct": 0,
                                            "drop_percentage": 0.0,
                                            "rx_pkts": 156947556,
                                            "rx_pps": 5231584.0,
                                            "time_ms": 1558540178314,
                                            "total_tx_pps": 5231585,
                                            "tx_pkts": 156947556,
                                            "tx_pps": 5231584
                                        },
                                        {
                                            "drop_pct": 0,
                                            "drop_percentage": 0.0,
                                            "rx_pkts": 158691414,
                                            "rx_pps": 5289712.0,
                                            "time_ms": 1558540210357,
                                            "total_tx_pps": 5289713,
                                            "tx_pkts": 158691414,
                                            "tx_pps": 5289712
                                        },
                                        {
                                            "drop_pct": 0,
                                            "drop_percentage": 0.0,
                                            "ndr_pps": 2659388,
                                            "pdr_pps": 2659388,
                                            "rx_pkts": 159563346,
                                            "rx_pps": 5318776.0,
                                            "time_ms": 1558540242404,
                                            "total_tx_pps": 5318778,
                                            "tx_pkts": 159563346,
                                            "tx_pps": 5318776
                                        }
                                    ]
                                },
                                "ndr": {
                                    "duration_sec": 30.0,
                                    "initial_rate_type": "rate_percent",