{
    "benchmarks": {
        "network": {
            "service_chain": {
                "EXT": {
                    "result": {
                        "bidirectional": true,
                        "compute_nodes": {},
                        "flow_count": 1024,
                        "profile": "traffic_profile_64B",
                        "result": {
                            "64": {
                                "iteration_stats": {
                                    "ndr_pdr": [
                                        {
                                            "drop_pct": 1249242430,
                                            "drop_percentage": 99.5001268121568,
                                            "rx_pkts": 6276000,
                                            "rx_pps": 371929.4457190872,
                                            "time_ms": 1542629869624,
                                            "total_tx_pps": 41850614,
                                            "tx_pkts": 1255518430,
                                            "tx_pps": 74404760,
                                            "warning": "WARNING: There is a significant difference between requested TX rate (74404760) and actual TX rate (41850614). The traffic generator may not have sufficient CPU to achieve the requested TX rate."
                                        },
                                        {
                                            "drop_pct": 1109620824,
                                            "drop_percentage": 99.42473761546113,
                                            "rx_pkts": 6420164,
                                            "rx_pps": 214011.29829321319,
                                            "time_ms": 1542629901675,
                                            "total_tx_pps": 37201366,
                                            "tx_pkts": 1116040988,
                                            "tx_pps": 37202380
                                        },
                                        {
                                            "drop_pct": 552541677,
                                            "drop_percentage": 99.01517793024006,
                                            "rx_pkts": 5495675,
                                            "rx_pps": 183188.62435797957,
                                            "time_ms": 1542629933724,
                                            "total_tx_pps": 18601245,
                                            "tx_pkts": 558037352,
                                            "tx_pps": 18601190
                                        },
                                        {
                                            "drop_pct": 273346038,
                                            "drop_percentage": 97.9685785502625,
                                            "rx_pkts": 5667950,
                                            "rx_pps": 188934.26146899833,
                                            "time_ms": 1542629965770,
                                            "total_tx_pps": 9300466,
                                            "tx_pkts": 279013988,
                                            "tx_pps": 9300594
                                        },
                                        {
                                            "drop_pct": 133510972,
                                            "drop_percentage": 95.70425706009271,
                                            "rx_pkts": 5992720,
                                            "rx_pps": 199764.7621047909,
                                            "time_ms": 1542629997813,
                                            "total_tx_pps": 4650123,
                                            "tx_pkts": 139503692,
                                            "tx_pps": 4650296
                                        },
                                        {
                                            "drop_pct": 63977561,
                                            "drop_percentage": 91.72590080333045,
                                            "rx_pkts": 5771071,
                                            "rx_pps": 192385.05198937817,
                                            "time_ms": 1542630029857,
                                            "total_tx_pps": 2324954,
                                            "tx_pkts": 69748632,
                                            "tx_pps": 2325148
                                        },
                                        {
                                            "drop_pct": 29588330,
                                            "drop_percentage": 84.84953684851435,
                                            "rx_pkts": 5283198,
                                            "rx_pps": 176135.3454787528,
                                            "time_ms": 1542630061898,
                                            "total_tx_pps": 1162384,
                                            "tx_pkts": 34871528,
                                            "tx_pps": 1162574
                                        },
                                        {
                                            "drop_pct": 12214706,
                                            "drop_percentage": 70.06691250046751,
                                            "rx_pkts": 5218210,
                                            "rx_pps": 173996.84700253245,
                                            "time_ms": 1542630093945,
                                            "total_tx_pps": 581097,
                                            "tx_pkts": 17432916,
                                            "tx_pps": 581286
                                        },
                                        {
                                            "drop_pct": 3745683,
                                            "drop_percentage": 42.98664982861266,
                                            "rx_pkts": 4967913,
                                            "rx_pps": 165704.7412051236,
                                            "time_ms": 1542630125984,
                                            "total_tx_pps": 290453,
                                            "tx_pkts": 8713596,
                                            "tx_pps": 290642
                                        },
                                        {
                                            "drop_pct": 165362,
                                            "drop_percentage": 3.797981783872278,
                                            "rx_pkts": 4188582,
                                            "rx_pps": 139800.7728716768,
                                            "time_ms": 1542630158034,
                                            "total_tx_pps": 145131,
                                            "tx_pkts": 4353944,
                                            "tx_pps": 145320
                                        },
                                        {
                                            "drop_pct": 762,
                                            "drop_percentage": 0.035048663367247435,
                                            "ndr_pps": 0,
                                            "rx_pkts": 2173358,
                                            "rx_pps": 72634.53364119735,
                                            "time_ms": 1542630190076,
                                            "total_tx_pps": 72470,
                                            "tx_pkts": 2174120,
                                            "tx_pps": 72660
                                        }
                                    ]
                                },
                                "ndr": {
                                    "duration_sec": 0,