{
    "benchmarks": {
        "network": {
            "service_chain": {
                "EXT": {
                    "result": {
                        "bidirectional": true,
                        "compute_nodes": {},
                        "flow_count": 1000,
                        "profile": "traffic_profile_64B",
                        "result": {
                            "64": {
                                "iteration_stats": {
                                    "ndr_pdr": [
                                        {
                                            "drop_pct": 1238743336,
                                            "drop_percentage": 99.56764926041339,
                                            "rx_pkts": 5378972,
                                            "rx_pps": 307067.28113557165,
                                            "time_ms": 1541766815850,
                                            "total_tx_pps": 41470743,
                                            "tx_pkts": 1244122308,
                                            "tx_pps": 71022726,
                                            "warning": "WARNING: There is a significant difference between requested TX rate (71022726) and actual TX rate (41470743). The traffic generator may not have sufficient CPU to achieve the requested TX rate."
                                        },
                                        {
                                            "drop_pct": 1060046644,
                                            "drop_percentage": 99.5029767164644,
                                            "rx_pkts": 5294996,
                                            "rx_pps": 176499.7374406123,
                                            "time_ms": 1541766847889,
                                            "total_tx_pps": 35511388,
                                            "tx_pkts": 1065341640,
                                            "tx_pps": 35511362
                                        },
                                        {
                                            "drop_pct": 526341347,
                                            "drop_percentage": 98.81155557052746,
                                            "rx_pkts": 6330509,
                                            "rx_pps": 211016.38987496987,
                                            "time_ms": 1541766879927,
                                            "total_tx_pps": 17755728,
                                            "tx_pkts": 532671856,
                                            "tx_pps": 17755680
                                        },
                                        {
                                            "drop_pct": 260698492,
                                            "drop_percentage": 97.88339947866406,
                                            "rx_pkts": 5637264,
                                            "rx_pps": 187908.4077233706,
                                            "time_ms": 1541766911969,
                                            "total_tx_pps": 8877858,
                                            "tx_pkts": 266335756,
                                            "tx_pps": 8877840
                                        },
                                        {
                                            "drop_pct": 127629610,
                                            "drop_percentage": 95.84123176731951,
                                            "rx_pkts": 5538138,
                                            "rx_pps": 184604.39483410065,
                                            "time_ms": 1541766944007,
                                            "total_tx_pps": 4438924,
                                            "tx_pkts": 133167748,
                                            "tx_pps": 4438920
                                        },
                                        {
                                            "drop_pct": 61030353,
                                            "drop_percentage": 91.65942917306762,
                                            "rx_pkts": 5553471,
                                            "rx_pps": 185115.63327543336,
                                            "time_ms": 1541766976049,
                                            "total_tx_pps": 2219460,
                                            "tx_pkts": 66583824,
                                            "tx_pps": 2219460
                                        },
                                        {
                                            "drop_pct": 28200381,
                                            "drop_percentage": 84.70641274149862,
                                            "rx_pkts": 5091527,
                                            "rx_pps": 169717.52588376732,
                                            "time_ms": 1541767008098,
                                            "total_tx_pps": 1109730,
                                            "tx_pkts": 33291908,
                                            "tx_pps": 1109730
                                        },
                                        {
                                            "drop_pct": 11660691,
                                            "drop_percentage": 70.05119441622938,
                                            "rx_pkts": 4985265,
                                            "rx_pps": 166175.140614333,
                                            "time_ms": 1541767040138,
                                            "total_tx_pps": 554865,
                                            "tx_pkts": 16645956,
                                            "tx_pps": 554864
                                        },
                                        {
                                            "drop_pct": 3633489,
                                            "drop_percentage": 43.65610634652492,
                                            "rx_pkts": 4689491,
                                            "rx_pps": 156315.991040709,
                                            "time_ms": 1541767072182,
                                            "total_tx_pps": 277432,
                                            "tx_pkts": 8322980,
                                            "tx_pps": 277432
                                        },
                                        {
                                            "drop_pct": 245039,
                                            "drop_percentage": 5.888254393620743,
                                            "rx_pkts": 3916449,
                                            "rx_pps": 130548.04903534506,
                                            "time_ms": 1541767104228,
                                            "total_tx_pps": 138716,
                                            "tx_pkts": 4161488,
                                            "tx_pps": 138716
                                        },
                                        {
                                            "drop_pct": 1175,
                                            "drop_percentage": 0.05647018566435852,
                                            "ndr_pps": 0,
                                            "rx_pkts": 2079569,
                                            "rx_pps": 69318.83340862692,
                                            "time_ms": 1541767136267,
                                            "total_tx_pps": 69358,
                                            "tx_pkts": 2080744,
                                            "tx_pps": 69358
                                        }
                                    ]
                                },
                                "ndr": {
                                    "actual_l2frame_size": "68",