{
    "benchmarks": {
        "network": {
            "service_chain": {
                "EXT": {
                    "result": {
                        "bidirectional": true,
                        "compute_nodes": {},
                        "flow_count": 1000,
                        "profile": "traffic_profile_64B",
                        "result": {
                            "64": {
                                "iteration_stats": {
                                    "ndr_pdr": [
                                        {
                                            "drop_pct": 1167184900,
                                            "drop_percentage": 93.3756614394588,
                                            "rx_pkts": 82803461,
                                            "rx_pps": 4704785.825165524,
                                            "time_ms": 1541761472926,
                                            "total_tx_pps": 41666278,
                                            "tx_pkts": 1249988361,
                                            "tx_pps": 71022726,
                                            "warning": "WARNING: There is a significant difference between requested TX rate (71022726) and actual TX rate (41666278). The traffic generator may not have sufficient CPU to achieve the requested TX rate."
                                        },
                                        {
                                            "drop_pct": 982558249,
                                            "drop_percentage": 92.22940436271692,
                                            "rx_pkts": 82783391,
                                            "rx_pps": 2759444.3463118016,
                                            "time_ms": 1541761504977,
                                            "total_tx_pps": 35511388,
                                            "tx_pkts": 1065341640,
                                            "tx_pps": 35511362
                                        },
                                        {
                                            "drop_pct": 449602149,
                                            "drop_percentage": 84.40508803603846,
                                            "rx_pkts": 83069707,
                                            "rx_pps": 2768982.6646027253,
                                            "time_ms": 1541761537025,
                                            "total_tx_pps": 17755728,
                                            "tx_pkts": 532671856,
                                            "tx_pps": 17755680
                                        },
                                        {
                                            "drop_pct": 183477073,
                                            "drop_percentage": 68.88938825022052,
                                            "rx_pkts": 82858683,
                                            "rx_pps": 2761950.3341666227,
                                            "time_ms": 1541761569074,
                                            "total_tx_pps": 8877858,
                                            "tx_pkts": 266335756,
                                            "tx_pps": 8877840
                                        },
                                        {
                                            "drop_pct": 61786486,
                                            "drop_percentage": 46.397485072736984,
                                            "rx_pkts": 71381262,
                                            "rx_pps": 2379372.7556092637,
                                            "time_ms": 1541761601118,
                                            "total_tx_pps": 4438924,
                                            "tx_pkts": 133167748,
                                            "tx_pps": 4438920
                                        },
                                        {
                                            "drop_pct": 28375055,
                                            "drop_percentage": 42.615538272478915,
                                            "rx_pkts": 38208769,
                                            "rx_pps": 1273625.1742576396,
                                            "time_ms": 1541761633166,
                                            "total_tx_pps": 2219460,
                                            "tx_pkts": 66583824,
                                            "tx_pps": 2219460
                                        },
                                        {
                                            "drop_pct": 11699666,
                                            "drop_percentage": 35.142671906939064,
                                            "rx_pkts": 21592242,
                                            "rx_pps": 719741.2270471252,
                                            "time_ms": 1541761665214,
                                            "total_tx_pps": 1109730,
                                            "tx_pkts": 33291908,
                                            "tx_pps": 1109730
                                        },
                                        {
                                            "drop_pct": 3282461,
                                            "drop_percentage": 19.71926995361516,
                                            "rx_pkts": 13363495,
                                            "rx_pps": 445448.8699645727,
                                            "time_ms": 1541761697262,
                                            "total_tx_pps": 554865,
                                            "tx_pkts": 16645956,
                                            "tx_pps": 554864
                                        },
                                        {
                                            "drop_pct": 21742,
                                            "drop_percentage": 0.26122855035095605,
                                            "rx_pkts": 8301238,
                                            "rx_pps": 276707.26840819034,
                                            "time_ms": 1541761729311,
                                            "total_tx_pps": 277432,
                                            "tx_pkts": 8322980,
                                            "tx_pps": 277432
                                        },
                                        {
                                            "drop_pct": 459,
                                            "drop_percentage": 0.011029708604230025,
                                            "rx_pkts": 4161029,
                                            "rx_pps": 138700.70002941258,
                                            "time_ms": 1541761761359,
                                            "total_tx_pps": 138716,
                                            "tx_pkts": 4161488,
                                            "tx_pps": 138716
                                        },
                                        {
                                            "drop_pct": 0,
                                            "drop_percentage": 0.0,
                                            "ndr_pps": 34679,
                                            "rx_pkts": 2080744,
                                            "rx_pps": 69358.0,
                                            "time_ms": 1541761793404,
                                            "total_tx_pps": 69358,
                                            "tx_pkts": 2080744,
                                            "tx_pps": 69358
                                        }
                                    ]
                                },
                                "ndr": {
                                    "actual_l2frame_size": "68",