{
    "benchmarks": {
        "network": {
            "service_chain": {
                "EXT": {
                    "result": {
                        "bidirectional": true,
                        "compute_nodes": {},
                        "flow_count": 1000,
                        "profile": "traffic_profile_64B",
                        "result": {
                            "64": {
                                "iteration_stats": {
                                    "ndr_pdr": [
                                        {
                                            "drop_pct": 1080962700,
                                            "drop_percentage": 88.17083357807498,
                                            "rx_pkts": 145024008,
                                            "rx_pps": 8401396.455927813,
                                            "time_ms": 1541760873696,
                                            "total_tx_pps": 40866223,
                                            "tx_pkts": 1225986708,
                                            "tx_pps": 71022726,
                                            "warning": "WARNING: There is a significant difference between requested TX rate (71022726) and actual TX rate (40866223). The traffic generator may not have sufficient CPU to achieve the requested TX rate."
                                        },
                                        {
                                            "drop_pct": 920376298,
                                            "drop_percentage": 86.39108498688226,
                                            "rx_pkts": 144983974,
                                            "rx_pps": 4832711.074580587,
                                            "time_ms": 1541760905745,
                                            "total_tx_pps": 35512009,
                                            "tx_pkts": 1065360272,
                                            "tx_pps": 35511362
                                        },
                                        {
                                            "drop_pct": 388017412,
                                            "drop_percentage": 72.84375216949185,
                                            "rx_pkts": 144653408,
                                            "rx_pps": 4821776.464791969,
                                            "time_ms": 1541760937783,
                                            "total_tx_pps": 17755694,
                                            "tx_pkts": 532670820,
                                            "tx_pps": 17755680
                                        },
                                        {
                                            "drop_pct": 118902040,
                                            "drop_percentage": 44.64363516138161,
                                            "rx_pkts": 147433888,
                                            "rx_pps": 4914449.500188799,
                                            "time_ms": 1541760969820,
                                            "total_tx_pps": 8877864,
                                            "tx_pkts": 266335928,
                                            "tx_pps": 8877840
                                        },
                                        {
                                            "drop_pct": 14465,
                                            "drop_percentage": 0.010862229103027383,
                                            "rx_pkts": 133153413,
                                            "rx_pps": 4438437.8343399,
                                            "time_ms": 1541761001855,
                                            "total_tx_pps": 4438929,
                                            "tx_pkts": 133167878,
                                            "tx_pps": 4438920
                                        },
                                        {
                                            "drop_pct": 0,
                                            "drop_percentage": 0.0,
                                            "rx_pkts": 66583874,
                                            "rx_pps": 2219460.0,
                                            "time_ms": 1541761033894,
                                            "total_tx_pps": 2219462,
                                            "tx_pkts": 66583874,
                                            "tx_pps": 2219460
                                        },
                                        {
                                            "drop_pct": 0,
                                            "drop_percentage": 0.0,
                                            "rx_pkts": 99875602,
                                            "rx_pps": 3329190.0,
                                            "time_ms": 1541761065933,
                                            "total_tx_pps": 3329186,
                                            "tx_pkts": 99875602,
                                            "tx_pps": 3329190
                                        },
                                        {
                                            "drop_pct": 0,
                                            "drop_percentage": 0.0,
                                            "rx_pkts": 116521470,
                                            "rx_pps": 3884054.0,
                                            "time_ms": 1541761097964,
                                            "total_tx_pps": 3884049,
                                            "tx_pkts": 116521470,
                                            "tx_pps": 3884054
                                        },
                                        {
                                            "drop_pct": 0,
                                            "drop_percentage": 0.0,
                                            "rx_pkts": 124844606,
                                            "rx_pps": 4161486.0,
                                            "time_ms": 1541761129996,
                                            "total_tx_pps": 4161486,
                                            "tx_pkts": 124844606,
                                            "tx_pps": 4161486
                                        },
                                        {
                                            "drop_pct": 22,
                                            "drop_percentage": 1.7053429930781833e-05,
                                            "rx_pkts": 129006284,
                                            "rx_pps": 4300203.266667725,
                                            "time_ms": 1541761162031,
                                            "total_tx_pps": 4300210,
                                            "tx_pkts": 129006306,
                                            "tx_pps": 4300204
                                        },
                                        {
                                            "drop_pct": 402,
                                            "drop_percentage": 0.0003066671404495987,
                                            "ndr_pps": 2184781,
                                            "rx_pkts": 131086352,
                                            "rx_pps": 4369548.599989165,
                                            "time_ms": 1541761194062,
                                            "total_tx_pps": 4369558,
                                            "tx_pkts": 131086754,
                                            "tx_pps": 4369562
                                        }
                                    ]
                                },
                                "ndr": {
                                    "actual_l2frame_size": "68",
                                    "duration_sec": 30.0,