{
    "benchmarks": {
        "network": {
            "service_chain": {
                "EXT": {
                    "result": {
                        "bidirectional": true,
                        "compute_nodes": {},
                        "flow_count": 1024,
                        "profile": "traffic_profile_64B",
                        "result": {
                            "64": {
                                "iteration_stats": {
                                    "ndr_pdr": [
                                        {
                                            "drop_pct": 1079653548,
                                            "drop_percentage": 87.36490897894637,
                                            "rx_pkts": 156144166,
                                            "rx_pps": 9401109.1499965,
                                            "time_ms": 1542366322944,
                                            "total_tx_pps": 41193257,
                                            "tx_pkts": 1235797714,
                                            "tx_pps": 74404760,
                                            "warning": "WARNING: There is a significant difference between requested TX rate (74404760) and actual TX rate (41193257). The traffic generator may not have sufficient CPU to achieve the requested TX rate."
                                        },
                                        {
                                            "drop_pct": 961931067,
                                            "drop_percentage": 86.1892398788939,
                                            "rx_pkts": 154137561,
                                            "rx_pps": 5137931.461142352,
                                            "time_ms": 1542366354982,
                                            "total_tx_pps": 37202287,
                                            "tx_pkts": 1116068628,
                                            "tx_pps": 37202380
                                        },
                                        {
                                            "drop_pct": 402058433,
                                            "drop_percentage": 72.04922628907636,
                                            "rx_pkts": 155974531,
                                            "rx_pps": 5199176.524438958,
                                            "time_ms": 1542366387034,
                                            "total_tx_pps": 18601098,
                                            "tx_pkts": 558032964,
                                            "tx_pps": 18601190
                                        },
                                        {
                                            "drop_pct": 118499886,
                                            "drop_percentage": 42.47079891427187,
                                            "rx_pkts": 160515082,
                                            "rx_pps": 5350557.424427166,
                                            "time_ms": 1542366419072,
                                            "total_tx_pps": 9300498,
                                            "tx_pkts": 279014968,
                                            "tx_pps": 9300594
                                        },
                                        {
                                            "drop_pct": 0,
                                            "drop_percentage": 0.0,
                                            "rx_pkts": 139506064,
                                            "rx_pps": 4650296.0,
                                            "time_ms": 1542366451110,
                                            "total_tx_pps": 4650202,
                                            "tx_pkts": 139506064,
                                            "tx_pps": 4650296
                                        },
                                        {
                                            "drop_pct": 47569364,
                                            "drop_percentage": 22.732125051928094,
                                            "rx_pkts": 161691160,
                                            "rx_pps": 5389778.892350283,
                                            "time_ms": 1542366483150,
                                            "total_tx_pps": 6975350,
                                            "tx_pkts": 209260524,
                                            "tx_pps": 6975446
                                        },
                                        {
                                            "drop_pct": 12402424,
                                            "drop_percentage": 7.112162689890603,
                                            "rx_pkts": 161980876,
                                            "rx_pps": 5399451.086404903,
                                            "time_ms": 1542366515188,
                                            "total_tx_pps": 5812776,
                                            "tx_pkts": 174383300,
                                            "tx_pps": 5812872
                                        },
                                        {
                                            "drop_pct": 3665337,
                                            "drop_percentage": 2.3354322212966023,
                                            "rx_pkts": 153279359,
                                            "rx_pps": 5109403.901579803,
                                            "time_ms": 1542366547226,
                                            "total_tx_pps": 5231489,
                                            "tx_pkts": 156944696,
                                            "tx_pps": 5231584
                                        },
                                        {
                                            "drop_pct": 0,
                                            "drop_percentage": 0.0,
                                            "rx_pkts": 148225378,
                                            "rx_pps": 4940940.0,
                                            "time_ms": 1542366579267,
                                            "total_tx_pps": 4940845,
                                            "tx_pkts": 148225378,
                                            "tx_pps": 4940940
                                        },
                                        {
                                            "drop_pct": 0,
                                            "drop_percentage": 0.0,
                                            "rx_pkts": 152585042,
                                            "rx_pps": 5086262.0,
                                            "time_ms": 1542366611307,
                                            "total_tx_pps": 5086168,
                                            "tx_pkts": 152585042,
                                            "tx_pps": 5086262
                                        },
                                        {
                                            "drop_pct": 1121067,
                                            "drop_percentage": 0.7243678749576696,
                                            "ndr_pps": 2543131,
                                            "rx_pkts": 153643803,
                                            "rx_pps": 5121552.426337876,
                                            "time_ms": 1542366643345,
                                            "total_tx_pps": 5158829,
                                            "tx_pkts": 154764870,
                                            "tx_pps": 5158922
                                        }
                                    ]
                                },
                                "ndr": {
                                    "duration_sec": 30.0,