{
    "benchmarks": {
        "network": {
            "service_chain": {
                "EXT": {
                    "result": {
                        "bidirectional": true,
                        "compute_nodes": {},
                        "flow_count": 1024,
                        "profile": "traffic_profile_IMIX",
                        "result": {
                            "IMIX": {
                                "iteration_stats": {
                                    "ndr_pdr": [
                                        {
                                            "drop_pct": 408188243,
                                            "drop_percentage": 93.93616771169866,
                                            "rx_pkts": 26349649,
                                            "rx_pps": 992552.203001671,
                                            "time_ms": 1544166140257,
                                            "total_tx_pps": 14484596,
                                            "tx_pkts": 434537892,
                                            "tx_pps": 16368398,
                                            "warning": "WARNING: There is a significant difference between requested TX rate (16368398) and actual TX rate (14484596). The traffic generator may not have sufficient CPU to achieve the requested TX rate."
                                        },
                                        {
                                            "drop_pct": 219731358,
                                            "drop_percentage": 89.49394644579796,
                                            "rx_pkts": 25795146,
                                            "rx_pps": 859836.2248619322,
                                            "time_ms": 1544166172308,
                                            "total_tx_pps": 8184216,
                                            "tx_pkts": 245526504,
                                            "tx_pps": 8184198
                                        },
                                        {
                                            "drop_pct": 96268770,
                                            "drop_percentage": 78.41805426119718,
                                            "rx_pkts": 26494758,
                                            "rx_pps": 883154.3699386353,
                                            "time_ms": 1544166204358,
                                            "total_tx_pps": 4092117,
                                            "tx_pkts": 122763528,
                                            "tx_pps": 4092098
                                        },
                                        {
                                            "drop_pct": 33099700,
                                            "drop_percentage": 53.92407942127697,
                                            "rx_pkts": 28282340,
                                            "rx_pps": 942735.4514825509,
                                            "time_ms": 1544166236410,
                                            "total_tx_pps": 2046068,
                                            "tx_pkts": 61382040,
                                            "tx_pps": 2046048
                                        },
                                        {
                                            "drop_pct": 0,
                                            "drop_percentage": 0.0,
                                            "rx_pkts": 30691280,
                                            "rx_pps": 1023024.0,
                                            "time_ms": 1544166268461,
                                            "total_tx_pps": 1023042,
                                            "tx_pkts": 30691280,
                                            "tx_pps": 1023024
                                        },
                                        {
                                            "drop_pct": 18064851,
                                            "drop_percentage": 39.24014593935754,
                                            "rx_pkts": 27971805,
                                            "rx_pps": 932381.8341080204,
                                            "time_ms": 1544166300515,
                                            "total_tx_pps": 1534555,
                                            "tx_pkts": 46036656,
                                            "tx_pps": 1534536
                                        },
                                        {
                                            "drop_pct": 8101824,
                                            "drop_percentage": 21.118316019865308,
                                            "rx_pkts": 30262144,
                                            "rx_pps": 1008723.1984011665,
                                            "time_ms": 1544166332566,
                                            "total_tx_pps": 1278798,
                                            "tx_pkts": 38363968,
                                            "tx_pps": 1278780
                                        },
                                        {
                                            "drop_pct": 2668356,
                                            "drop_percentage": 7.728177299428423,
                                            "rx_pkts": 31859268,
                                            "rx_pps": 1061958.2528973324,
                                            "time_ms": 1544166364617,
                                            "total_tx_pps": 1150920,
                                            "tx_pkts": 34527624,
                                            "tx_pps": 1150902
                                        },
                                        {
                                            "drop_pct": 3216,
                                            "drop_percentage": 0.009862172459957004,
                                            "rx_pkts": 32606232,
                                            "rx_pps": 1086854.801932986,
                                            "time_ms": 1544166396668,
                                            "total_tx_pps": 1086981,
                                            "tx_pkts": 32609448,
                                            "tx_pps": 1086962
                                        },
                                        {
                                            "drop_pct": 0,
                                            "drop_percentage": 0.0,
                                            "rx_pkts": 31650368,
                                            "rx_pps": 1054994.0,
                                            "time_ms": 1544166428716,
                                            "total_tx_pps": 1055012,
                                            "tx_pkts": 31650368,
                                            "tx_pps": 1054994
                                        },
                                        {
                                            "drop_pct": 0,
                                            "drop_percentage": 0.0,
                                            "ndr_pps": 535489,
                                            "rx_pkts": 32129912,
                                            "rx_pps": 1070978.0,
                                            "time_ms": 1544166460767,
                                            "total_tx_pps": 1070997,
                                            "tx_pkts": 32129912,
                                            "tx_pps": 1070978
                                        }
                                    ]
                                },
                                "ndr": {
                                    "duration_sec": 30.0,
                                    "initial_rate_type": "rate_percent",