{
    "benchmarks": {
        "network": {
            "service_chain": {
                "EXT": {
                    "result": {
                        "bidirectional": true,
                        "compute_nodes": {},
                        "flow_count": 1024,
                        "profile": "traffic_profile_IMIX",
                        "result": {
                            "IMIX": {
                                "iteration_stats": {
                                    "ndr_pdr": [
                                        {
                                            "drop_pct": 298362515,
                                            "drop_percentage": 68.9124256031376,
                                            "rx_pkts": 134596436,
                                            "rx_pps": 5088537.905824536,
                                            "time_ms": 1544158061076,
                                            "total_tx_pps": 14431965,
                                            "tx_pkts": 432958951,
                                            "tx_pps": 16368398,
                                            "warning": "WARNING: There is a significant difference between requested TX rate (16368398) and actual TX rate (14431965). The traffic generator may not have sufficient CPU to achieve the requested TX rate."
                                        },
                                        {
                                            "drop_pct": 111515999,
                                            "drop_percentage": 45.41920238819737,
                                            "rx_pkts": 134010107,
                                            "rx_pps": 4467000.546529199,
                                            "time_ms": 1544158093116,
                                            "total_tx_pps": 8184203,
                                            "tx_pkts": 245526106,
                                            "tx_pps": 8184198
                                        },
                                        {
                                            "drop_pct": 0,
                                            "drop_percentage": 0.0,
                                            "rx_pkts": 122763120,
                                            "rx_pps": 4092098.0,
                                            "time_ms": 1544158125157,
                                            "total_tx_pps": 4092104,
                                            "tx_pkts": 122763120,
                                            "tx_pps": 4092098
                                        },
                                        {
                                            "drop_pct": 49414318,
                                            "drop_percentage": 26.834517136623937,
                                            "rx_pkts": 134730296,
                                            "rx_pps": 4491005.623068661,
                                            "time_ms": 1544158157198,
                                            "total_tx_pps": 6138153,
                                            "tx_pkts": 184144614,
                                            "tx_pps": 6138148
                                        },
                                        {
                                            "drop_pct": 18678282,
                                            "drop_percentage": 12.171920284783445,
                                            "rx_pkts": 134775582,
                                            "rx_pps": 4492515.184252174,
                                            "time_ms": 1544158189238,
                                            "total_tx_pps": 5115128,
                                            "tx_pkts": 153453864,
                                            "tx_pps": 5115124
                                        },
                                        {
                                            "drop_pct": 3868156,
                                            "drop_percentage": 2.800809670704391,
                                            "rx_pkts": 134240336,
                                            "rx_pps": 4474671.645918486,
                                            "time_ms": 1544158221279,
                                            "total_tx_pps": 4603616,
                                            "tx_pkts": 138108492,
                                            "tx_pps": 4603610
                                        },
                                        {
                                            "drop_pct": 0,
                                            "drop_percentage": 0.0,
                                            "rx_pkts": 130435808,
                                            "rx_pps": 4347854.0,
                                            "time_ms": 1544158253317,
                                            "total_tx_pps": 4347860,
                                            "tx_pkts": 130435808,
                                            "tx_pps": 4347854
                                        },
                                        {
                                            "drop_pct": 336710,
                                            "drop_percentage": 0.25076681574299936,
                                            "rx_pkts": 133935442,
                                            "rx_pps": 4464508.34938241,
                                            "time_ms": 1544158285355,
                                            "total_tx_pps": 4475738,
                                            "tx_pkts": 134272152,
                                            "tx_pps": 4475732
                                        },
                                        {
                                            "drop_pct": 0,
                                            "drop_percentage": 0.0,
                                            "rx_pkts": 132353978,
                                            "rx_pps": 4411794.0,
                                            "time_ms": 1544158317397,
                                            "total_tx_pps": 4411799,
                                            "tx_pkts": 132353978,
                                            "tx_pps": 4411794
                                        },
                                        {
                                            "drop_pct": 0,
                                            "drop_percentage": 0.0,
                                            "rx_pkts": 133313066,
                                            "rx_pps": 4443764.0,
                                            "time_ms": 1544158349437,
                                            "total_tx_pps": 4443768,
                                            "tx_pkts": 133313066,
                                            "tx_pps": 4443764
                                        },
                                        {
                                            "drop_pct": 89180,
                                            "drop_percentage": 0.06665540147031142,
                                            "ndr_pps": 2221882,
                                            "rx_pkts": 133703428,
                                            "rx_pps": 4456775.337066036,
                                            "time_ms": 1544158381475,
                                            "total_tx_pps": 4459753,
                                            "tx_pkts": 133792608,
                                            "tx_pps": 4459748
                                        }
                                    ]
                                },
                                "ndr": {
                                    "duration_sec": 30.0,
                                    "initial_rate_type": "rate_percent",