{
    "benchmarks": {
        "network": {
            "service_chain": {
                "EXT": {
                    "result": {
                        "bidirectional": true,
                        "compute_nodes": {},
                        "flow_count": 1024,
                        "profile": "traffic_profile_IMIX",
                        "result": {
                            "IMIX": {
                                "iteration_stats": {
                                    "ndr_pdr": [
                                        {
                                            "drop_pct": 419497931,
                                            "drop_percentage": 96.69594325393979,
                                            "rx_pkts": 14334055,
                                            "rx_pps": 540821.1583409848,
                                            "time_ms": 1544163554436,
                                            "total_tx_pps": 14461066,
                                            "tx_pkts": 433831986,
                                            "tx_pps": 16368398,
                                            "warning": "WARNING: There is a significant difference between requested TX rate (16368398) and actual TX rate (14461066). The traffic generator may not have sufficient CPU to achieve the requested TX rate."
                                        },
                                        {
                                            "drop_pct": 231109212,
                                            "drop_percentage": 94.12811264699224,
                                            "rx_pkts": 14417024,
                                            "rx_pps": 480566.8873071144,
                                            "time_ms": 1544163586477,
                                            "total_tx_pps": 8184207,
                                            "tx_pkts": 245526236,
                                            "tx_pps": 8184198
                                        },
                                        {
                                            "drop_pct": 108387448,
                                            "drop_percentage": 88.28981493582461,
                                            "rx_pkts": 14375804,
                                            "rx_pps": 479192.2488074199,
                                            "time_ms": 1544163618518,
                                            "total_tx_pps": 4092108,
                                            "tx_pkts": 122763252,
                                            "tx_pps": 4092098
                                        },
                                        {
                                            "drop_pct": 46361678,
                                            "drop_percentage": 75.53005648583553,
                                            "rx_pkts": 15020082,
                                            "rx_pps": 500666.78987269185,
                                            "time_ms": 1544163650558,
                                            "total_tx_pps": 2046058,
                                            "tx_pkts": 61381760,
                                            "tx_pps": 2046048
                                        },
                                        {
                                            "drop_pct": 15303505,
                                            "drop_percentage": 49.86313586189055,
                                            "rx_pkts": 15387515,
                                            "rx_pps": 512912.15298025287,
                                            "time_ms": 1544163682608,
                                            "total_tx_pps": 1023034,
                                            "tx_pkts": 30691020,
                                            "tx_pps": 1023024
                                        },
                                        {
                                            "drop_pct": 0,
                                            "drop_percentage": 0.0,
                                            "rx_pkts": 15345640,
                                            "rx_pps": 511512.0,
                                            "time_ms": 1544163714648,
                                            "total_tx_pps": 511521,
                                            "tx_pkts": 15345640,
                                            "tx_pps": 511512
                                        },
                                        {
                                            "drop_pct": 7466016,
                                            "drop_percentage": 32.435092592302965,
                                            "rx_pkts": 15552312,
                                            "rx_pps": 518403.91376888886,
                                            "time_ms": 1544163746698,
                                            "total_tx_pps": 767277,
                                            "tx_pkts": 23018328,
                                            "tx_pps": 767268
                                        },
                                        {
                                            "drop_pct": 2337140,
                                            "drop_percentage": 12.184036854581883,
                                            "rx_pkts": 16844844,
                                            "rx_pps": 561486.4867554889,
                                            "time_ms": 1544163778743,
                                            "total_tx_pps": 639399,
                                            "tx_pkts": 19181984,
                                            "tx_pps": 639390
                                        },
                                        {
                                            "drop_pct": 0,
                                            "drop_percentage": 0.0,
                                            "rx_pkts": 17263812,
                                            "rx_pps": 575450.0,
                                            "time_ms": 1544163810793,
                                            "total_tx_pps": 575460,
                                            "tx_pkts": 17263812,
                                            "tx_pps": 575450
                                        },
                                        {
                                            "drop_pct": 184228,
                                            "drop_percentage": 1.010969713931372,
                                            "rx_pkts": 18038672,
                                            "rx_pps": 601279.1677636381,
                                            "time_ms": 1544163842843,
                                            "total_tx_pps": 607430,
                                            "tx_pkts": 18222900,
                                            "tx_pps": 607420
                                        },
                                        {
                                            "drop_pct": 0,
                                            "drop_percentage": 0.0,
                                            "ndr_pps": 295718,
                                            "rx_pkts": 17743356,
                                            "rx_pps": 591436.0,
                                            "time_ms": 1544163874884,
                                            "total_tx_pps": 591445,
                                            "tx_pkts": 17743356,
                                            "tx_pps": 591436
                                        }
                                    ]
                                },
                                "ndr": {
                                    "duration_sec": 30.0,
                                    "initial_rate_type": "rate_percent",