{
    "benchmarks": {
        "network": {
            "service_chain": {
                "EXT": {
                    "result": {
                        "bidirectional": true,
                        "compute_nodes": {},
                        "flow_count": 1024,
                        "profile": "traffic_profile_IMIX",
                        "result": {
                            "IMIX": {
                                "iteration_stats": {
                                    "ndr_pdr": [
                                        {
                                            "drop_pct": 312677110,
                                            "drop_percentage": 72.42682874638044,
                                            "rx_pkts": 119037374,
                                            "rx_pps": 4513286.41201404,
                                            "time_ms": 1544160978542,
                                            "total_tx_pps": 14390482,
                                            "tx_pkts": 431714484,
                                            "tx_pps": 16368398,
                                            "warning": "WARNING: There is a significant difference between requested TX rate (16368398) and actual TX rate (14390482). The traffic generator may not have sufficient CPU to achieve the requested TX rate."
                                        },
                                        {
                                            "drop_pct": 126577724,
                                            "drop_percentage": 51.55364412374009,
                                            "rx_pkts": 118948516,
                                            "rx_pps": 3964945.688697746,
                                            "time_ms": 1544161010584,
                                            "total_tx_pps": 8184208,
                                            "tx_pkts": 245526240,
                                            "tx_pps": 8184198
                                        },
                                        {
                                            "drop_pct": 3780190,
                                            "drop_percentage": 3.079252087587253,
                                            "rx_pkts": 118983062,
                                            "rx_pps": 3966091.9869088843,
                                            "time_ms": 1544161042625,
                                            "total_tx_pps": 4092108,
                                            "tx_pkts": 122763252,
                                            "tx_pps": 4092098
                                        },
                                        {
                                            "drop_pct": 0,
                                            "drop_percentage": 0.0,
                                            "rx_pkts": 61381760,
                                            "rx_pps": 2046048.0,
                                            "time_ms": 1544161074678,
                                            "total_tx_pps": 2046058,
                                            "tx_pkts": 61381760,
                                            "tx_pps": 2046048
                                        },
                                        {
                                            "drop_pct": 0,
                                            "drop_percentage": 0.0,
                                            "rx_pkts": 92072508,
                                            "rx_pps": 3069074.0,
                                            "time_ms": 1544161106730,
                                            "total_tx_pps": 3069083,
                                            "tx_pkts": 92072508,
                                            "tx_pps": 3069074
                                        },
                                        {
                                            "drop_pct": 0,
                                            "drop_percentage": 0.0,
                                            "rx_pkts": 107417880,
                                            "rx_pps": 3580586.0,
                                            "time_ms": 1544161138778,
                                            "total_tx_pps": 3580596,
                                            "tx_pkts": 107417880,
                                            "tx_pps": 3580586
                                        },
                                        {
                                            "drop_pct": 0,
                                            "drop_percentage": 0.0,
                                            "rx_pkts": 115090572,
                                            "rx_pps": 3836342.0,
                                            "time_ms": 1544161170828,
                                            "total_tx_pps": 3836352,
                                            "tx_pkts": 115090572,
                                            "tx_pps": 3836342
                                        },
                                        {
                                            "drop_pct": 4632,
                                            "drop_percentage": 0.0038948291199219906,
                                            "rx_pkts": 118922280,
                                            "rx_pps": 3964065.6004050616,
                                            "time_ms": 1544161202870,
                                            "total_tx_pps": 3964230,
                                            "tx_pkts": 118926912,
                                            "tx_pps": 3964220
                                        },
                                        {
                                            "drop_pct": 0,
                                            "drop_percentage": 0.0,
                                            "rx_pkts": 117008736,
                                            "rx_pps": 3900282.0,
                                            "time_ms": 1544161234920,
                                            "total_tx_pps": 3900291,
                                            "tx_pkts": 117008736,
                                            "tx_pps": 3900282
                                        },
                                        {
                                            "drop_pct": 0,
                                            "drop_percentage": 0.0,
                                            "rx_pkts": 117967824,
                                            "rx_pps": 3932250.0,
                                            "time_ms": 1544161266968,
                                            "total_tx_pps": 3932260,
                                            "tx_pkts": 117967824,
                                            "tx_pps": 3932250
                                        },
                                        {
                                            "drop_pct": 10608,
                                            "drop_percentage": 0.008955876503731176,
                                            "ndr_pps": 1966125,
                                            "rx_pkts": 118436760,
                                            "rx_pps": 3947882.4008597643,
                                            "time_ms": 1544161299011,
                                            "total_tx_pps": 3948245,
                                            "tx_pkts": 118447368,
                                            "tx_pps": 3948236
                                        }
                                    ]
                                },
                                "ndr": {
                                    "duration_sec": 30.0,
                                    "initial_rate_type": "rate_percent",
                                    "l2frame_size": "IMIX",