{
    "benchmarks": {
        "network": {
            "service_chain": {
                "EXT": {
                    "result": {
                        "bidirectional": true,
                        "compute_nodes": {},
                        "flow_count": 1024,
                        "profile": "traffic_profile_IMIX",
                        "result": {
                            "IMIX": {
                                "iteration_stats": {
                                    "ndr_pdr": [
                                        {
                                            "drop_pct": 326326688,
                                            "drop_percentage": 75.26720822056804,
                                            "rx_pkts": 107230894,
                                            "rx_pps": 4048361.7949687056,
                                            "time_ms": 1544166816255,
                                            "total_tx_pps": 14451919,
                                            "tx_pkts": 433557582,
                                            "tx_pps": 16368398,
                                            "warning": "WARNING: There is a significant difference between requested TX rate (16368398) and actual TX rate (14451919). The traffic generator may not have sufficient CPU to achieve the requested TX rate."
                                        },
                                        {
                                            "drop_pct": 137989893,
                                            "drop_percentage": 56.20156780624425,
                                            "rx_pkts": 107536875,
                                            "rx_pps": 3584550.4116327143,
                                            "time_ms": 1544166848309,
                                            "total_tx_pps": 8184225,
                                            "tx_pkts": 245526768,
                                            "tx_pps": 8184198
                                        },
                                        {
                                            "drop_pct": 15284286,
                                            "drop_percentage": 12.45015794233531,
                                            "rx_pkts": 107479506,
                                            "rx_pps": 3582625.3358448558,
                                            "time_ms": 1544166880369,
                                            "total_tx_pps": 4092126,
                                            "tx_pkts": 122763792,
                                            "tx_pps": 4092098
                                        },
                                        {
                                            "drop_pct": 0,
                                            "drop_percentage": 0.0,
                                            "rx_pkts": 61382292,
                                            "rx_pps": 2046048.0,
                                            "time_ms": 1544166912425,
                                            "total_tx_pps": 2046076,
                                            "tx_pkts": 61382292,
                                            "tx_pps": 2046048
                                        },
                                        {
                                            "drop_pct": 0,
                                            "drop_percentage": 0.0,
                                            "rx_pkts": 92073060,
                                            "rx_pps": 3069074.0,
                                            "time_ms": 1544166944489,
                                            "total_tx_pps": 3069102,
                                            "tx_pkts": 92073060,
                                            "tx_pps": 3069074
                                        },
                                        {
                                            "drop_pct": 168,
                                            "drop_percentage": 0.00015639775747958311,
                                            "rx_pkts": 107418252,
                                            "rx_pps": 3580580.4000437916,
                                            "time_ms": 1544166976550,
                                            "total_tx_pps": 3580614,
                                            "tx_pkts": 107418420,
                                            "tx_pps": 3580586
                                        },
                                        {
                                            "drop_pct": 7169202,
                                            "drop_percentage": 6.229154122256196,
                                            "rx_pkts": 107921898,
                                            "rx_pps": 3597370.3441631543,
                                            "time_ms": 1544167008607,
                                            "total_tx_pps": 3836370,
                                            "tx_pkts": 115091100,
                                            "tx_pps": 3836342
                                        },
                                        {
                                            "drop_pct": 2608476,
                                            "drop_percentage": 2.344597210941806,
                                            "rx_pkts": 108646284,
                                            "rx_pps": 3621515.4564872193,
                                            "time_ms": 1544167040667,
                                            "total_tx_pps": 3708492,
                                            "tx_pkts": 111254760,
                                            "tx_pps": 3708464
                                        },
                                        {
                                            "drop_pct": 642282,
                                            "drop_percentage": 0.587435583317657,
                                            "rx_pkts": 108694302,
                                            "rx_pps": 3623116.757432736,
                                            "time_ms": 1544167072728,
                                            "total_tx_pps": 3644552,
                                            "tx_pkts": 109336584,
                                            "tx_pps": 3644526
                                        },
                                        {
                                            "drop_pct": 36122,
                                            "drop_percentage": 0.03332979754394769,
                                            "rx_pkts": 108341374,
                                            "rx_pps": 3611351.9423990385,
                                            "time_ms": 1544167104789,
                                            "total_tx_pps": 3612583,
                                            "tx_pkts": 108377496,
                                            "tx_pps": 3612556
                                        },
                                        {
                                            "drop_pct": 21491,
                                            "drop_percentage": 0.019917892055868636,
                                            "ndr_pps": 1790293,
                                            "rx_pkts": 107876473,
                                            "rx_pps": 3595853.6390696857,
                                            "time_ms": 1544167136851,
                                            "total_tx_pps": 3596598,
                                            "tx_pkts": 107897964,
                                            "tx_pps": 3596570
                                        }
                                    ]
                                },
                                "ndr": {
                                    "duration_sec": 30.0,