{
    "benchmarks": {
        "network": {
            "service_chain": {
                "EXT": {
                    "result": {
                        "bidirectional": true,
                        "compute_nodes": {},
                        "flow_count": 1024,
                        "profile": "traffic_profile_IMIX",
                        "result": {
                            "IMIX": {
                                "iteration_stats": {
                                    "ndr_pdr": [
                                        {
                                            "drop_pct": 357350602,
                                            "drop_percentage": 82.68530036719268,
                                            "rx_pkts": 74830935,
                                            "rx_pps": 2834138.9484024406,
                                            "time_ms": 1544158650445,
                                            "total_tx_pps": 14406051,
                                            "tx_pkts": 432181537,
                                            "tx_pps": 16368398,
                                            "warning": "WARNING: There is a significant difference between requested TX rate (16368398) and actual TX rate (14406051). The traffic generator may not have sufficient CPU to achieve the requested TX rate."
                                        },
                                        {
                                            "drop_pct": 172747351,
                                            "drop_percentage": 70.35803744341518,
                                            "rx_pkts": 72778757,
                                            "rx_pps": 2425956.9067167635,
                                            "time_ms": 1544158682484,
                                            "total_tx_pps": 8184203,
                                            "tx_pkts": 245526108,
                                            "tx_pps": 8184198
                                        },
                                        {
                                            "drop_pct": 48266134,
                                            "drop_percentage": 39.316477130916844,
                                            "rx_pkts": 74496986,
                                            "rx_pps": 2483229.2256552945,
                                            "time_ms": 1544158714525,
                                            "total_tx_pps": 4092104,
                                            "tx_pkts": 122763120,
                                            "tx_pps": 4092098
                                        },
                                        {
                                            "drop_pct": 0,
                                            "drop_percentage": 0.0,
                                            "rx_pkts": 61381628,
                                            "rx_pps": 2046048.0,
                                            "time_ms": 1544158746571,
                                            "total_tx_pps": 2046054,
                                            "tx_pkts": 61381628,
                                            "tx_pps": 2046048
                                        },
                                        {
                                            "drop_pct": 18525126,
                                            "drop_percentage": 20.120178502185684,
                                            "rx_pkts": 73547248,
                                            "rx_pps": 2451570.83283583,
                                            "time_ms": 1544158778615,
                                            "total_tx_pps": 3069079,
                                            "tx_pkts": 92072374,
                                            "tx_pps": 3069074
                                        },
                                        {
                                            "drop_pct": 0,
                                            "drop_percentage": 0.0,
                                            "rx_pkts": 76727002,
                                            "rx_pps": 2557562.0,
                                            "time_ms": 1544158810656,
                                            "total_tx_pps": 2557566,
                                            "tx_pkts": 76727002,
                                            "tx_pps": 2557562
                                        },
                                        {
                                            "drop_pct": 9861124,
                                            "drop_percentage": 11.683839399975033,
                                            "rx_pkts": 74538564,
                                            "rx_pps": 2484614.4430694105,
                                            "time_ms": 1544158842697,
                                            "total_tx_pps": 2813322,
                                            "tx_pkts": 84399688,
                                            "tx_pps": 2813318
                                        },
                                        {
                                            "drop_pct": 7590894,
                                            "drop_percentage": 9.42226777478353,
                                            "rx_pkts": 72972450,
                                            "rx_pps": 2432410.652268853,
                                            "time_ms": 1544158874728,
                                            "total_tx_pps": 2685444,
                                            "tx_pkts": 80563344,
                                            "tx_pps": 2685440
                                        },
                                        {
                                            "drop_pct": 5732936,
                                            "drop_percentage": 7.289621934344708,
                                            "rx_pkts": 72912240,
                                            "rx_pps": 2430402.5609911536,
                                            "time_ms": 1544158906770,
                                            "total_tx_pps": 2621505,
                                            "tx_pkts": 78645176,
                                            "tx_pps": 2621500
                                        },
                                        {
                                            "drop_pct": 3901460,
                                            "drop_percentage": 5.02208323322961,
                                            "rx_pkts": 73784628,
                                            "rx_pps": 2459481.6480505494,
                                            "time_ms": 1544158938810,
                                            "total_tx_pps": 2589536,
                                            "tx_pkts": 77686088,
                                            "tx_pps": 2589530
                                        },
                                        {
                                            "drop_pct": 211603,
                                            "drop_percentage": 0.27407391077953414,
                                            "ndr_pps": 1278781,
                                            "rx_pkts": 76994943,
                                            "rx_pps": 2566492.58183209,
                                            "time_ms": 1544158970851,
                                            "total_tx_pps": 2573551,
                                            "tx_pkts": 77206546,
                                            "tx_pps": 2573546
                                        }
                                    ]
                                },
                                "ndr": {
                                    "duration_sec": 30.0,