{
    "benchmarks": {
        "network": {
            "service_chain": {
                "EXT": {
                    "result": {
                        "bidirectional": true,
                        "compute_nodes": {},
                        "flow_count": 1024,
                        "profile": "traffic_profile_IMIX",
                        "result": {
                            "IMIX": {
                                "iteration_stats": {
                                    "ndr_pdr": [
                                        {
                                            "drop_pct": 403318931,
                                            "drop_percentage": 93.05879566832354,
                                            "rx_pkts": 30083337,
                                            "rx_pps": 1136163.951002043,
                                            "time_ms": 1544161955669,
                                            "total_tx_pps": 14446742,
                                            "tx_pkts": 433402268,
                                            "tx_pps": 16368398,
                                            "warning": "WARNING: There is a significant difference between requested TX rate (16368398) and actual TX rate (14446742). The traffic generator may not have sufficient CPU to achieve the requested TX rate."
                                        },
                                        {
                                            "drop_pct": 215218820,
                                            "drop_percentage": 87.65613809750029,
                                            "rx_pkts": 30307420,
                                            "rx_pps": 1010246.0989471433,
                                            "time_ms": 1544161987711,
                                            "total_tx_pps": 8184208,
                                            "tx_pkts": 245526240,
                                            "tx_pps": 8184198
                                        },
                                        {
                                            "drop_pct": 92425290,
                                            "drop_percentage": 75.28742395973674,
                                            "rx_pkts": 30337962,
                                            "rx_pps": 1011262.8298920919,
                                            "time_ms": 1544162019752,
                                            "total_tx_pps": 4092108,
                                            "tx_pkts": 122763252,
                                            "tx_pps": 4092098
                                        },
                                        {
                                            "drop_pct": 29774921,
                                            "drop_percentage": 48.507766802385596,
                                            "rx_pkts": 31606839,
                                            "rx_pps": 1053555.8074951256,
                                            "time_ms": 1544162051793,
                                            "total_tx_pps": 2046058,
                                            "tx_pkts": 61381760,
                                            "tx_pps": 2046048
                                        },
                                        {
                                            "drop_pct": 0,
                                            "drop_percentage": 0.0,
                                            "rx_pkts": 30691020,
                                            "rx_pps": 1023024.0,
                                            "time_ms": 1544162083834,
                                            "total_tx_pps": 1023034,
                                            "tx_pkts": 30691020,
                                            "tx_pps": 1023024
                                        },
                                        {
                                            "drop_pct": 14236727,
                                            "drop_percentage": 30.924943546830825,
                                            "rx_pkts": 31799661,
                                            "rx_pps": 1059981.608294204,
                                            "time_ms": 1544162115875,
                                            "total_tx_pps": 1534546,
                                            "tx_pkts": 46036388,
                                            "tx_pps": 1534536
                                        },
                                        {
                                            "drop_pct": 4317302,
                                            "drop_percentage": 11.253612138558063,
                                            "rx_pkts": 34046398,
                                            "rx_pps": 1134871.058694547,
                                            "time_ms": 1544162147925,
                                            "total_tx_pps": 1278790,
                                            "tx_pkts": 38363700,
                                            "tx_pps": 1278780
                                        },
                                        {
                                            "drop_pct": 0,
                                            "drop_percentage": 0.0,
                                            "rx_pkts": 34527356,
                                            "rx_pps": 1150902.0,
                                            "time_ms": 1544162179966,
                                            "total_tx_pps": 1150911,
                                            "tx_pkts": 34527356,
                                            "tx_pps": 1150902
                                        },
                                        {
                                            "drop_pct": 0,
                                            "drop_percentage": 0.0,
                                            "rx_pkts": 36445528,
                                            "rx_pps": 1214842.0,
                                            "time_ms": 1544162212019,
                                            "total_tx_pps": 1214850,
                                            "tx_pkts": 36445528,
                                            "tx_pps": 1214842
                                        },
                                        {
                                            "drop_pct": 1527220,
                                            "drop_percentage": 4.082972442007954,
                                            "rx_pkts": 35877392,
                                            "rx_pps": 1195903.0912958006,
                                            "time_ms": 1544162244060,
                                            "total_tx_pps": 1246820,
                                            "tx_pkts": 37404612,
                                            "tx_pps": 1246810
                                        },
                                        {
                                            "drop_pct": 1569822,
                                            "drop_percentage": 4.251371534224767,
                                            "ndr_pps": 607421,
                                            "rx_pkts": 35355250,
                                            "rx_pps": 1178499.0138001626,
                                            "time_ms": 1544162276111,
                                            "total_tx_pps": 1230835,
                                            "tx_pkts": 36925072,
                                            "tx_pps": 1230826
                                        }
                                    ]
                                },
                                "ndr": {
                                    "duration_sec": 30.0,
                                    "initial_rate_type": "rate_percent",