{
    "benchmarks": {
        "network": {
            "service_chain": {
                "EXT": {
                    "result": {
                        "bidirectional": true,
                        "compute_nodes": {},
                        "flow_count": 1024,
                        "profile": "traffic_profile_IMIX",
                        "result": {
                            "IMIX": {
                                "iteration_stats": {
                                    "ndr_pdr": [
                                        {
                                            "drop_pct": 409259647,
                                            "drop_percentage": 94.44603394404834,
                                            "rx_pkts": 24066804,
                                            "rx_pps": 909095.2688230707,
                                            "time_ms": 1544159803622,
                                            "total_tx_pps": 14444215,
                                            "tx_pkts": 433326451,
                                            "tx_pps": 16368398,
                                            "warning": "WARNING: There is a significant difference between requested TX rate (16368398) and actual TX rate (14444215). The traffic generator may not have sufficient CPU to achieve the requested TX rate."
                                        },
                                        {
                                            "drop_pct": 221337982,
                                            "drop_percentage": 90.14845052649146,
                                            "rx_pkts": 24188126,
                                            "rx_pps": 806270.3149798965,
                                            "time_ms": 1544159835667,
                                            "total_tx_pps": 8184203,
                                            "tx_pkts": 245526108,
                                            "tx_pps": 8184198
                                        },
                                        {
                                            "drop_pct": 98548545,
                                            "drop_percentage": 80.27536559391183,
                                            "rx_pkts": 24214577,
                                            "rx_pps": 807151.370038846,
                                            "time_ms": 1544159867710,
                                            "total_tx_pps": 4092104,
                                            "tx_pkts": 122763122,
                                            "tx_pps": 4092098
                                        },
                                        {
                                            "drop_pct": 36737495,
                                            "drop_percentage": 59.85096224557615,
                                            "rx_pkts": 24644133,
                                            "rx_pps": 821468.5839936341,
                                            "time_ms": 1544159899748,
                                            "total_tx_pps": 2046054,
                                            "tx_pkts": 61381628,
                                            "tx_pps": 2046048
                                        },
                                        {
                                            "drop_pct": 6001905,
                                            "drop_percentage": 19.555987345036222,
                                            "rx_pkts": 24688977,
                                            "rx_pps": 822961.5560233167,
                                            "time_ms": 1544159931788,
                                            "total_tx_pps": 1023029,
                                            "tx_pkts": 30690882,
                                            "tx_pps": 1023024
                                        },
                                        {
                                            "drop_pct": 0,
                                            "drop_percentage": 0.0,
                                            "rx_pkts": 15345512,
                                            "rx_pps": 511512.0,
                                            "time_ms": 1544159963829,
                                            "total_tx_pps": 511517,
                                            "tx_pkts": 15345512,
                                            "tx_pps": 511512
                                        },
                                        {
                                            "drop_pct": 0,
                                            "drop_percentage": 0.0,
                                            "rx_pkts": 23018196,
                                            "rx_pps": 767268.0,
                                            "time_ms": 1544159995869,
                                            "total_tx_pps": 767273,
                                            "tx_pkts": 23018196,
                                            "tx_pps": 767268
                                        },
                                        {
                                            "drop_pct": 0,
                                            "drop_percentage": 0.0,
                                            "rx_pkts": 26854538,
                                            "rx_pps": 895146.0,
                                            "time_ms": 1544160027910,
                                            "total_tx_pps": 895151,
                                            "tx_pkts": 26854538,
                                            "tx_pps": 895146
                                        },
                                        {
                                            "drop_pct": 4672540,
                                            "drop_percentage": 16.239486391061973,
                                            "rx_pkts": 24100168,
                                            "rx_pps": 803333.6843411472,
                                            "time_ms": 1544160059947,
                                            "total_tx_pps": 959090,
                                            "tx_pkts": 28772708,
                                            "tx_pps": 959084
                                        },
                                        {
                                            "drop_pct": 2875688,
                                            "drop_percentage": 10.339135262570261,
                                            "rx_pkts": 24937934,
                                            "rx_pps": 831260.222719069,
                                            "time_ms": 1544160091988,
                                            "total_tx_pps": 927120,
                                            "tx_pkts": 27813622,
                                            "tx_pps": 927116
                                        },
                                        {
                                            "drop_pct": 0,
                                            "drop_percentage": 0.0,
                                            "ndr_pps": 455565,
                                            "rx_pkts": 27334080,
                                            "rx_pps": 911130.0,
                                            "time_ms": 1544160124027,
                                            "total_tx_pps": 911136,
                                            "tx_pkts": 27334080,
                                            "tx_pps": 911130
                                        }
                                    ]
                                },
                                "ndr": {
                                    "duration_sec": 30.0,
                                    "initial_rate_type": "rate_percent",