{
    "benchmarks": {
        "network": {
            "service_chain": {
                "EXT": {
                    "result": {
                        "bidirectional": true,
                        "compute_nodes": {},
                        "flow_count": 1024,
                        "profile": "traffic_profile_IMIX",
                        "result": {
                            "IMIX": {
                                "iteration_stats": {
                                    "ndr_pdr": [
                                        {
                                            "drop_pct": 378682439,
                                            "drop_percentage": 87.31070820065733,
                                            "rx_pkts": 55035769,
                                            "rx_pps": 2077033.7850977695,
                                            "time_ms": 1544165531986,
                                            "total_tx_pps": 14457273,
                                            "tx_pkts": 433718208,
                                            "tx_pps": 16368398,
                                            "warning": "WARNING: There is a significant difference between requested TX rate (16368398) and actual TX rate (14457273). The traffic generator may not have sufficient CPU to achieve the requested TX rate."
                                        },
                                        {
                                            "drop_pct": 190143518,
                                            "drop_percentage": 77.44317411858721,
                                            "rx_pkts": 55382986,
                                            "rx_pps": 1846095.2926500682,
                                            "time_ms": 1544165564038,
                                            "total_tx_pps": 8184216,
                                            "tx_pkts": 245526504,
                                            "tx_pps": 8184198
                                        },
                                        {
                                            "drop_pct": 66121356,
                                            "drop_percentage": 53.860752770855704,
                                            "rx_pkts": 56642164,
                                            "rx_pps": 1888063.2130788693,
                                            "time_ms": 1544165596092,
                                            "total_tx_pps": 4092117,
                                            "tx_pkts": 122763520,
                                            "tx_pps": 4092098
                                        },
                                        {
                                            "drop_pct": 2032,
                                            "drop_percentage": 0.003310414577293293,
                                            "rx_pkts": 61380008,
                                            "rx_pps": 2045980.2673287496,
                                            "time_ms": 1544165628146,
                                            "total_tx_pps": 2046068,
                                            "tx_pkts": 61382040,
                                            "tx_pps": 2046048
                                        },
                                        {
                                            "drop_pct": 0,
                                            "drop_percentage": 0.0,
                                            "rx_pkts": 30691280,
                                            "rx_pps": 1023024.0,
                                            "time_ms": 1544165660196,
                                            "total_tx_pps": 1023042,
                                            "tx_pkts": 30691280,
                                            "tx_pps": 1023024
                                        },
                                        {
                                            "drop_pct": 0,
                                            "drop_percentage": 0.0,
                                            "rx_pkts": 46036656,
                                            "rx_pps": 1534536.0,
                                            "time_ms": 1544165692251,
                                            "total_tx_pps": 1534555,
                                            "tx_pkts": 46036656,
                                            "tx_pps": 1534536
                                        },
                                        {
                                            "drop_pct": 0,
                                            "drop_percentage": 0.0,
                                            "rx_pkts": 53709344,
                                            "rx_pps": 1790292.0,
                                            "time_ms": 1544165724301,
                                            "total_tx_pps": 1790311,
                                            "tx_pkts": 53709344,
                                            "tx_pps": 1790292
                                        },
                                        {
                                            "drop_pct": 0,
                                            "drop_percentage": 0.0,
                                            "rx_pkts": 57545688,
                                            "rx_pps": 1918170.0,
                                            "time_ms": 1544165756352,
                                            "total_tx_pps": 1918189,
                                            "tx_pkts": 57545688,
                                            "tx_pps": 1918170
                                        },
                                        {
                                            "drop_pct": 0,
                                            "drop_percentage": 0.0,
                                            "rx_pkts": 59463864,
                                            "rx_pps": 1982110.0,
                                            "time_ms": 1544165788403,
                                            "total_tx_pps": 1982128,
                                            "tx_pkts": 59463864,
                                            "tx_pps": 1982110
                                        },
                                        {
                                            "drop_pct": 0,
                                            "drop_percentage": 0.0,
                                            "rx_pkts": 60422944,
                                            "rx_pps": 2014080.0,
                                            "time_ms": 1544165820455,
                                            "total_tx_pps": 2014098,
                                            "tx_pkts": 60422944,
                                            "tx_pps": 2014080
                                        },
                                        {
                                            "drop_pct": 0,
                                            "drop_percentage": 0.0,
                                            "ndr_pps": 1015032,
                                            "rx_pkts": 60902488,
                                            "rx_pps": 2030064.0,
                                            "time_ms": 1544165852505,
                                            "total_tx_pps": 2030082,
                                            "tx_pkts": 60902488,
                                            "tx_pps": 2030064
                                        }
                                    ]
                                },
                                "ndr": {
                                    "duration_sec": 30.0,
                                    "initial_rate_type": "rate_percent",
                                    "l2frame_size": "IMIX",