{
    "benchmarks": {
        "network": {
            "service_chain": {
                "EXT": {
                    "result": {
                        "bidirectional": true,
                        "compute_nodes": {},
                        "flow_count": 1024,
                        "profile": "traffic_profile_IMIX",
                        "result": {
                            "IMIX": {
                                "iteration_stats": {
                                    "ndr_pdr": [
                                        {
                                            "drop_pct": 414144794,
                                            "drop_percentage": 95.48647874866656,
                                            "rx_pkts": 19576084,
                                            "rx_pps": 738791.1222328384,
                                            "time_ms": 1544163003540,
                                            "total_tx_pps": 14457362,
                                            "tx_pkts": 433720878,
                                            "tx_pps": 16368398,
                                            "warning": "WARNING: There is a significant difference between requested TX rate (16368398) and actual TX rate (14457362). The traffic generator may not have sufficient CPU to achieve the requested TX rate."
                                        },
                                        {
                                            "drop_pct": 225965892,
                                            "drop_percentage": 92.03329781832358,
                                            "rx_pkts": 19560344,
                                            "rx_pps": 652010.6806187184,
                                            "time_ms": 1544163035582,
                                            "total_tx_pps": 8184207,
                                            "tx_pkts": 245526236,
                                            "tx_pps": 8184198
                                        },
                                        {
                                            "drop_pct": 103125815,
                                            "drop_percentage": 84.00381492011958,
                                            "rx_pkts": 19637437,
                                            "rx_pps": 654579.5697300851,
                                            "time_ms": 1544163067622,
                                            "total_tx_pps": 4092108,
                                            "tx_pkts": 122763252,
                                            "tx_pps": 4092098
                                        },
                                        {
                                            "drop_pct": 40885369,
                                            "drop_percentage": 66.60833609202473,
                                            "rx_pkts": 20496391,
                                            "rx_pps": 683209.4715558499,
                                            "time_ms": 1544163099665,
                                            "total_tx_pps": 2046058,
                                            "tx_pkts": 61381760,
                                            "tx_pps": 2046048
                                        },
                                        {
                                            "drop_pct": 9580477,
                                            "drop_percentage": 31.215896376203855,
                                            "rx_pkts": 21110543,
                                            "rx_pps": 703677.8882563043,
                                            "time_ms": 1544163131714,
                                            "total_tx_pps": 1023034,
                                            "tx_pkts": 30691020,
                                            "tx_pps": 1023024
                                        },
                                        {
                                            "drop_pct": 0,
                                            "drop_percentage": 0.0,
                                            "rx_pkts": 15345640,
                                            "rx_pps": 511512.0,
                                            "time_ms": 1544163163764,
                                            "total_tx_pps": 511521,
                                            "tx_pkts": 15345640,
                                            "tx_pps": 511512
                                        },
                                        {
                                            "drop_pct": 0,
                                            "drop_percentage": 0.0,
                                            "rx_pkts": 23018328,
                                            "rx_pps": 767268.0,
                                            "time_ms": 1544163195808,
                                            "total_tx_pps": 767277,
                                            "tx_pkts": 23018328,
                                            "tx_pps": 767268
                                        },
                                        {
                                            "drop_pct": 5220878,
                                            "drop_percentage": 19.44122795467396,
                                            "rx_pkts": 21633794,
                                            "rx_pps": 721118.6256128543,
                                            "time_ms": 1544163227859,
                                            "total_tx_pps": 895155,
                                            "tx_pkts": 26854672,
                                            "tx_pps": 895146
                                        },
                                        {
                                            "drop_pct": 1368446,
                                            "drop_percentage": 5.4877228159525195,
                                            "rx_pkts": 23568054,
                                            "rx_pps": 785591.7186904337,
                                            "time_ms": 1544163259908,
                                            "total_tx_pps": 831216,
                                            "tx_pkts": 24936500,
                                            "tx_pps": 831206
                                        },
                                        {
                                            "drop_pct": 217926,
                                            "drop_percentage": 0.9088802563211983,
                                            "rx_pkts": 23759490,
                                            "rx_pps": 791973.8836169835,
                                            "time_ms": 1544163291955,
                                            "total_tx_pps": 799247,
                                            "tx_pkts": 23977416,
                                            "tx_pps": 799238
                                        },
                                        {
                                            "drop_pct": 213992,
                                            "drop_percentage": 0.9106868759327442,
                                            "ndr_pps": 383634,
                                            "rx_pkts": 23283876,
                                            "rx_pps": 776119.0268305193,
                                            "time_ms": 1544163323995,
                                            "total_tx_pps": 783262,
                                            "tx_pkts": 23497868,
                                            "tx_pps": 783252
                                        }
                                    ]
                                },
                                "ndr": {
                                    "duration_sec": 30.0,