{
    "benchmarks": {
        "network": {
            "service_chain": {
                "EXT": {
                    "result": {
                        "bidirectional": true,
                        "compute_nodes": {},
                        "flow_count": 1024,
                        "profile": "traffic_profile_IMIX",
                        "result": {
                            "IMIX": {
                                "iteration_stats": {
                                    "ndr_pdr": [
                                        {
                                            "drop_pct": 312725203,
                                            "drop_percentage": 72.42237421919016,
                                            "rx_pkts": 119082241,
                                            "rx_pps": 4514015.546753562,
                                            "time_ms": 1544193362014,
                                            "total_tx_pps": 14393581,
                                            "tx_pkts": 431807444,
                                            "tx_pps": 16368398,
                                            "warning": "WARNING: There is a significant difference between requested TX rate (16368398) and actual TX rate (14393581). The traffic generator may not have sufficient CPU to achieve the requested TX rate."
                                        },
                                        {
                                            "drop_pct": 126048582,
                                            "drop_percentage": 51.33812401142962,
                                            "rx_pkts": 119477690,
                                            "rx_pps": 3982584.2814190574,
                                            "time_ms": 1544193394055,
                                            "total_tx_pps": 8184209,
                                            "tx_pkts": 245526272,
                                            "tx_pps": 8184198
                                        },
                                        {
                                            "drop_pct": 2841991,
                                            "drop_percentage": 2.315017614065238,
                                            "rx_pkts": 119921265,
                                            "rx_pps": 3997365.2105151885,
                                            "time_ms": 1544193426105,
                                            "total_tx_pps": 4092108,
                                            "tx_pkts": 122763256,
                                            "tx_pps": 4092098
                                        },
                                        {
                                            "drop_pct": 0,
                                            "drop_percentage": 0.0,
                                            "rx_pkts": 61381764,
                                            "rx_pps": 2046048.0,
                                            "time_ms": 1544193458146,
                                            "total_tx_pps": 2046058,
                                            "tx_pkts": 61381764,
                                            "tx_pps": 2046048
                                        },
                                        {
                                            "drop_pct": 0,
                                            "drop_percentage": 0.0,
                                            "rx_pkts": 92072504,
                                            "rx_pps": 3069074.0,
                                            "time_ms": 1544193490186,
                                            "total_tx_pps": 3069083,
                                            "tx_pkts": 92072504,
                                            "tx_pps": 3069074
                                        },
                                        {
                                            "drop_pct": 0,
                                            "drop_percentage": 0.0,
                                            "rx_pkts": 107417880,
                                            "rx_pps": 3580586.0,
                                            "time_ms": 1544193522231,
                                            "total_tx_pps": 3580596,
                                            "tx_pkts": 107417880,
                                            "tx_pps": 3580586
                                        },
                                        {
                                            "drop_pct": 0,
                                            "drop_percentage": 0.0,
                                            "rx_pkts": 115090580,
                                            "rx_pps": 3836342.0,
                                            "time_ms": 1544193554270,
                                            "total_tx_pps": 3836352,
                                            "tx_pkts": 115090580,
                                            "tx_pps": 3836342
                                        },
                                        {
                                            "drop_pct": 9426,
                                            "drop_percentage": 0.007925876356732444,
                                            "rx_pkts": 118917486,
                                            "rx_pps": 3963905.800824291,
                                            "time_ms": 1544193586319,
                                            "total_tx_pps": 3964230,
                                            "tx_pkts": 118926912,
                                            "tx_pps": 3964220
                                        },
                                        {
                                            "drop_pct": 0,
                                            "drop_percentage": 0.0,
                                            "rx_pkts": 117008732,
                                            "rx_pps": 3900282.0,
                                            "time_ms": 1544193618370,
                                            "total_tx_pps": 3900291,
                                            "tx_pkts": 117008732,
                                            "tx_pps": 3900282
                                        },
                                        {
                                            "drop_pct": 0,
                                            "drop_percentage": 0.0,
                                            "rx_pkts": 117967832,
                                            "rx_pps": 3932250.0,
                                            "time_ms": 1544193650420,
                                            "total_tx_pps": 3932261,
                                            "tx_pkts": 117967832,
                                            "tx_pps": 3932250
                                        },
                                        {
                                            "drop_pct": 15427,
                                            "drop_percentage": 0.013024350190710864,
                                            "ndr_pps": 1966125,
                                            "rx_pkts": 118431941,
                                            "rx_pps": 3947721.767917005,
                                            "time_ms": 1544193682469,
                                            "total_tx_pps": 3948245,
                                            "tx_pkts": 118447368,
                                            "tx_pps": 3948236
                                        }
                                    ]
                                },
                                "ndr": {
                                    "duration_sec": 30.0,
                                    "initial_rate_type": "rate_percent",
                                    "l2frame_size": "IMIX",