{
    "benchmarks": {
        "network": {
            "service_chain": {
                "EXT": {
                    "result": {
                        "bidirectional": true,
                        "compute_nodes": {},
                        "flow_count": 1024,
                        "profile": "traffic_profile_IMIX",
                        "result": {
                            "IMIX": {
                                "iteration_stats": {
                                    "ndr_pdr": [
                                        {
                                            "drop_pct": 332906152,
                                            "drop_percentage": 77.01526603602639,
                                            "rx_pkts": 99353800,
                                            "rx_pps": 3762232.734464377,
                                            "time_ms": 1544197027147,
                                            "total_tx_pps": 14408665,
                                            "tx_pkts": 432259952,
                                            "tx_pps": 16368398,
                                            "warning": "WARNING: There is a significant difference between requested TX rate (16368398) and actual TX rate (14408665). The traffic generator may not have sufficient CPU to achieve the requested TX rate."
                                        },
                                        {
                                            "drop_pct": 145548030,
                                            "drop_percentage": 59.28002279120664,
                                            "rx_pkts": 99978242,
                                            "rx_pps": 3332603.5603225217,
                                            "time_ms": 1544197059181,
                                            "total_tx_pps": 8184209,
                                            "tx_pkts": 245526272,
                                            "tx_pps": 8184198
                                        },
                                        {
                                            "drop_pct": 22572128,
                                            "drop_percentage": 18.386713366416412,
                                            "rx_pkts": 100191128,
                                            "rx_pps": 3339695.670067141,
                                            "time_ms": 1544197091224,
                                            "total_tx_pps": 4092108,
                                            "tx_pkts": 122763256,
                                            "tx_pps": 4092098
                                        },
                                        {
                                            "drop_pct": 0,
                                            "drop_percentage": 0.0,
                                            "rx_pkts": 61381764,
                                            "rx_pps": 2046048.0,
                                            "time_ms": 1544197123270,
                                            "total_tx_pps": 2046058,
                                            "tx_pkts": 61381764,
                                            "tx_pps": 2046048
                                        },
                                        {
                                            "drop_pct": 0,
                                            "drop_percentage": 0.0,
                                            "rx_pkts": 92072504,
                                            "rx_pps": 3069074.0,
                                            "time_ms": 1544197155320,
                                            "total_tx_pps": 3069083,
                                            "tx_pkts": 92072504,
                                            "tx_pps": 3069074
                                        },
                                        {
                                            "drop_pct": 7181102,
                                            "drop_percentage": 6.685201755983268,
                                            "rx_pkts": 100236778,
                                            "rx_pps": 3341216.601853509,
                                            "time_ms": 1544197187361,
                                            "total_tx_pps": 3580596,
                                            "tx_pkts": 107417880,
                                            "tx_pps": 3580586
                                        },
                                        {
                                            "drop_pct": 0,
                                            "drop_percentage": 0.0,
                                            "rx_pkts": 99745188,
                                            "rx_pps": 3324830.0,
                                            "time_ms": 1544197219411,
                                            "total_tx_pps": 3324839,
                                            "tx_pkts": 99745188,
                                            "tx_pps": 3324830
                                        },
                                        {
                                            "drop_pct": 2242995,
                                            "drop_percentage": 2.165438854628388,
                                            "rx_pkts": 101338549,
                                            "rx_pps": 3377941.7194311377,
                                            "time_ms": 1544197251453,
                                            "total_tx_pps": 3452718,
                                            "tx_pkts": 103581544,
                                            "tx_pps": 3452708
                                        },
                                        {
                                            "drop_pct": 851750,
                                            "drop_percentage": 0.8378139699860461,
                                            "rx_pkts": 100811630,
                                            "rx_pps": 3360376.4282855834,
                                            "time_ms": 1544197283504,
                                            "total_tx_pps": 3388779,
                                            "tx_pkts": 101663380,
                                            "tx_pps": 3388768
                                        },
                                        {
                                            "drop_pct": 420,
                                            "drop_percentage": 0.0004170627273066339,
                                            "rx_pkts": 100703856,
                                            "rx_pps": 3356786.00003837,
                                            "time_ms": 1544197315545,
                                            "total_tx_pps": 3356809,
                                            "tx_pkts": 100704276,
                                            "tx_pps": 3356800
                                        },
                                        {
                                            "drop_pct": 105635,
                                            "drop_percentage": 0.10439909016294224,
                                            "ndr_pps": 1678400,
                                            "rx_pkts": 101078197,
                                            "rx_pps": 3369262.8441908387,
                                            "time_ms": 1544197347598,
                                            "total_tx_pps": 3372794,
                                            "tx_pkts": 101183832,
                                            "tx_pps": 3372784
                                        }
                                    ]
                                },
                                "ndr": {
                                    "duration_sec": 30.0,
                                    "initial_rate_type": "rate_percent",