{
    "benchmarks": {
        "network": {
            "service_chain": {
                "EXT": {
                    "result": {
                        "bidirectional": true,
                        "compute_nodes": {},
                        "flow_count": 1024,
                        "profile": "traffic_profile_IMIX",
                        "result": {
                            "IMIX": {
                                "iteration_stats": {
                                    "ndr_pdr": [
                                        {
                                            "drop_pct": 297195278,
                                            "drop_percentage": 68.800161470896,
                                            "rx_pkts": 134773589,
                                            "rx_pps": 5106913.745801088,
                                            "time_ms": 1544168164006,
                                            "total_tx_pps": 14398962,
                                            "tx_pkts": 431968867,
                                            "tx_pps": 16368398,
                                            "warning": "WARNING: There is a significant difference between requested TX rate (16368398) and actual TX rate (14398962). The traffic generator may not have sufficient CPU to achieve the requested TX rate."
                                        },
                                        {
                                            "drop_pct": 110988244,
                                            "drop_percentage": 45.204251917543466,
                                            "rx_pkts": 134537872,
                                            "rx_pps": 4484592.518649446,
                                            "time_ms": 1544168196047,
                                            "total_tx_pps": 8184203,
                                            "tx_pkts": 245526116,
                                            "tx_pps": 8184198
                                        },
                                        {
                                            "drop_pct": 0,
                                            "drop_percentage": 0.0,
                                            "rx_pkts": 122763118,
                                            "rx_pps": 4092098.0,
                                            "time_ms": 1544168228088,
                                            "total_tx_pps": 4092103,
                                            "tx_pkts": 122763118,
                                            "tx_pps": 4092098
                                        },
                                        {
                                            "drop_pct": 49237306,
                                            "drop_percentage": 26.738393707483954,
                                            "rx_pkts": 134907286,
                                            "rx_pps": 4496905.821411949,
                                            "time_ms": 1544168260127,
                                            "total_tx_pps": 6138153,
                                            "tx_pkts": 184144592,
                                            "tx_pps": 6138148
                                        },
                                        {
                                            "drop_pct": 18554607,
                                            "drop_percentage": 12.091324768067123,
                                            "rx_pkts": 134899273,
                                            "rx_pps": 4496637.744870654,
                                            "time_ms": 1544168292167,
                                            "total_tx_pps": 5115129,
                                            "tx_pkts": 153453880,
                                            "tx_pps": 5115124
                                        },
                                        {
                                            "drop_pct": 3317924,
                                            "drop_percentage": 2.4024041158136495,
                                            "rx_pkts": 134790564,
                                            "rx_pps": 4493012.683883991,
                                            "time_ms": 1544168324207,
                                            "total_tx_pps": 4603616,
                                            "tx_pkts": 138108488,
                                            "tx_pps": 4603610
                                        },
                                        {
                                            "drop_pct": 0,
                                            "drop_percentage": 0.0,
                                            "rx_pkts": 130435800,
                                            "rx_pps": 4347854.0,
                                            "time_ms": 1544168356247,
                                            "total_tx_pps": 4347860,
                                            "tx_pkts": 130435800,
                                            "tx_pps": 4347854
                                        },
                                        {
                                            "drop_pct": 0,
                                            "drop_percentage": 0.0,
                                            "rx_pkts": 134272136,
                                            "rx_pps": 4475732.0,
                                            "time_ms": 1544168388286,
                                            "total_tx_pps": 4475737,
                                            "tx_pkts": 134272136,
                                            "tx_pps": 4475732
                                        },
                                        {
                                            "drop_pct": 1543982,
                                            "drop_percentage": 1.1336944270500764,
                                            "rx_pkts": 134646332,
                                            "rx_pps": 4488205.991529647,
                                            "time_ms": 1544168420327,
                                            "total_tx_pps": 4539677,
                                            "tx_pkts": 136190314,
                                            "tx_pps": 4539672
                                        },
                                        {
                                            "drop_pct": 1195201,
                                            "drop_percentage": 0.8838202405787444,
                                            "rx_pkts": 134036031,
                                            "rx_pps": 4467862.017339027,
                                            "time_ms": 1544168452368,
                                            "total_tx_pps": 4507707,
                                            "tx_pkts": 135231232,
                                            "tx_pps": 4507702
                                        },
                                        {
                                            "drop_pct": 628735,
                                            "drop_percentage": 0.4665877778706894,
                                            "ndr_pps": 2237866,
                                            "rx_pkts": 134122973,
                                            "rx_pps": 4470760.192795582,
                                            "time_ms": 1544168484407,
                                            "total_tx_pps": 4491723,
                                            "tx_pkts": 134751708,
                                            "tx_pps": 4491718
                                        }
                                    ]
                                },
                                "ndr": {
                                    "duration_sec": 30.0,