{
    "benchmarks": {
        "network": {
            "service_chain": {
                "EXT": {
                    "result": {
                        "bidirectional": true,
                        "compute_nodes": {},
                        "flow_count": 1024,
                        "profile": "traffic_profile_IMIX",
                        "result": {
                            "IMIX": {
                                "iteration_stats": {
                                    "ndr_pdr": [
                                        {
                                            "drop_pct": 324586625,
                                            "drop_percentage": 75.0889894397952,
                                            "rx_pkts": 107682643,
                                            "rx_pps": 4077533.3543163515,
                                            "time_ms": 1544196501623,
                                            "total_tx_pps": 14408975,
                                            "tx_pkts": 432269268,
                                            "tx_pps": 16368398,
                                            "warning": "WARNING: There is a significant difference between requested TX rate (16368398) and actual TX rate (14408975). The traffic generator may not have sufficient CPU to achieve the requested TX rate."
                                        },
                                        {
                                            "drop_pct": 139422743,
                                            "drop_percentage": 56.785264511326915,
                                            "rx_pkts": 106103529,
                                            "rx_pps": 3536779.5175692732,
                                            "time_ms": 1544196533669,
                                            "total_tx_pps": 8184209,
                                            "tx_pkts": 245526272,
                                            "tx_pps": 8184198
                                        },
                                        {
                                            "drop_pct": 14953274,
                                            "drop_percentage": 12.180577875842589,
                                            "rx_pkts": 107809982,
                                            "rx_pps": 3593656.816354203,
                                            "time_ms": 1544196565711,
                                            "total_tx_pps": 4092108,
                                            "tx_pkts": 122763256,
                                            "tx_pps": 4092098
                                        },
                                        {
                                            "drop_pct": 0,
                                            "drop_percentage": 0.0,
                                            "rx_pkts": 61381764,
                                            "rx_pps": 2046048.0,
                                            "time_ms": 1544196597761,
                                            "total_tx_pps": 2046058,
                                            "tx_pkts": 61381764,
                                            "tx_pps": 2046048
                                        },
                                        {
                                            "drop_pct": 0,
                                            "drop_percentage": 0.0,
                                            "rx_pkts": 92072504,
                                            "rx_pps": 3069074.0,
                                            "time_ms": 1544196629811,
                                            "total_tx_pps": 3069083,
                                            "tx_pkts": 92072504,
                                            "tx_pps": 3069074
                                        },
                                        {
                                            "drop_pct": 516980,
                                            "drop_percentage": 0.48127928050711855,
                                            "rx_pkts": 106900900,
                                            "rx_pps": 3563353.381461261,
                                            "time_ms": 1544196661852,
                                            "total_tx_pps": 3580596,
                                            "tx_pkts": 107417880,
                                            "tx_pps": 3580586
                                        },
                                        {
                                            "drop_pct": 0,
                                            "drop_percentage": 0.0,
                                            "rx_pkts": 99745188,
                                            "rx_pps": 3324830.0,
                                            "time_ms": 1544196693894,
                                            "total_tx_pps": 3324839,
                                            "tx_pkts": 99745188,
                                            "tx_pps": 3324830
                                        },
                                        {
                                            "drop_pct": 0,
                                            "drop_percentage": 0.0,
                                            "rx_pkts": 103581544,
                                            "rx_pps": 3452708.0,
                                            "time_ms": 1544196725943,
                                            "total_tx_pps": 3452718,
                                            "tx_pkts": 103581544,
                                            "tx_pps": 3452708
                                        },
                                        {
                                            "drop_pct": 0,
                                            "drop_percentage": 0.0,
                                            "rx_pkts": 105499692,
                                            "rx_pps": 3516648.0,
                                            "time_ms": 1544196757983,
                                            "total_tx_pps": 3516656,
                                            "tx_pkts": 105499692,
                                            "tx_pps": 3516648
                                        },
                                        {
                                            "drop_pct": 0,
                                            "drop_percentage": 0.0,
                                            "rx_pkts": 106458792,
                                            "rx_pps": 3548616.0,
                                            "time_ms": 1544196790033,
                                            "total_tx_pps": 3548626,
                                            "tx_pkts": 106458792,
                                            "tx_pps": 3548616
                                        },
                                        {
                                            "drop_pct": 0,
                                            "drop_percentage": 0.0,
                                            "ndr_pps": 1782301,
                                            "rx_pkts": 106938356,
                                            "rx_pps": 3564602.0,
                                            "time_ms": 1544196822075,
                                            "total_tx_pps": 3564611,
                                            "tx_pkts": 106938356,
                                            "tx_pps": 3564602
                                        }
                                    ]
                                },
                                "ndr": {
                                    "duration_sec": 30.0,
                                    "initial_rate_type": "rate_percent",
                                    "l2frame_size": "IMIX",