{
    "benchmarks": {
        "network": {
            "service_chain": {
                "EXT": {
                    "result": {
                        "bidirectional": true,
                        "compute_nodes": {},
                        "flow_count": 1024,
                        "profile": "traffic_profile_IMIX",
                        "result": {
                            "IMIX": {
                                "iteration_stats": {
                                    "ndr_pdr": [
                                        {
                                            "drop_pct": 312273988,
                                            "drop_percentage": 72.29222262388429,
                                            "rx_pkts": 119686708,
                                            "rx_pps": 4535319.277876577,
                                            "time_ms": 1544192833608,
                                            "total_tx_pps": 14398689,
                                            "tx_pkts": 431960696,
                                            "tx_pps": 16368398,
                                            "warning": "WARNING: There is a significant difference between requested TX rate (16368398) and actual TX rate (14398689). The traffic generator may not have sufficient CPU to achieve the requested TX rate."
                                        },
                                        {
                                            "drop_pct": 124929764,
                                            "drop_percentage": 50.88246149555212,
                                            "rx_pkts": 120596416,
                                            "rx_pps": 4019876.6039302535,
                                            "time_ms": 1544192865650,
                                            "total_tx_pps": 8184206,
                                            "tx_pkts": 245526180,
                                            "tx_pps": 8184198
                                        },
                                        {
                                            "drop_pct": 4898167,
                                            "drop_percentage": 3.9899331017415522,
                                            "rx_pkts": 117864969,
                                            "rx_pps": 3928826.0273422957,
                                            "time_ms": 1544192897692,
                                            "total_tx_pps": 4092104,
                                            "tx_pkts": 122763136,
                                            "tx_pps": 4092098
                                        },
                                        {
                                            "drop_pct": 0,
                                            "drop_percentage": 0.0,
                                            "rx_pkts": 61381628,
                                            "rx_pps": 2046048.0,
                                            "time_ms": 1544192929733,
                                            "total_tx_pps": 2046054,
                                            "tx_pkts": 61381628,
                                            "tx_pps": 2046048
                                        },
                                        {
                                            "drop_pct": 0,
                                            "drop_percentage": 0.0,
                                            "rx_pkts": 92072356,
                                            "rx_pps": 3069074.0,
                                            "time_ms": 1544192961773,
                                            "total_tx_pps": 3069078,
                                            "tx_pkts": 92072356,
                                            "tx_pps": 3069074
                                        },
                                        {
                                            "drop_pct": 0,
                                            "drop_percentage": 0.0,
                                            "rx_pkts": 107417756,
                                            "rx_pps": 3580586.0,
                                            "time_ms": 1544192993813,
                                            "total_tx_pps": 3580591,
                                            "tx_pkts": 107417756,
                                            "tx_pps": 3580586
                                        },
                                        {
                                            "drop_pct": 624,
                                            "drop_percentage": 0.0005421824836444658,
                                            "rx_pkts": 115089778,
                                            "rx_pps": 3836321.2000256632,
                                            "time_ms": 1544193025855,
                                            "total_tx_pps": 3836346,
                                            "tx_pkts": 115090402,
                                            "tx_pps": 3836342
                                        },
                                        {
                                            "drop_pct": 851525,
                                            "drop_percentage": 0.7160075655266849,
                                            "rx_pkts": 118075291,
                                            "rx_pps": 3935835.884885878,
                                            "time_ms": 1544193057896,
                                            "total_tx_pps": 3964227,
                                            "tx_pkts": 118926816,
                                            "tx_pps": 3964220
                                        },
                                        {
                                            "drop_pct": 5525,
                                            "drop_percentage": 0.004721874902090535,
                                            "rx_pkts": 117003081,
                                            "rx_pps": 3900097.8335631313,
                                            "time_ms": 1544193089936,
                                            "total_tx_pps": 3900286,
                                            "tx_pkts": 117008606,
                                            "tx_pps": 3900282
                                        },
                                        {
                                            "drop_pct": 1112,
                                            "drop_percentage": 0.0009582112360814648,
                                            "rx_pkts": 116048456,
                                            "rx_pps": 3868274.933399769,
                                            "time_ms": 1544193121975,
                                            "total_tx_pps": 3868318,
                                            "tx_pkts": 116049568,
                                            "tx_pps": 3868312
                                        },
                                        {
                                            "drop_pct": 5388,
                                            "drop_percentage": 0.0046237397455827535,
                                            "ndr_pps": 1934156,
                                            "rx_pkts": 116523662,
                                            "rx_pps": 3884116.4002620117,
                                            "time_ms": 1544193154015,
                                            "total_tx_pps": 3884301,
                                            "tx_pkts": 116529050,
                                            "tx_pps": 3884296
                                        }
                                    ]
                                },
                                "ndr": {
                                    "duration_sec": 30.0,