{
    "benchmarks": {
        "network": {
            "service_chain": {
                "EXT": {
                    "result": {
                        "bidirectional": true,
                        "compute_nodes": {},
                        "flow_count": 1024,
                        "profile": "traffic_profile_IMIX",
                        "result": {
                            "IMIX": {
                                "iteration_stats": {
                                    "ndr_pdr": [
                                        {
                                            "drop_pct": 394122388,
                                            "drop_percentage": 91.05917801281942,
                                            "rx_pkts": 38697671,
                                            "rx_pps": 1463469.327333227,
                                            "time_ms": 1544205798863,
                                            "total_tx_pps": 14427335,
                                            "tx_pkts": 432820059,
                                            "tx_pps": 16368398,
                                            "warning": "WARNING: There is a significant difference between requested TX rate (16368398) and actual TX rate (14427335). The traffic generator may not have sufficient CPU to achieve the requested TX rate."
                                        },
                                        {
                                            "drop_pct": 207153779,
                                            "drop_percentage": 84.37136072413948,
                                            "rx_pkts": 38372401,
                                            "rx_pps": 1279078.7830421913,
                                            "time_ms": 1544205830902,
                                            "total_tx_pps": 8184206,
                                            "tx_pkts": 245526180,
                                            "tx_pps": 8184198
                                        },
                                        {
                                            "drop_pct": 84370074,
                                            "drop_percentage": 68.7259031897002,
                                            "rx_pkts": 38393062,
                                            "rx_pps": 1279766.6900923417,
                                            "time_ms": 1544205862947,
                                            "total_tx_pps": 4092104,
                                            "tx_pkts": 122763136,
                                            "tx_pps": 4092098
                                        },
                                        {
                                            "drop_pct": 22833124,
                                            "drop_percentage": 37.19862887963806,
                                            "rx_pkts": 38548504,
                                            "rx_pps": 1284946.197780743,
                                            "time_ms": 1544205894993,
                                            "total_tx_pps": 2046054,
                                            "tx_pkts": 61381628,
                                            "tx_pps": 2046048
                                        },
                                        {
                                            "drop_pct": 0,
                                            "drop_percentage": 0.0,
                                            "rx_pkts": 30690882,
                                            "rx_pps": 1023024.0,
                                            "time_ms": 1544205927033,
                                            "total_tx_pps": 1023029,
                                            "tx_pkts": 30690882,
                                            "tx_pps": 1023024
                                        },
                                        {
                                            "drop_pct": 7629365,
                                            "drop_percentage": 16.57251550365134,
                                            "rx_pkts": 38406887,
                                            "rx_pps": 1280224.7834908888,
                                            "time_ms": 1544205959075,
                                            "total_tx_pps": 1534541,
                                            "tx_pkts": 46036252,
                                            "tx_pps": 1534536
                                        },
                                        {
                                            "drop_pct": 32547,
                                            "drop_percentage": 0.08483829841696172,
                                            "rx_pkts": 38331023,
                                            "rx_pps": 1277695.1048075038,
                                            "time_ms": 1544205991117,
                                            "total_tx_pps": 1278785,
                                            "tx_pkts": 38363570,
                                            "tx_pps": 1278780
                                        },
                                        {
                                            "drop_pct": 282,
                                            "drop_percentage": 0.000816746713637133,
                                            "rx_pkts": 34526946,
                                            "rx_pps": 1150892.6000457378,
                                            "time_ms": 1544206023156,
                                            "total_tx_pps": 1150907,
                                            "tx_pkts": 34527228,
                                            "tx_pps": 1150902
                                        },
                                        {
                                            "drop_pct": 1982,
                                            "drop_percentage": 0.00543827204530613,
                                            "rx_pkts": 36443418,
                                            "rx_pps": 1214775.9335871192,
                                            "time_ms": 1544206055196,
                                            "total_tx_pps": 1214846,
                                            "tx_pkts": 36445400,
                                            "tx_pps": 1214842
                                        },
                                        {
                                            "drop_pct": 1529,
                                            "drop_percentage": 0.004308703835366371,
                                            "rx_pkts": 35484781,
                                            "rx_pps": 1182821.0335487686,
                                            "time_ms": 1544206087237,
                                            "total_tx_pps": 1182877,
                                            "tx_pkts": 35486310,
                                            "tx_pps": 1182872
                                        },
                                        {
                                            "drop_pct": 0,
                                            "drop_percentage": 0.0,
                                            "ndr_pps": 583443,
                                            "rx_pkts": 35006766,
                                            "rx_pps": 1166886.0,
                                            "time_ms": 1544206119277,
                                            "total_tx_pps": 1166892,
                                            "tx_pkts": 35006766,
                                            "tx_pps": 1166886
                                        }
                                    ]
                                },
                                "ndr": {
                                    "duration_sec": 30.0,