{
    "benchmarks": {
        "network": {
            "service_chain": {
                "EXT": {
                    "result": {
                        "bidirectional": true,
                        "compute_nodes": {},
                        "flow_count": 1024,
                        "profile": "traffic_profile_IMIX",
                        "result": {
                            "IMIX": {
                                "iteration_stats": {
                                    "ndr_pdr": [
                                        {
                                            "drop_pct": 341208518,
                                            "drop_percentage": 78.93958768134159,
                                            "rx_pkts": 91031538,
                                            "rx_pps": 3447252.1087590368,
                                            "time_ms": 1544198451816,
                                            "total_tx_pps": 14408001,
                                            "tx_pkts": 432240056,
                                            "tx_pps": 16368398,
                                            "warning": "WARNING: There is a significant difference between requested TX rate (16368398) and actual TX rate (14408001). The traffic generator may not have sufficient CPU to achieve the requested TX rate."
                                        },
                                        {
                                            "drop_pct": 154180178,
                                            "drop_percentage": 62.79579645146895,
                                            "rx_pkts": 91346094,
                                            "rx_pps": 3044865.682734807,
                                            "time_ms": 1544198483856,
                                            "total_tx_pps": 8184209,
                                            "tx_pkts": 245526272,
                                            "tx_pps": 8184198
                                        },
                                        {
                                            "drop_pct": 60540841,
                                            "drop_percentage": 49.31511510251895,
                                            "rx_pkts": 62222415,
                                            "rx_pps": 2074075.1611921238,
                                            "time_ms": 1544198515897,
                                            "total_tx_pps": 4092108,
                                            "tx_pkts": 122763256,
                                            "tx_pps": 4092098
                                        },
                                        {
                                            "drop_pct": 29580710,
                                            "drop_percentage": 48.191365109676546,
                                            "rx_pkts": 31801054,
                                            "rx_pps": 1060029.5380007653,
                                            "time_ms": 1544198547943,
                                            "total_tx_pps": 2046058,
                                            "tx_pkts": 61381764,
                                            "tx_pps": 2046048
                                        },
                                        {
                                            "drop_pct": 14137531,
                                            "drop_percentage": 46.064063690291164,
                                            "rx_pkts": 16553489,
                                            "rx_pps": 551777.5730730357,
                                            "time_ms": 1544198579985,
                                            "total_tx_pps": 1023034,
                                            "tx_pkts": 30691020,
                                            "tx_pps": 1023024
                                        },
                                        {
                                            "drop_pct": 6464597,
                                            "drop_percentage": 42.126593057938784,
                                            "rx_pkts": 8881047,
                                            "rx_pps": 296029.4213174762,
                                            "time_ms": 1544198612019,
                                            "total_tx_pps": 511521,
                                            "tx_pkts": 15345644,
                                            "tx_pps": 511512
                                        },
                                        {
                                            "drop_pct": 2693313,
                                            "drop_percentage": 35.101355930436235,
                                            "rx_pkts": 4979647,
                                            "rx_pps": 165982.17612655353,
                                            "time_ms": 1544198644059,
                                            "total_tx_pps": 255765,
                                            "tx_pkts": 7672960,
                                            "tx_pps": 255756
                                        },
                                        {
                                            "drop_pct": 716258,
                                            "drop_percentage": 18.66900414323456,
                                            "rx_pkts": 3120358,
                                            "rx_pps": 104004.45088171451,
                                            "time_ms": 1544198676092,
                                            "total_tx_pps": 127887,
                                            "tx_pkts": 3836616,
                                            "tx_pps": 127878
                                        },
                                        {
                                            "drop_pct": 38,
                                            "drop_percentage": 0.0019807719172412644,
                                            "rx_pkts": 1918406,
                                            "rx_pps": 63936.73353405155,
                                            "time_ms": 1544198708139,
                                            "total_tx_pps": 63948,
                                            "tx_pkts": 1918444,
                                            "tx_pps": 63938
                                        },
                                        {
                                            "drop_pct": 0,
                                            "drop_percentage": 0.0,
                                            "rx_pkts": 959356,
                                            "rx_pps": 31968.0,
                                            "time_ms": 1544198740178,
                                            "total_tx_pps": 31978,
                                            "tx_pkts": 959356,
                                            "tx_pps": 31968
                                        },
                                        {
                                            "drop_pct": 0,
                                            "drop_percentage": 0.0,
                                            "ndr_pps": 23977,
                                            "rx_pkts": 1438900,
                                            "rx_pps": 47954.0,
                                            "time_ms": 1544198772221,
                                            "total_tx_pps": 47963,
                                            "tx_pkts": 1438900,
                                            "tx_pps": 47954
                                        }
                                    ]
                                },
                                "ndr": {
                                    "duration_sec": 30.0,
                                    "initial_rate_type": "rate_percent",