{
    "benchmarks": {
        "network": {
            "service_chain": {
                "EXT": {
                    "result": {
                        "bidirectional": true,
                        "compute_nodes": {},
                        "flow_count": 1024,
                        "profile": "traffic_profile_IMIX",
                        "result": {
                            "IMIX": {
                                "iteration_stats": {
                                    "ndr_pdr": [
                                        {
                                            "drop_pct": 431471157,
                                            "drop_percentage": 99.39598012469057,
                                            "rx_pkts": 2622009,
                                            "rx_pps": 98868.37718975173,
                                            "time_ms": 1544203826579,
                                            "total_tx_pps": 14469772,
                                            "tx_pkts": 434093166,
                                            "tx_pps": 16368398,
                                            "warning": "WARNING: There is a significant difference between requested TX rate (16368398) and actual TX rate (14469772). The traffic generator may not have sufficient CPU to achieve the requested TX rate."
                                        },
                                        {
                                            "drop_pct": 242982401,
                                            "drop_percentage": 98.96391087630737,
                                            "rx_pkts": 2543871,
                                            "rx_pps": 84795.58533947004,
                                            "time_ms": 1544203858611,
                                            "total_tx_pps": 8184209,
                                            "tx_pkts": 245526272,
                                            "tx_pps": 8184198
                                        },
                                        {
                                            "drop_pct": 120156441,
                                            "drop_percentage": 97.87655110744211,
                                            "rx_pkts": 2606815,
                                            "rx_pps": 86893.60966338351,
                                            "time_ms": 1544203890645,
                                            "total_tx_pps": 4092108,
                                            "tx_pkts": 122763256,
                                            "tx_pps": 4092098
                                        },
                                        {
                                            "drop_pct": 58797456,
                                            "drop_percentage": 95.7897788665702,
                                            "rx_pkts": 2584308,
                                            "rx_pps": 86143.1452961177,
                                            "time_ms": 1544203922682,
                                            "total_tx_pps": 2046058,
                                            "tx_pkts": 61381764,
                                            "tx_pps": 2046048
                                        },
                                        {
                                            "drop_pct": 28038520,
                                            "drop_percentage": 91.35740682453695,
                                            "rx_pkts": 2652500,
                                            "rx_pps": 88415.80240734908,
                                            "time_ms": 1544203954723,
                                            "total_tx_pps": 1023034,
                                            "tx_pkts": 30691020,
                                            "tx_pps": 1023024
                                        },
                                        {
                                            "drop_pct": 12648184,
                                            "drop_percentage": 82.42198242054879,
                                            "rx_pkts": 2697460,
                                            "rx_pps": 89913.66928100248,
                                            "time_ms": 1544203986763,
                                            "total_tx_pps": 511521,
                                            "tx_pkts": 15345644,
                                            "tx_pps": 511512
                                        },
                                        {
                                            "drop_pct": 5127137,
                                            "drop_percentage": 66.820848798899,
                                            "rx_pkts": 2545823,
                                            "rx_pps": 84857.66994588789,
                                            "time_ms": 1544204018809,
                                            "total_tx_pps": 255765,
                                            "tx_pkts": 7672960,
                                            "tx_pps": 255756
                                        },
                                        {
                                            "drop_pct": 1287546,
                                            "drop_percentage": 33.559417987101135,
                                            "rx_pkts": 2549070,
                                            "rx_pps": 84962.8874664548,
                                            "time_ms": 1544204050850,
                                            "total_tx_pps": 127887,
                                            "tx_pkts": 3836616,
                                            "tx_pps": 127878
                                        },
                                        {
                                            "drop_pct": -486374,
                                            "drop_percentage": -25.352525275692177,
                                            "rx_pkts": 2404818,
                                            "rx_pps": 80147.89761077207,
                                            "time_ms": 1544204082888,
                                            "total_tx_pps": 63948,
                                            "tx_pkts": 1918444,
                                            "tx_pps": 63938
                                        },
                                        {
                                            "drop_pct": 460519,
                                            "drop_percentage": 16.00395755807407,
                                            "rx_pkts": 2417013,
                                            "rx_pps": 80558.92438520234,
                                            "time_ms": 1544204114930,
                                            "total_tx_pps": 95917,
                                            "tx_pkts": 2877532,
                                            "tx_pps": 95908
                                        },
                                        {
                                            "drop_pct": -36255,
                                            "drop_percentage": -1.5118949917931062,
                                            "ndr_pps": 39961,
                                            "rx_pkts": 2434239,
                                            "rx_pps": 81130.33671534089,
                                            "time_ms": 1544204146963,
                                            "total_tx_pps": 79932,
                                            "tx_pkts": 2397984,
                                            "tx_pps": 79922
                                        }
                                    ]
                                },
                                "ndr": {
                                    "duration_sec": 30.0,