{
    "benchmarks": {
        "network": {
            "service_chain": {
                "EXT": {
                    "result": {
                        "bidirectional": true,
                        "compute_nodes": {},
                        "flow_count": 1024,
                        "profile": "traffic_profile_IMIX",
                        "result": {
                            "IMIX": {
                                "iteration_stats": {
                                    "ndr_pdr": [
                                        {
                                            "drop_pct": 427208379,
                                            "drop_percentage": 98.42354628232252,
                                            "rx_pkts": 6842613,
                                            "rx_pps": 258040.21879524644,
                                            "time_ms": 1544200157480,
                                            "total_tx_pps": 14468366,
                                            "tx_pkts": 434050992,
                                            "tx_pps": 16368398,
                                            "warning": "WARNING: There is a significant difference between requested TX rate (16368398) and actual TX rate (14468366). The traffic generator may not have sufficient CPU to achieve the requested TX rate."
                                        },
                                        {
                                            "drop_pct": 238733743,
                                            "drop_percentage": 97.23348180026942,
                                            "rx_pkts": 6792529,
                                            "rx_pps": 226417.32717198643,
                                            "time_ms": 1544200189522,
                                            "total_tx_pps": 8184209,
                                            "tx_pkts": 245526272,
                                            "tx_pps": 8184198
                                        },
                                        {
                                            "drop_pct": 116307040,
                                            "drop_percentage": 94.74092150178878,
                                            "rx_pkts": 6456216,
                                            "rx_pps": 215206.64604373154,
                                            "time_ms": 1544200221574,
                                            "total_tx_pps": 4092108,
                                            "tx_pkts": 122763256,
                                            "tx_pps": 4092098
                                        },
                                        {
                                            "drop_pct": 53827123,
                                            "drop_percentage": 87.6923690234774,
                                            "rx_pkts": 7554641,
                                            "rx_pps": 251820.0374425212,
                                            "time_ms": 1544200253625,
                                            "total_tx_pps": 2046058,
                                            "tx_pkts": 61381764,
                                            "tx_pps": 2046048
                                        },
                                        {
                                            "drop_pct": 24918448,
                                            "drop_percentage": 81.19133218772136,
                                            "rx_pkts": 5772572,
                                            "rx_pps": 192417.18579988545,
                                            "time_ms": 1544200285675,
                                            "total_tx_pps": 1023034,
                                            "tx_pkts": 30691020,
                                            "tx_pps": 1023024
                                        },
                                        {
                                            "drop_pct": 10606926,
                                            "drop_percentage": 69.12010991523067,
                                            "rx_pkts": 4738718,
                                            "rx_pps": 157954.3433704053,
                                            "time_ms": 1544200317723,
                                            "total_tx_pps": 511521,
                                            "tx_pkts": 15345644,
                                            "tx_pps": 511512
                                        },
                                        {
                                            "drop_pct": 3975529,
                                            "drop_percentage": 51.81219503294687,
                                            "rx_pkts": 3697431,
                                            "rx_pps": 123243.20247153641,
                                            "time_ms": 1544200349768,
                                            "total_tx_pps": 255765,
                                            "tx_pkts": 7672960,
                                            "tx_pps": 255756
                                        },
                                        {
                                            "drop_pct": 634185,
                                            "drop_percentage": 16.529801262362458,
                                            "rx_pkts": 3202431,
                                            "rx_pps": 106740.02074171614,
                                            "time_ms": 1544200381812,
                                            "total_tx_pps": 127887,
                                            "tx_pkts": 3836616,
                                            "tx_pps": 127878
                                        },
                                        {
                                            "drop_pct": -807368,
                                            "drop_percentage": -42.08452266524329,
                                            "rx_pkts": 2725812,
                                            "rx_pps": 90846.00210170327,
                                            "time_ms": 1544200413862,
                                            "total_tx_pps": 63948,
                                            "tx_pkts": 1918444,
                                            "tx_pps": 63938
                                        },
                                        {
                                            "drop_pct": -26627,
                                            "drop_percentage": -0.9253415774351076,
                                            "rx_pkts": 2904159,
                                            "rx_pps": 96795.47660008646,
                                            "time_ms": 1544200445915,
                                            "total_tx_pps": 95917,
                                            "tx_pkts": 2877532,
                                            "tx_pps": 95908
                                        },
                                        {
                                            "drop_pct": 311955,
                                            "drop_percentage": 9.29247272623286,
                                            "ndr_pps": 47954,
                                            "rx_pkts": 3045117,
                                            "rx_pps": 101494.46641716354,
                                            "time_ms": 1544200477967,
                                            "total_tx_pps": 111902,
                                            "tx_pkts": 3357072,
                                            "tx_pps": 111892
                                        }
                                    ]
                                },
                                "ndr": {
                                    "duration_sec": 30.0,