{
    "benchmarks": {
        "network": {
            "service_chain": {
                "EXT": {
                    "result": {
                        "bidirectional": true,
                        "compute_nodes": {},
                        "flow_count": 1024,
                        "profile": "traffic_profile_IMIX",
                        "result": {
                            "IMIX": {
                                "iteration_stats": {
                                    "ndr_pdr": [
                                        {
                                            "drop_pct": 430661519,
                                            "drop_percentage": 99.20387089715605,
                                            "rx_pkts": 3456137,
                                            "rx_pps": 130313.58014732688,
                                            "time_ms": 1544201173918,
                                            "total_tx_pps": 14470588,
                                            "tx_pkts": 434117656,
                                            "tx_pps": 16368398,
                                            "warning": "WARNING: There is a significant difference between requested TX rate (16368398) and actual TX rate (14470588). The traffic generator may not have sufficient CPU to achieve the requested TX rate."
                                        },
                                        {
                                            "drop_pct": 242004772,
                                            "drop_percentage": 98.56573393498192,
                                            "rx_pkts": 3521500,
                                            "rx_pps": 117383.17460788832,
                                            "time_ms": 1544201205969,
                                            "total_tx_pps": 8184209,
                                            "tx_pkts": 245526272,
                                            "tx_pps": 8184198
                                        },
                                        {
                                            "drop_pct": 119173420,
                                            "drop_percentage": 97.07580580951681,
                                            "rx_pkts": 3589836,
                                            "rx_pps": 119660.8919848789,
                                            "time_ms": 1544201238020,
                                            "total_tx_pps": 4092108,
                                            "tx_pkts": 122763256,
                                            "tx_pps": 4092098
                                        },
                                        {
                                            "drop_pct": 57813831,
                                            "drop_percentage": 94.18730781344114,
                                            "rx_pkts": 3567933,
                                            "rx_pps": 118930.4722292439,
                                            "time_ms": 1544201270071,
                                            "total_tx_pps": 2046058,
                                            "tx_pkts": 61381764,
                                            "tx_pps": 2046048
                                        },
                                        {
                                            "drop_pct": 27464743,
                                            "drop_percentage": 89.48787951654914,
                                            "rx_pkts": 3226277,
                                            "rx_pps": 107541.5154546183,
                                            "time_ms": 1544201302121,
                                            "total_tx_pps": 1023034,
                                            "tx_pkts": 30691020,
                                            "tx_pps": 1023024
                                        },
                                        {
                                            "drop_pct": 12254664,
                                            "drop_percentage": 79.85760649732262,
                                            "rx_pkts": 3090980,
                                            "rx_pps": 103030.75985341512,
                                            "time_ms": 1544201334167,
                                            "total_tx_pps": 511521,
                                            "tx_pkts": 15345644,
                                            "tx_pps": 511512
                                        },
                                        {
                                            "drop_pct": 4785966,
                                            "drop_percentage": 62.37444219701393,
                                            "rx_pkts": 2886994,
                                            "rx_pps": 96229.62161460506,
                                            "time_ms": 1544201366219,
                                            "total_tx_pps": 255765,
                                            "tx_pkts": 7672960,
                                            "tx_pps": 255756
                                        },
                                        {
                                            "drop_pct": 1122371,
                                            "drop_percentage": 29.254191714781985,
                                            "rx_pkts": 2714245,
                                            "rx_pps": 90468.3247189711,
                                            "time_ms": 1544201398268,
                                            "total_tx_pps": 127887,
                                            "tx_pkts": 3836616,
                                            "tx_pps": 127878
                                        },
                                        {
                                            "drop_pct": -575126,
                                            "drop_percentage": -29.978774465139455,
                                            "rx_pkts": 2493570,
                                            "rx_pps": 83105.82881752086,
                                            "time_ms": 1544201430314,
                                            "total_tx_pps": 63948,
                                            "tx_pkts": 1918444,
                                            "tx_pps": 63938
                                        },
                                        {
                                            "drop_pct": 360635,
                                            "drop_percentage": 12.532788514602096,
                                            "rx_pkts": 2516897,
                                            "rx_pps": 83888.05319141543,
                                            "time_ms": 1544201462364,
                                            "total_tx_pps": 95917,
                                            "tx_pkts": 2877532,
                                            "tx_pps": 95908
                                        },
                                        {
                                            "drop_pct": -166771,
                                            "drop_percentage": -6.954633558856106,
                                            "ndr_pps": 39961,
                                            "rx_pkts": 2564755,
                                            "rx_pps": 85480.28223290898,
                                            "time_ms": 1544201494410,
                                            "total_tx_pps": 79932,
                                            "tx_pkts": 2397984,
                                            "tx_pps": 79922
                                        }
                                    ]
                                },
                                "ndr": {
                                    "duration_sec": 30.0,