{
    "benchmarks": {
        "network": {
            "service_chain": {
                "EXT": {
                    "result": {
                        "bidirectional": true,
                        "compute_nodes": {},
                        "flow_count": 1024,
                        "profile": "traffic_profile_IMIX",
                        "result": {
                            "IMIX": {
                                "iteration_stats": {
                                    "ndr_pdr": [
                                        {
                                            "drop_pct": 406880908,
                                            "drop_percentage": 93.9678354692277,
                                            "rx_pkts": 26119284,
                                            "rx_pps": 987368.6984116435,
                                            "time_ms": 1544206683606,
                                            "total_tx_pps": 14433339,
                                            "tx_pkts": 433000192,
                                            "tx_pps": 16368398,
                                            "warning": "WARNING: There is a significant difference between requested TX rate (16368398) and actual TX rate (14433339). The traffic generator may not have sufficient CPU to achieve the requested TX rate."
                                        },
                                        {
                                            "drop_pct": 219488376,
                                            "drop_percentage": 89.39510075870524,
                                            "rx_pkts": 26037804,
                                            "rx_pps": 867925.9516080609,
                                            "time_ms": 1544206715647,
                                            "total_tx_pps": 8184206,
                                            "tx_pkts": 245526180,
                                            "tx_pps": 8184198
                                        },
                                        {
                                            "drop_pct": 96638698,
                                            "drop_percentage": 78.71963942009432,
                                            "rx_pkts": 26124438,
                                            "rx_pps": 870813.2096831085,
                                            "time_ms": 1544206747681,
                                            "total_tx_pps": 4092104,
                                            "tx_pkts": 122763136,
                                            "tx_pps": 4092098
                                        },
                                        {
                                            "drop_pct": 35234322,
                                            "drop_percentage": 57.402064995734555,
                                            "rx_pkts": 26147306,
                                            "rx_pps": 871574.1971960731,
                                            "time_ms": 1544206779718,
                                            "total_tx_pps": 2046054,
                                            "tx_pkts": 61381628,
                                            "tx_pps": 2046048
                                        },
                                        {
                                            "drop_pct": 4495523,
                                            "drop_percentage": 14.64774782295276,
                                            "rx_pkts": 26195359,
                                            "rx_pps": 873174.0243117156,
                                            "time_ms": 1544206811762,
                                            "total_tx_pps": 1023029,
                                            "tx_pkts": 30690882,
                                            "tx_pps": 1023024
                                        },
                                        {
                                            "drop_pct": 0,
                                            "drop_percentage": 0.0,
                                            "rx_pkts": 15345510,
                                            "rx_pps": 511512.0,
                                            "time_ms": 1544206843801,
                                            "total_tx_pps": 511517,
                                            "tx_pkts": 15345510,
                                            "tx_pps": 511512
                                        },
                                        {
                                            "drop_pct": 0,
                                            "drop_percentage": 0.0,
                                            "rx_pkts": 23018196,
                                            "rx_pps": 767268.0,
                                            "time_ms": 1544206875838,
                                            "total_tx_pps": 767273,
                                            "tx_pkts": 23018196,
                                            "tx_pps": 767268
                                        },
                                        {
                                            "drop_pct": 425503,
                                            "drop_percentage": 1.5844733579106816,
                                            "rx_pkts": 26429035,
                                            "rx_pps": 880962.6501155968,
                                            "time_ms": 1544206907871,
                                            "total_tx_pps": 895151,
                                            "tx_pkts": 26854538,
                                            "tx_pps": 895146
                                        },
                                        {
                                            "drop_pct": 1791,
                                            "drop_percentage": 0.007182280915969799,
                                            "rx_pkts": 24934577,
                                            "rx_pps": 831146.3004500896,
                                            "time_ms": 1544206939906,
                                            "total_tx_pps": 831212,
                                            "tx_pkts": 24936368,
                                            "tx_pps": 831206
                                        },
                                        {
                                            "drop_pct": 2750,
                                            "drop_percentage": 0.01146919083398951,
                                            "rx_pkts": 23974530,
                                            "rx_pps": 799146.3338685622,
                                            "time_ms": 1544206971957,
                                            "total_tx_pps": 799242,
                                            "tx_pkts": 23977280,
                                            "tx_pps": 799238
                                        },
                                        {
                                            "drop_pct": 68,
                                            "drop_percentage": 0.00028938955741186664,
                                            "ndr_pps": 391626,
                                            "rx_pkts": 23497670,
                                            "rx_pps": 783249.7333505037,
                                            "time_ms": 1544207003997,
                                            "total_tx_pps": 783257,
                                            "tx_pkts": 23497738,
                                            "tx_pps": 783252
                                        }
                                    ]
                                },
                                "ndr": {
                                    "duration_sec": 30.0,
                                    "initial_rate_type": "rate_percent",