{
    "benchmarks": {
        "network": {
            "service_chain": {
                "EXT": {
                    "result": {
                        "bidirectional": true,
                        "compute_nodes": {},
                        "flow_count": 1024,
                        "profile": "traffic_profile_IMIX",
                        "result": {
                            "IMIX": {
                                "iteration_stats": {
                                    "ndr_pdr": [
                                        {
                                            "drop_pct": 297519156,
                                            "drop_percentage": 68.8699857669604,
                                            "rx_pkts": 134482031,
                                            "rx_pps": 5095484.62712057,
                                            "time_ms": 1544204637049,
                                            "total_tx_pps": 14400039,
                                            "tx_pkts": 432001187,
                                            "tx_pps": 16368398,
                                            "warning": "WARNING: There is a significant difference between requested TX rate (16368398) and actual TX rate (14400039). The traffic generator may not have sufficient CPU to achieve the requested TX rate."
                                        },
                                        {
                                            "drop_pct": 111429743,
                                            "drop_percentage": 45.38405761862136,
                                            "rx_pkts": 134096437,
                                            "rx_pps": 4469876.864057942,
                                            "time_ms": 1544204669096,
                                            "total_tx_pps": 8184206,
                                            "tx_pkts": 245526180,
                                            "tx_pps": 8184198
                                        },
                                        {
                                            "drop_pct": 526390,
                                            "drop_percentage": 0.42878507111450787,
                                            "rx_pkts": 122236746,
                                            "rx_pps": 4074551.6946806246,
                                            "time_ms": 1544204701141,
                                            "total_tx_pps": 4092104,
                                            "tx_pkts": 122763136,
                                            "tx_pps": 4092098
                                        },
                                        {
                                            "drop_pct": 0,
                                            "drop_percentage": 0.0,
                                            "rx_pkts": 61381628,
                                            "rx_pps": 2046048.0,
                                            "time_ms": 1544204733175,
                                            "total_tx_pps": 2046054,
                                            "tx_pkts": 61381628,
                                            "tx_pps": 2046048
                                        },
                                        {
                                            "drop_pct": 0,
                                            "drop_percentage": 0.0,
                                            "rx_pkts": 92072356,
                                            "rx_pps": 3069074.0,
                                            "time_ms": 1544204765216,
                                            "total_tx_pps": 3069078,
                                            "tx_pkts": 92072356,
                                            "tx_pps": 3069074
                                        },
                                        {
                                            "drop_pct": 0,
                                            "drop_percentage": 0.0,
                                            "rx_pkts": 107417756,
                                            "rx_pps": 3580586.0,
                                            "time_ms": 1544204797252,
                                            "total_tx_pps": 3580591,
                                            "tx_pkts": 107417756,
                                            "tx_pps": 3580586
                                        },
                                        {
                                            "drop_pct": 1652,
                                            "drop_percentage": 0.0014353933701613103,
                                            "rx_pkts": 115088750,
                                            "rx_pps": 3836286.9334012754,
                                            "time_ms": 1544204829290,
                                            "total_tx_pps": 3836346,
                                            "tx_pkts": 115090402,
                                            "tx_pps": 3836342
                                        },
                                        {
                                            "drop_pct": 25003,
                                            "drop_percentage": 0.022473784150570237,
                                            "rx_pkts": 111229069,
                                            "rx_pps": 3707630.5678053377,
                                            "time_ms": 1544204861331,
                                            "total_tx_pps": 3708469,
                                            "tx_pkts": 111254072,
                                            "tx_pps": 3708464
                                        },
                                        {
                                            "drop_pct": 0,
                                            "drop_percentage": 0.0,
                                            "rx_pkts": 109335952,
                                            "rx_pps": 3644526.0,
                                            "time_ms": 1544204893370,
                                            "total_tx_pps": 3644531,
                                            "tx_pkts": 109335952,
                                            "tx_pps": 3644526
                                        },
                                        {
                                            "drop_pct": 30349,
                                            "drop_percentage": 0.027516213522407892,
                                            "rx_pkts": 110264623,
                                            "rx_pps": 3675482.3680608217,
                                            "time_ms": 1544204925411,
                                            "total_tx_pps": 3676499,
                                            "tx_pkts": 110294972,
                                            "tx_pps": 3676494
                                        },
                                        {
                                            "drop_pct": 0,
                                            "drop_percentage": 0.0,
                                            "ndr_pps": 1830255,
                                            "rx_pkts": 109815456,
                                            "rx_pps": 3660510.0,
                                            "time_ms": 1544204957450,
                                            "total_tx_pps": 3660515,
                                            "tx_pkts": 109815456,
                                            "tx_pps": 3660510
                                        }
                                    ]
                                },
                                "ndr": {
                                    "duration_sec": 30.0,
                                    "initial_rate_type": "rate_percent",