{
    "benchmarks": {
        "network": {
            "service_chain": {
                "EXT": {
                    "result": {
                        "bidirectional": true,
                        "compute_nodes": {},
                        "flow_count": 1024,
                        "profile": "traffic_profile_IMIX",
                        "result": {
                            "IMIX": {
                                "iteration_stats": {
                                    "ndr_pdr": [
                                        {
                                            "drop_pct": 407922248,
                                            "drop_percentage": 94.07222864285065,
                                            "rx_pkts": 25704396,
                                            "rx_pps": 970281.2082682076,
                                            "time_ms": 1544199324918,
                                            "total_tx_pps": 14454221,
                                            "tx_pkts": 433626644,
                                            "tx_pps": 16368398,
                                            "warning": "WARNING: There is a significant difference between requested TX rate (16368398) and actual TX rate (14454221). The traffic generator may not have sufficient CPU to achieve the requested TX rate."
                                        },
                                        {
                                            "drop_pct": 220071708,
                                            "drop_percentage": 89.63265161294022,
                                            "rx_pkts": 25454564,
                                            "rx_pps": 848484.3193467786,
                                            "time_ms": 1544199356959,
                                            "total_tx_pps": 8184209,
                                            "tx_pkts": 245526272,
                                            "tx_pps": 8184198
                                        },
                                        {
                                            "drop_pct": 97505057,
                                            "drop_percentage": 79.42527770687346,
                                            "rx_pkts": 25258199,
                                            "rx_pps": 841937.7994625852,
                                            "time_ms": 1544199389012,
                                            "total_tx_pps": 4092108,
                                            "tx_pkts": 122763256,
                                            "tx_pps": 4092098
                                        },
                                        {
                                            "drop_pct": 40592651,
                                            "drop_percentage": 66.13145070252462,
                                            "rx_pkts": 20789113,
                                            "rx_pps": 692966.7755300091,
                                            "time_ms": 1544199421061,
                                            "total_tx_pps": 2046058,
                                            "tx_pkts": 61381764,
                                            "tx_pps": 2046048
                                        },
                                        {
                                            "drop_pct": 19340825,
                                            "drop_percentage": 63.01786320558913,
                                            "rx_pkts": 11350195,
                                            "rx_pps": 378336.1351196539,
                                            "time_ms": 1544199453109,
                                            "total_tx_pps": 1023034,
                                            "tx_pkts": 30691020,
                                            "tx_pps": 1023024
                                        },
                                        {
                                            "drop_pct": 8614849,
                                            "drop_percentage": 56.13872575175079,
                                            "rx_pkts": 6730795,
                                            "rx_pps": 224355.6811327045,
                                            "time_ms": 1544199485153,
                                            "total_tx_pps": 511521,
                                            "tx_pkts": 15345644,
                                            "tx_pps": 511512
                                        },
                                        {
                                            "drop_pct": 3636262,
                                            "drop_percentage": 47.390602844273914,
                                            "rx_pkts": 4036698,
                                            "rx_pps": 134551.6897895988,
                                            "time_ms": 1544199517205,
                                            "total_tx_pps": 255765,
                                            "tx_pkts": 7672960,
                                            "tx_pps": 255756
                                        },
                                        {
                                            "drop_pct": 1016739,
                                            "drop_percentage": 26.50093207138791,
                                            "rx_pkts": 2819877,
                                            "rx_pps": 93989.13808575057,
                                            "time_ms": 1544199549255,
                                            "total_tx_pps": 127887,
                                            "tx_pkts": 3836616,
                                            "tx_pps": 127878
                                        },
                                        {
                                            "drop_pct": -134312,
                                            "drop_percentage": -7.001090467066018,
                                            "rx_pkts": 2052756,
                                            "rx_pps": 68414.35722283268,
                                            "time_ms": 1544199581305,
                                            "total_tx_pps": 63948,
                                            "tx_pkts": 1918444,
                                            "tx_pps": 63938
                                        },
                                        {
                                            "drop_pct": 401883,
                                            "drop_percentage": 13.966239124360737,
                                            "rx_pkts": 2475649,
                                            "rx_pps": 82513.2593806081,
                                            "time_ms": 1544199613351,
                                            "total_tx_pps": 95917,
                                            "tx_pkts": 2877532,
                                            "tx_pps": 95908
                                        },
                                        {
                                            "drop_pct": 17845,
                                            "drop_percentage": 0.7441667667507373,
                                            "ndr_pps": 31969,
                                            "rx_pkts": 2380139,
                                            "rx_pps": 79327.24703667748,
                                            "time_ms": 1544199645401,
                                            "total_tx_pps": 79932,
                                            "tx_pkts": 2397984,
                                            "tx_pps": 79922
                                        }
                                    ]
                                },
                                "ndr": {
                                    "duration_sec": 30.0,