{
    "benchmarks": {
        "network": {
            "service_chain": {
                "EXT": {
                    "result": {
                        "bidirectional": true,
                        "compute_nodes": {},
                        "flow_count": 1024,
                        "profile": "traffic_profile_IMIX",
                        "result": {
                            "IMIX": {
                                "iteration_stats": {
                                    "ndr_pdr": [
                                        {
                                            "drop_pct": 414431138,
                                            "drop_percentage": 95.6844088203185,
                                            "rx_pkts": 18691816,
                                            "rx_pps": 706393.1403431637,
                                            "time_ms": 1544207452677,
                                            "total_tx_pps": 14437431,
                                            "tx_pkts": 433122954,
                                            "tx_pps": 16368398,
                                            "warning": "WARNING: There is a significant difference between requested TX rate (16368398) and actual TX rate (14437431). The traffic generator may not have sufficient CPU to achieve the requested TX rate."
                                        },
                                        {
                                            "drop_pct": 226894344,
                                            "drop_percentage": 92.41146667129347,
                                            "rx_pkts": 18631836,
                                            "rx_pps": 621060.5929173335,
                                            "time_ms": 1544207484716,
                                            "total_tx_pps": 8184206,
                                            "tx_pkts": 245526180,
                                            "tx_pps": 8184198
                                        },
                                        {
                                            "drop_pct": 104157175,
                                            "drop_percentage": 84.84401620369164,
                                            "rx_pkts": 18605961,
                                            "rx_pps": 620197.7098090586,
                                            "time_ms": 1544207516756,
                                            "total_tx_pps": 4092104,
                                            "tx_pkts": 122763136,
                                            "tx_pps": 4092098
                                        },
                                        {
                                            "drop_pct": 42688030,
                                            "drop_percentage": 69.5452880461235,
                                            "rx_pkts": 18693598,
                                            "rx_pps": 623118.024838051,
                                            "time_ms": 1544207548800,
                                            "total_tx_pps": 2046054,
                                            "tx_pkts": 61381628,
                                            "tx_pps": 2046048
                                        },
                                        {
                                            "drop_pct": 12000935,
                                            "drop_percentage": 39.10260708701692,
                                            "rx_pkts": 18689947,
                                            "rx_pps": 622994.944874116,
                                            "time_ms": 1544207580835,
                                            "total_tx_pps": 1023029,
                                            "tx_pkts": 30690882,
                                            "tx_pps": 1023024
                                        },
                                        {
                                            "drop_pct": 0,
                                            "drop_percentage": 0.0,
                                            "rx_pkts": 15345510,
                                            "rx_pps": 511512.0,
                                            "time_ms": 1544207612871,
                                            "total_tx_pps": 511517,
                                            "tx_pkts": 15345510,
                                            "tx_pps": 511512
                                        },
                                        {
                                            "drop_pct": 4060057,
                                            "drop_percentage": 17.63846741073888,
                                            "rx_pkts": 18958139,
                                            "rx_pps": 631933.683866972,
                                            "time_ms": 1544207644908,
                                            "total_tx_pps": 767273,
                                            "tx_pkts": 23018196,
                                            "tx_pps": 767268
                                        },
                                        {
                                            "drop_pct": 90286,
                                            "drop_percentage": 0.4706844782245218,
                                            "rx_pkts": 19091566,
                                            "rx_pps": 636380.4905146803,
                                            "time_ms": 1544207676939,
                                            "total_tx_pps": 639395,
                                            "tx_pkts": 19181852,
                                            "tx_pps": 639390
                                        },
                                        {
                                            "drop_pct": 314,
                                            "drop_percentage": 0.0018188474299801664,
                                            "rx_pkts": 17263366,
                                            "rx_pps": 575439.5334424642,
                                            "time_ms": 1544207708970,
                                            "total_tx_pps": 575456,
                                            "tx_pkts": 17263680,
                                            "tx_pps": 575450
                                        },
                                        {
                                            "drop_pct": 0,
                                            "drop_percentage": 0.0,
                                            "rx_pkts": 16304594,
                                            "rx_pps": 543480.0,
                                            "time_ms": 1544207741004,
                                            "total_tx_pps": 543486,
                                            "tx_pkts": 16304594,
                                            "tx_pps": 543480
                                        },
                                        {
                                            "drop_pct": 675,
                                            "drop_percentage": 0.004021654254749336,
                                            "ndr_pps": 271740,
                                            "rx_pkts": 16783463,
                                            "rx_pps": 559443.5002118072,
                                            "time_ms": 1544207773041,
                                            "total_tx_pps": 559471,
                                            "tx_pkts": 16784138,
                                            "tx_pps": 559466
                                        }
                                    ]
                                },
                                "ndr": {
                                    "duration_sec": 30.0,
                                    "initial_rate_type": "rate_percent",