{
    "benchmarks": {
        "network": {
            "service_chain": {
                "EXT": {
                    "result": {
                        "bidirectional": true,
                        "compute_nodes": {},
                        "flow_count": 1024,
                        "profile": "traffic_profile_IMIX",
                        "result": {
                            "IMIX": {
                                "iteration_stats": {
                                    "ndr_pdr": [
                                        {
                                            "drop_pct": 379358988,
                                            "drop_percentage": 87.64819972287005,
                                            "rx_pkts": 53461069,
                                            "rx_pps": 2021791.8295257338,
                                            "time_ms": 1544205186002,
                                            "total_tx_pps": 14427335,
                                            "tx_pkts": 432820057,
                                            "tx_pps": 16368398,
                                            "warning": "WARNING: There is a significant difference between requested TX rate (16368398) and actual TX rate (14427335). The traffic generator may not have sufficient CPU to achieve the requested TX rate."
                                        },
                                        {
                                            "drop_pct": 191978059,
                                            "drop_percentage": 78.19046384381494,
                                            "rx_pkts": 53548121,
                                            "rx_pps": 1784935.6219037748,
                                            "time_ms": 1544205218037,
                                            "total_tx_pps": 8184206,
                                            "tx_pkts": 245526180,
                                            "tx_pps": 8184198
                                        },
                                        {
                                            "drop_pct": 68915558,
                                            "drop_percentage": 56.13701331318222,
                                            "rx_pkts": 53847578,
                                            "rx_pps": 1794916.4009515366,
                                            "time_ms": 1544205250073,
                                            "total_tx_pps": 4092104,
                                            "tx_pkts": 122763136,
                                            "tx_pps": 4092098
                                        },
                                        {
                                            "drop_pct": 13709832,
                                            "drop_percentage": 22.33539977141043,
                                            "rx_pkts": 47671796,
                                            "rx_pps": 1589054.9996850523,
                                            "time_ms": 1544205282106,
                                            "total_tx_pps": 2046054,
                                            "tx_pkts": 61381628,
                                            "tx_pps": 2046048
                                        },
                                        {
                                            "drop_pct": 7213176,
                                            "drop_percentage": 23.502667665269446,
                                            "rx_pkts": 23477706,
                                            "rx_pps": 782586.0691440539,
                                            "time_ms": 1544205314146,
                                            "total_tx_pps": 1023029,
                                            "tx_pkts": 30690882,
                                            "tx_pps": 1023024
                                        },
                                        {
                                            "drop_pct": 3877290,
                                            "drop_percentage": 25.26660892990849,
                                            "rx_pkts": 11468220,
                                            "rx_pps": 382270.2633304465,
                                            "time_ms": 1544205346187,
                                            "total_tx_pps": 511517,
                                            "tx_pkts": 15345510,
                                            "tx_pps": 511512
                                        },
                                        {
                                            "drop_pct": 1685836,
                                            "drop_percentage": 21.97152494870857,
                                            "rx_pkts": 5986986,
                                            "rx_pps": 199562.5066521809,
                                            "time_ms": 1544205378219,
                                            "total_tx_pps": 255760,
                                            "tx_pkts": 7672822,
                                            "tx_pps": 255756
                                        },
                                        {
                                            "drop_pct": 726036,
                                            "drop_percentage": 18.924534990407874,
                                            "rx_pkts": 3110444,
                                            "rx_pps": 103677.68314496621,
                                            "time_ms": 1544205410258,
                                            "total_tx_pps": 127882,
                                            "tx_pkts": 3836480,
                                            "tx_pps": 127878
                                        },
                                        {
                                            "drop_pct": 359999,
                                            "drop_percentage": 18.766485882350487,
                                            "rx_pkts": 1558309,
                                            "rx_pps": 51939.08425654275,
                                            "time_ms": 1544205442300,
                                            "total_tx_pps": 63943,
                                            "tx_pkts": 1918308,
                                            "tx_pps": 63938
                                        },
                                        {
                                            "drop_pct": 179724,
                                            "drop_percentage": 18.736434318645735,
                                            "rx_pkts": 779498,
                                            "rx_pps": 25978.33667701533,
                                            "time_ms": 1544205474338,
                                            "total_tx_pps": 31974,
                                            "tx_pkts": 959222,
                                            "tx_pps": 31968
                                        },
                                        {
                                            "drop_pct": 89424,
                                            "drop_percentage": 18.64250601445136,
                                            "ndr_pps": 0,
                                            "rx_pkts": 390254,
                                            "rx_pps": 13004.181838650096,
                                            "time_ms": 1544205506375,
                                            "total_tx_pps": 15989,
                                            "tx_pkts": 479678,
                                            "tx_pps": 15984
                                        }
                                    ]
                                },
                                "ndr": {
                                    "duration_sec": 0,