{
    "benchmarks": {
        "network": {
            "service_chain": {
                "EXT": {
                    "result": {
                        "bidirectional": true,
                        "compute_nodes": {},
                        "flow_count": 1024,
                        "profile": "traffic_profile_64B",
                        "result": {
                            "64": {
                                "iteration_stats": {
                                    "ndr_pdr": [
                                        {
                                            "drop_pct": 1075663576,
                                            "drop_percentage": 87.39482861008196,
                                            "rx_pkts": 155145607,
                                            "rx_pps": 9378847.520257182,
                                            "time_ms": 1542364012187,
                                            "total_tx_pps": 41026972,
                                            "tx_pkts": 1230809183,
                                            "tx_pps": 74404760,
                                            "warning": "WARNING: There is a significant difference between requested TX rate (74404760) and actual TX rate (41026972). The traffic generator may not have sufficient CPU to achieve the requested TX rate."
                                        },
                                        {
                                            "drop_pct": 954786636,
                                            "drop_percentage": 85.54909710167196,
                                            "rx_pkts": 161281994,
                                            "rx_pps": 5376079.80966701,
                                            "time_ms": 1542364044231,
                                            "total_tx_pps": 37202287,
                                            "tx_pkts": 1116068630,
                                            "tx_pps": 37202380
                                        },
                                        {
                                            "drop_pct": 396597068,
                                            "drop_percentage": 71.07056574452254,
                                            "rx_pkts": 161435732,
                                            "rx_pps": 5381219.031786447,
                                            "time_ms": 1542364076271,
                                            "total_tx_pps": 18601093,
                                            "tx_pkts": 558032800,
                                            "tx_pps": 18601190
                                        },
                                        {
                                            "drop_pct": 116831266,
                                            "drop_percentage": 41.87275271052441,
                                            "rx_pkts": 162183746,
                                            "rx_pps": 5406179.273770129,
                                            "time_ms": 1542364108309,
                                            "total_tx_pps": 9300500,
                                            "tx_pkts": 279015012,
                                            "tx_pps": 9300594
                                        },
                                        {
                                            "drop_pct": 0,
                                            "drop_percentage": 0.0,
                                            "rx_pkts": 139506078,
                                            "rx_pps": 4650296.0,
                                            "time_ms": 1542364140347,
                                            "total_tx_pps": 4650202,
                                            "tx_pkts": 139506078,
                                            "tx_pps": 4650296
                                        },
                                        {
                                            "drop_pct": 49983446,
                                            "drop_percentage": 23.885747218001672,
                                            "rx_pkts": 159277104,
                                            "rx_pps": 5309308.601111791,
                                            "time_ms": 1542364172385,
                                            "total_tx_pps": 6975351,
                                            "tx_pkts": 209260550,
                                            "tx_pps": 6975446
                                        },
                                        {
                                            "drop_pct": 14024924,
                                            "drop_percentage": 8.042584260733863,
                                            "rx_pkts": 160358378,
                                            "rx_pps": 5345366.8714313945,
                                            "time_ms": 1542364204425,
                                            "total_tx_pps": 5812776,
                                            "tx_pkts": 174383302,
                                            "tx_pps": 5812872
                                        },
                                        {
                                            "drop_pct": 4020426,
                                            "drop_percentage": 2.5616834527507795,
                                            "rx_pkts": 152924258,
                                            "rx_pps": 5097567.378355242,
                                            "time_ms": 1542364236463,
                                            "total_tx_pps": 5231489,
                                            "tx_pkts": 156944684,
                                            "tx_pps": 5231584
                                        },
                                        {
                                            "drop_pct": 0,
                                            "drop_percentage": 0.0,
                                            "rx_pkts": 148225380,
                                            "rx_pps": 4940940.0,
                                            "time_ms": 1542364268502,
                                            "total_tx_pps": 4940846,
                                            "tx_pkts": 148225380,
                                            "tx_pps": 4940940
                                        },
                                        {
                                            "drop_pct": 0,
                                            "drop_percentage": 0.0,
                                            "rx_pkts": 152585032,
                                            "rx_pps": 5086262.0,
                                            "time_ms": 1542364300547,
                                            "total_tx_pps": 5086167,
                                            "tx_pkts": 152585032,
                                            "tx_pps": 5086262
                                        },
                                        {
                                            "drop_pct": 2510592,
                                            "drop_percentage": 1.6221977213974506,
                                            "ndr_pps": 2543131,
                                            "rx_pkts": 152254266,
                                            "rx_pps": 5075234.0848673275,
                                            "time_ms": 1542364332585,
                                            "total_tx_pps": 5158828,
                                            "tx_pkts": 154764858,
                                            "tx_pps": 5158922
                                        }
                                    ]
                                },
                                "ndr": {
                                    "duration_sec": 30.0,