{
    "benchmarks": {
        "network": {
            "service_chain": {
                "EXT": {
                    "result": {
                        "bidirectional": true,
                        "compute_nodes": {},
                        "flow_count": 1024,
                        "profile": "traffic_profile_64B",
                        "result": {
                            "64": {
                                "iteration_stats": {
                                    "ndr_pdr": [
                                        {
                                            "drop_pct": 458041691,
                                            "drop_percentage": 60.421704848883934,
                                            "rx_pkts": 300033064,
                                            "rx_pps": 11779254.207711818,
                                            "time_ms": 1558521757434,
                                            "total_tx_pps": 25269158,
                                            "tx_pkts": 758074755,
                                            "tx_pps": 29761904,
                                            "warning": "WARNING: There is a significant difference between requested TX rate (29761904) and actual TX rate (25269158). The traffic generator may not have sufficient CPU to achieve the requested TX rate."
                                        },
                                        {
                                            "drop_pct": 146437903,
                                            "drop_percentage": 32.80208626227297,
                                            "rx_pkts": 299990723,
                                            "rx_pps": 9999689.288312564,
                                            "time_ms": 1558521789487,
                                            "total_tx_pps": 14880954,
                                            "tx_pkts": 446428626,
                                            "tx_pps": 14880952
                                        },
                                        {
                                            "drop_pct": 0,
                                            "drop_percentage": 0.0,
                                            "rx_pkts": 223214298,
                                            "rx_pps": 7440476.0,
                                            "time_ms": 1558521821534,
                                            "total_tx_pps": 7440476,
                                            "tx_pkts": 223214298,
                                            "tx_pps": 7440476
                                        },
                                        {
                                            "drop_pct": 40219592,
                                            "drop_percentage": 12.01225200010654,
                                            "rx_pkts": 294601822,
                                            "rx_pps": 9820060.909308828,
                                            "time_ms": 1558521853582,
                                            "total_tx_pps": 11160713,
                                            "tx_pkts": 334821414,
                                            "tx_pps": 11160714
                                        },
                                        {
                                            "drop_pct": 5859072,
                                            "drop_percentage": 2.0998914585572215,
                                            "rx_pkts": 273158778,
                                            "rx_pps": 9105291.620998913,
                                            "time_ms": 1558521885631,
                                            "total_tx_pps": 9300595,
                                            "tx_pkts": 279017850,
                                            "tx_pps": 9300594
                                        },
                                        {
                                            "drop_pct": 0,
                                            "drop_percentage": 0.0,
                                            "rx_pkts": 251116068,
                                            "rx_pps": 8370534.0,
                                            "time_ms": 1558521917675,
                                            "total_tx_pps": 8370535,
                                            "tx_pkts": 251116068,
                                            "tx_pps": 8370534
                                        },
                                        {
                                            "drop_pct": 0,
                                            "drop_percentage": 0.0,
                                            "rx_pkts": 265066944,
                                            "rx_pps": 8835564.0,
                                            "time_ms": 1558521949721,
                                            "total_tx_pps": 8835564,
                                            "tx_pkts": 265066944,
                                            "tx_pps": 8835564
                                        },
                                        {
                                            "drop_pct": 1125548,
                                            "drop_percentage": 0.41373992613812977,
                                            "rx_pkts": 270916846,
                                            "rx_pps": 9030561.732505852,
                                            "time_ms": 1558521981768,
                                            "total_tx_pps": 9068079,
                                            "tx_pkts": 272042394,
                                            "tx_pps": 9068080
                                        },
                                        {
                                            "drop_pct": 0,
                                            "drop_percentage": 0.0,
                                            "rx_pkts": 268554672,
                                            "rx_pps": 8951822.0,
                                            "time_ms": 1558522013824,
                                            "total_tx_pps": 8951822,
                                            "tx_pkts": 268554672,
                                            "tx_pps": 8951822
                                        },
                                        {
                                            "drop_pct": 0,
                                            "drop_percentage": 0.0,
                                            "rx_pkts": 270298572,
                                            "rx_pps": 9009950.0,
                                            "time_ms": 1558522045872,
                                            "total_tx_pps": 9009952,
                                            "tx_pkts": 270298572,
                                            "tx_pps": 9009950
                                        },
                                        {
                                            "drop_pct": 354980,
                                            "drop_percentage": 0.1309065766102584,
                                            "ndr_pps": 4504975,
                                            "pdr_pps": 4504975,
                                            "rx_pkts": 270815506,
                                            "rx_pps": 9027181.336213278,
                                            "time_ms": 1558522077924,
                                            "total_tx_pps": 9039016,
                                            "tx_pkts": 271170486,
                                            "tx_pps": 9039014
                                        }
                                    ]
                                },
                                "ndr": {
                                    "duration_sec": 30.0,