{
    "benchmarks": {
        "network": {
            "service_chain": {
                "EXT": {
                    "result": {
                        "bidirectional": true,
                        "compute_nodes": {},
                        "flow_count": 1024,
                        "profile": "traffic_profile_64B",
                        "result": {
                            "64": {
                                "iteration_stats": {
                                    "ndr_pdr": [
                                        {
                                            "drop_pct": 534513828,
                                            "drop_percentage": 69.00008913754716,
                                            "rx_pkts": 240142893,
                                            "rx_pps": 9226163.710968785,
                                            "time_ms": 1558517021597,
                                            "total_tx_pps": 25821890,
                                            "tx_pkts": 774656721,
                                            "tx_pps": 29761904,
                                            "warning": "WARNING: There is a significant difference between requested TX rate (29761904) and actual TX rate (25821890). The traffic generator may not have sufficient CPU to achieve the requested TX rate."
                                        },
                                        {
                                            "drop_pct": 206081426,
                                            "drop_percentage": 46.1622412261739,
                                            "rx_pkts": 240347128,
                                            "rx_pps": 8011571.041008851,
                                            "time_ms": 1558517053645,
                                            "total_tx_pps": 14880951,
                                            "tx_pkts": 446428554,
                                            "tx_pps": 14880952
                                        },
                                        {
                                            "drop_pct": 0,
                                            "drop_percentage": 0.0,
                                            "rx_pkts": 223214298,
                                            "rx_pps": 7440476.0,
                                            "time_ms": 1558517085685,
                                            "total_tx_pps": 7440476,
                                            "tx_pkts": 223214298,
                                            "tx_pps": 7440476
                                        },
                                        {
                                            "drop_pct": 94631518,
                                            "drop_percentage": 28.26328127268467,
                                            "rx_pkts": 240189896,
                                            "rx_pps": 8006330.010140104,
                                            "time_ms": 1558517117735,
                                            "total_tx_pps": 11160713,
                                            "tx_pkts": 334821414,
                                            "tx_pps": 11160714
                                        },
                                        {
                                            "drop_pct": 22350350,
                                            "drop_percentage": 8.010365645065361,
                                            "rx_pkts": 256667500,
                                            "rx_pps": 8555582.41343699,
                                            "time_ms": 1558517149784,
                                            "total_tx_pps": 9300595,
                                            "tx_pkts": 279017850,
                                            "tx_pps": 9300594
                                        },
                                        {
                                            "drop_pct": 793227,
                                            "drop_percentage": 0.31588136640419023,
                                            "rx_pkts": 250322250,
                                            "rx_pps": 8344093.0428254735,
                                            "time_ms": 1558517181826,
                                            "total_tx_pps": 8370515,
                                            "tx_pkts": 251115477,
                                            "tx_pps": 8370534
                                        },
                                        {
                                            "drop_pct": 0,
                                            "drop_percentage": 0.0,
                                            "rx_pkts": 237165180,
                                            "rx_pps": 7905504.0,
                                            "time_ms": 1558517213867,
                                            "total_tx_pps": 7905506,
                                            "tx_pkts": 237165180,
                                            "tx_pps": 7905504
                                        },
                                        {
                                            "drop_pct": 0,
                                            "drop_percentage": 0.0,
                                            "rx_pkts": 244140624,
                                            "rx_pps": 8138020.0,
                                            "time_ms": 1558517245916,
                                            "total_tx_pps": 8138020,
                                            "tx_pkts": 244140624,
                                            "tx_pps": 8138020
                                        },
                                        {
                                            "drop_pct": 1102,
                                            "drop_percentage": 0.00044502172889261736,
                                            "rx_pkts": 247627256,
                                            "rx_pps": 8254241.266669337,
                                            "time_ms": 1558517277956,
                                            "total_tx_pps": 8254278,
                                            "tx_pkts": 247628358,
                                            "tx_pps": 8254278
                                        },
                                        {
                                            "drop_pct": 339947,
                                            "drop_percentage": 0.1363211175942443,
                                            "rx_pkts": 249032275,
                                            "rx_pps": 8301074.435241828,
                                            "time_ms": 1558517309995,
                                            "total_tx_pps": 8312407,
                                            "tx_pkts": 249372222,
                                            "tx_pps": 8312406
                                        },
                                        {
                                            "drop_pct": 2013,
                                            "drop_percentage": 0.0008100594559495825,
                                            "ndr_pps": 4141671,
                                            "pdr_pps": 4141671,
                                            "rx_pkts": 248498265,
                                            "rx_pps": 8283274.900004861,
                                            "time_ms": 1558517342041,
                                            "total_tx_pps": 8283342,
                                            "tx_pkts": 248500278,
                                            "tx_pps": 8283342
                                        }
                                    ]
                                },
                                "ndr": {
                                    "duration_sec": 30.0,