{
    "benchmarks": {
        "network": {
            "service_chain": {
                "EXT": {
                    "result": {
                        "bidirectional": true,
                        "compute_nodes": {},
                        "flow_count": 1000,
                        "profile": "traffic_profile_64B",
                        "result": {
                            "64": {
                                "iteration_stats": {
                                    "ndr_pdr": [
                                        {
                                            "drop_pct": 1160643731,
                                            "drop_percentage": 93.23614254511376,
                                            "rx_pkts": 84199416,
                                            "rx_pps": 4803875.947214425,
                                            "time_ms": 1542016228547,
                                            "total_tx_pps": 41494771,
                                            "tx_pkts": 1244843147,
                                            "tx_pps": 71022726,
                                            "warning": "WARNING: There is a significant difference between requested TX rate (71022726) and actual TX rate (41494771). The traffic generator may not have sufficient CPU to achieve the requested TX rate."
                                        },
                                        {
                                            "drop_pct": 980953099,
                                            "drop_percentage": 92.08213229399796,
                                            "rx_pkts": 84349229,
                                            "rx_pps": 2811742.6637594807,
                                            "time_ms": 1542016260596,
                                            "total_tx_pps": 35510077,
                                            "tx_pkts": 1065302328,
                                            "tx_pps": 35511362
                                        },
                                        {
                                            "drop_pct": 447699765,
                                            "drop_percentage": 84.04794745493032,
                                            "rx_pkts": 84972095,
                                            "rx_pps": 2832395.4033344276,
                                            "time_ms": 1542016292635,
                                            "total_tx_pps": 17755728,
                                            "tx_pkts": 532671860,
                                            "tx_pps": 17755680
                                        },
                                        {
                                            "drop_pct": 181692858,
                                            "drop_percentage": 68.2191607573485,
                                            "rx_pkts": 84644130,
                                            "rx_pps": 2821452.0586198117,
                                            "time_ms": 1542016324685,
                                            "total_tx_pps": 8877899,
                                            "tx_pkts": 266336988,
                                            "tx_pps": 8877840
                                        },
                                        {
                                            "drop_pct": 49672579,
                                            "drop_percentage": 37.300929112119675,
                                            "rx_pkts": 83494557,
                                            "rx_pps": 2783161.5974562974,
                                            "time_ms": 1542016356734,
                                            "total_tx_pps": 4438904,
                                            "tx_pkts": 133167136,
                                            "tx_pps": 4438920
                                        },
                                        {
                                            "drop_pct": 0,
                                            "drop_percentage": 0.0,
                                            "rx_pkts": 66583828,
                                            "rx_pps": 2219460.0,
                                            "time_ms": 1542016388782,
                                            "total_tx_pps": 2219460,
                                            "tx_pkts": 66583828,
                                            "tx_pps": 2219460
                                        },
                                        {
                                            "drop_pct": 17624884,
                                            "drop_percentage": 17.646779418030714,
                                            "rx_pkts": 82251040,
                                            "rx_pps": 2741695.184292863,
                                            "time_ms": 1542016420831,
                                            "total_tx_pps": 3329197,
                                            "tx_pkts": 99875924,
                                            "tx_pps": 3329190
                                        },
                                        {
                                            "drop_pct": 981134,
                                            "drop_percentage": 1.1788262791077457,
                                            "rx_pkts": 82248602,
                                            "rx_pps": 2741619.5396204074,
                                            "time_ms": 1542016452876,
                                            "total_tx_pps": 2774324,
                                            "tx_pkts": 83229736,
                                            "tx_pps": 2774324
                                        },
                                        {
                                            "drop_pct": 0,
                                            "drop_percentage": 0.0,
                                            "rx_pkts": 74906832,
                                            "rx_pps": 2496892.0,
                                            "time_ms": 1542016484917,
                                            "total_tx_pps": 2496894,
                                            "tx_pkts": 74906832,
                                            "tx_pps": 2496892
                                        },
                                        {
                                            "drop_pct": 489,
                                            "drop_percentage": 0.000618453780558636,
                                            "rx_pkts": 79067667,
                                            "rx_pps": 2635591.699982683,
                                            "time_ms": 1542016516965,
                                            "total_tx_pps": 2635605,
                                            "tx_pkts": 79068156,
                                            "tx_pps": 2635608
                                        },
                                        {
                                            "drop_pct": 9130,
                                            "drop_percentage": 0.011250917695334909,
                                            "ndr_pps": 1317804,
                                            "rx_pkts": 81139806,
                                            "rx_pps": 2704661.6665016534,
                                            "time_ms": 1542016549014,
                                            "total_tx_pps": 2704964,
                                            "tx_pkts": 81148936,
                                            "tx_pps": 2704966
                                        }
                                    ]
                                },
                                "ndr": {
                                    "actual_l2frame_size": "68",