{
    "benchmarks": {
        "network": {
            "service_chain": {
                "EXT": {
                    "result": {
                        "bidirectional": true,
                        "compute_nodes": {},
                        "flow_count": 1000,
                        "profile": "traffic_profile_64B",
                        "result": {
                            "64": {
                                "iteration_stats": {
                                    "ndr_pdr": [
                                        {
                                            "drop_pct": 1204244921,
                                            "drop_percentage": 96.84675721421875,
                                            "rx_pkts": 39209125,
                                            "rx_pps": 2239518.9838601807,
                                            "time_ms": 1542031617536,
                                            "total_tx_pps": 41448468,
                                            "tx_pkts": 1243454046,
                                            "tx_pps": 71022726,
                                            "warning": "WARNING: There is a significant difference between requested TX rate (71022726) and actual TX rate (41448468). The traffic generator may not have sufficient CPU to achieve the requested TX rate."
                                        },
                                        {
                                            "drop_pct": 1025025759,
                                            "drop_percentage": 96.21923580364127,
                                            "rx_pkts": 40276569,
                                            "rx_pps": 1342600.8601353401,
                                            "time_ms": 1542031649585,
                                            "total_tx_pps": 35510077,
                                            "tx_pkts": 1065302328,
                                            "tx_pps": 35511362
                                        },
                                        {
                                            "drop_pct": 490948695,
                                            "drop_percentage": 92.16719182424993,
                                            "rx_pkts": 41723165,
                                            "rx_pps": 1390768.3547000207,
                                            "time_ms": 1542031681634,
                                            "total_tx_pps": 17755728,
                                            "tx_pkts": 532671860,
                                            "tx_pps": 17755680
                                        },
                                        {
                                            "drop_pct": 225172551,
                                            "drop_percentage": 84.54422823164164,
                                            "rx_pkts": 41164437,
                                            "rx_pps": 1372138.6883600259,
                                            "time_ms": 1542031713680,
                                            "total_tx_pps": 8877899,
                                            "tx_pkts": 266336988,
                                            "tx_pps": 8877840
                                        },
                                        {
                                            "drop_pct": 101222317,
                                            "drop_percentage": 76.01148454525597,
                                            "rx_pkts": 31944819,
                                            "rx_pps": 1064831.0102237237,
                                            "time_ms": 1542031745729,
                                            "total_tx_pps": 4438904,
                                            "tx_pkts": 133167136,
                                            "tx_pps": 4438920
                                        },
                                        {
                                            "drop_pct": 48370048,
                                            "drop_percentage": 72.6453396461375,
                                            "rx_pkts": 18213780,
                                            "rx_pps": 607125.7446898366,
                                            "time_ms": 1542031777778,
                                            "total_tx_pps": 2219460,
                                            "tx_pkts": 66583828,
                                            "tx_pps": 2219460
                                        },
                                        {
                                            "drop_pct": 23646454,
                                            "drop_percentage": 71.0277005717551,
                                            "rx_pkts": 9645422,
                                            "rx_pps": 321514.2984450621,
                                            "time_ms": 1542031809827,
                                            "total_tx_pps": 1109729,
                                            "tx_pkts": 33291876,
                                            "tx_pps": 1109730
                                        },
                                        {
                                            "drop_pct": 10909108,
                                            "drop_percentage": 65.53607001338463,
                                            "rx_pkts": 5736852,
                                            "rx_pps": 191227.9404809335,
                                            "time_ms": 1542031841876,
                                            "total_tx_pps": 554865,
                                            "tx_pkts": 16645960,
                                            "tx_pps": 554864
                                        },
                                        {
                                            "drop_pct": 4542177,
                                            "drop_percentage": 54.573926646465566,
                                            "rx_pkts": 3780803,
                                            "rx_pps": 126026.46382617766,
                                            "time_ms": 1542031873925,
                                            "total_tx_pps": 277432,
                                            "tx_pkts": 8322980,
                                            "tx_pps": 277432
                                        },
                                        {
                                            "drop_pct": 1692303,
                                            "drop_percentage": 40.665775640082934,
                                            "rx_pkts": 2469189,
                                            "rx_pps": 82306.06266310257,
                                            "time_ms": 1542031905973,
                                            "total_tx_pps": 138716,
                                            "tx_pkts": 4161492,
                                            "tx_pps": 138716
                                        },
                                        {
                                            "drop_pct": 253380,
                                            "drop_percentage": 12.177328196728874,
                                            "ndr_pps": 0,
                                            "rx_pkts": 1827372,
                                            "rx_pps": 60912.04870931278,
                                            "time_ms": 1542031938021,
                                            "total_tx_pps": 69358,
                                            "tx_pkts": 2080752,
                                            "tx_pps": 69358
                                        }
                                    ]
                                },
                                "ndr": {
                                    "actual_l2frame_size": "68",