{
    "benchmarks": {
        "network": {
            "service_chain": {
                "EXT": {
                    "result": {
                        "bidirectional": true,
                        "compute_nodes": {},
                        "flow_count": 1000,
                        "profile": "traffic_profile_64B",
                        "result": {
                            "64": {
                                "iteration_stats": {
                                    "ndr_pdr": [
                                        {
                                            "drop_pct": 1124386671,
                                            "drop_percentage": 89.96828438752996,
                                            "rx_pkts": 125372262,
                                            "rx_pps": 7124797.892543817,
                                            "time_ms": 1542015480053,
                                            "total_tx_pps": 41658631,
                                            "tx_pkts": 1249758933,
                                            "tx_pps": 71022726,
                                            "warning": "WARNING: There is a significant difference between requested TX rate (71022726) and actual TX rate (41658631). The traffic generator may not have sufficient CPU to achieve the requested TX rate."
                                        },
                                        {
                                            "drop_pct": 939536312,
                                            "drop_percentage": 88.19433575855285,
                                            "rx_pkts": 125766016,
                                            "rx_pps": 4192352.1652848506,
                                            "time_ms": 1542015512103,
                                            "total_tx_pps": 35510077,
                                            "tx_pkts": 1065302328,
                                            "tx_pps": 35511362
                                        },
                                        {
                                            "drop_pct": 406656564,
                                            "drop_percentage": 76.34279085063739,
                                            "rx_pkts": 126015296,
                                            "rx_pps": 4200498.3534915475,
                                            "time_ms": 1542015544151,
                                            "total_tx_pps": 17755728,
                                            "tx_pkts": 532671860,
                                            "tx_pps": 17755680
                                        },
                                        {
                                            "drop_pct": 140963728,
                                            "drop_percentage": 52.92683117674966,
                                            "rx_pkts": 125373260,
                                            "rx_pps": 4179080.611058048,
                                            "time_ms": 1542015576201,
                                            "total_tx_pps": 8877899,
                                            "tx_pkts": 266336988,
                                            "tx_pps": 8877840
                                        },
                                        {
                                            "drop_pct": 11725648,
                                            "drop_percentage": 8.805211520055519,
                                            "rx_pkts": 121441488,
                                            "rx_pps": 4048063.7047939515,
                                            "time_ms": 1542015608250,
                                            "total_tx_pps": 4438904,
                                            "tx_pkts": 133167136,
                                            "tx_pps": 4438920
                                        },
                                        {
                                            "drop_pct": 0,
                                            "drop_percentage": 0.0,
                                            "rx_pkts": 66583828,
                                            "rx_pps": 2219460.0,
                                            "time_ms": 1542015640297,
                                            "total_tx_pps": 2219460,
                                            "tx_pkts": 66583828,
                                            "tx_pps": 2219460
                                        },
                                        {
                                            "drop_pct": 0,
                                            "drop_percentage": 0.0,
                                            "rx_pkts": 99875924,
                                            "rx_pps": 3329190.0,
                                            "time_ms": 1542015672344,
                                            "total_tx_pps": 3329197,
                                            "tx_pkts": 99875924,
                                            "tx_pps": 3329190
                                        },
                                        {
                                            "drop_pct": 13,
                                            "drop_percentage": 1.1156753101980722e-05,
                                            "rx_pkts": 116521343,
                                            "rx_pps": 3884053.566665685,
                                            "time_ms": 1542015704392,
                                            "total_tx_pps": 3884045,
                                            "tx_pkts": 116521356,
                                            "tx_pps": 3884054
                                        },
                                        {
                                            "drop_pct": 3701755,
                                            "drop_percentage": 2.9650993202600593,
                                            "rx_pkts": 121142461,
                                            "rx_pps": 4038093.806901282,
                                            "time_ms": 1542015736441,
                                            "total_tx_pps": 4161473,
                                            "tx_pkts": 124844216,
                                            "tx_pps": 4161486
                                        },
                                        {
                                            "drop_pct": 191328,
                                            "drop_percentage": 0.15853698390878782,
                                            "rx_pkts": 120492184,
                                            "rx_pps": 4016392.4217724125,
                                            "time_ms": 1542015768484,
                                            "total_tx_pps": 4022783,
                                            "tx_pkts": 120683512,
                                            "tx_pps": 4022770
                                        },
                                        {
                                            "drop_pct": 1509,
                                            "drop_percentage": 0.0012723135895333902,
                                            "ndr_pps": 1942027,
                                            "rx_pkts": 118601327,
                                            "rx_pps": 3953361.7002018737,
                                            "time_ms": 1542015800535,
                                            "total_tx_pps": 3953427,
                                            "tx_pkts": 118602836,
                                            "tx_pps": 3953412
                                        }
                                    ]
                                },
                                "ndr": {
                                    "actual_l2frame_size": "68",