{
    "benchmarks": {
        "network": {
            "service_chain": {
                "EXT": {
                    "result": {
                        "bidirectional": true,
                        "compute_nodes": {},
                        "flow_count": 1000,
                        "profile": "traffic_profile_64B",
                        "result": {
                            "64": {
                                "iteration_stats": {
                                    "ndr_pdr": [
                                        {
                                            "drop_pct": 1169061173,
                                            "drop_percentage": 93.52586718240494,
                                            "rx_pkts": 80925818,
                                            "rx_pps": 4598105.611916621,
                                            "time_ms": 1542032284317,
                                            "total_tx_pps": 41666233,
                                            "tx_pkts": 1249986991,
                                            "tx_pps": 71022726,
                                            "warning": "WARNING: There is a significant difference between requested TX rate (71022726) and actual TX rate (41666233). The traffic generator may not have sufficient CPU to achieve the requested TX rate."
                                        },
                                        {
                                            "drop_pct": 984216969,
                                            "drop_percentage": 92.38851198680568,
                                            "rx_pkts": 81085359,
                                            "rx_pps": 2702943.061952042,
                                            "time_ms": 1542032316354,
                                            "total_tx_pps": 35510077,
                                            "tx_pkts": 1065302328,
                                            "tx_pps": 35511362
                                        },
                                        {
                                            "drop_pct": 451293785,
                                            "drop_percentage": 84.72266302935545,
                                            "rx_pkts": 81378075,
                                            "rx_pps": 2712595.065029341,
                                            "time_ms": 1542032348398,
                                            "total_tx_pps": 17755728,
                                            "tx_pkts": 532671860,
                                            "tx_pps": 17755680
                                        },
                                        {
                                            "drop_pct": 185241861,
                                            "drop_percentage": 69.55168427451015,
                                            "rx_pkts": 81095127,
                                            "rx_pps": 2703152.752803828,
                                            "time_ms": 1542032380446,
                                            "total_tx_pps": 8877899,
                                            "tx_pkts": 266336988,
                                            "tx_pps": 8877840
                                        },
                                        {
                                            "drop_pct": 65678468,
                                            "drop_percentage": 49.32032780219888,
                                            "rx_pkts": 67488668,
                                            "rx_pps": 2249630.1051226333,
                                            "time_ms": 1542032412498,
                                            "total_tx_pps": 4438904,
                                            "tx_pkts": 133167136,
                                            "tx_pps": 4438920
                                        },
                                        {
                                            "drop_pct": 32181342,
                                            "drop_percentage": 48.33206946287318,
                                            "rx_pkts": 34402486,
                                            "rx_pps": 1146749.051099315,
                                            "time_ms": 1542032444542,
                                            "total_tx_pps": 2219460,
                                            "tx_pkts": 66583828,
                                            "tx_pps": 2219460
                                        },
                                        {
                                            "drop_pct": 15595067,
                                            "drop_percentage": 46.843461149500854,
                                            "rx_pkts": 17696809,
                                            "rx_pps": 589894.0585856441,
                                            "time_ms": 1542032476587,
                                            "total_tx_pps": 1109729,
                                            "tx_pkts": 33291876,
                                            "tx_pps": 1109730
                                        },
                                        {
                                            "drop_pct": 7092902,
                                            "drop_percentage": 42.6103511002069,
                                            "rx_pkts": 9553058,
                                            "rx_pps": 318434.501471348,
                                            "time_ms": 1542032508628,
                                            "total_tx_pps": 554865,
                                            "tx_pkts": 16645960,
                                            "tx_pps": 554864
                                        },
                                        {
                                            "drop_pct": 2931061,
                                            "drop_percentage": 35.216484960915444,
                                            "rx_pkts": 5391919,
                                            "rx_pps": 179730.2014432331,
                                            "time_ms": 1542032540674,
                                            "total_tx_pps": 277432,
                                            "tx_pkts": 8322980,
                                            "tx_pps": 277432
                                        },
                                        {
                                            "drop_pct": 846785,
                                            "drop_percentage": 20.348110725672427,
                                            "rx_pkts": 3314707,
                                            "rx_pps": 110489.91472577624,
                                            "time_ms": 1542032572719,
                                            "total_tx_pps": 138716,
                                            "tx_pkts": 4161492,
                                            "tx_pps": 138716
                                        },
                                        {
                                            "drop_pct": 12848,
                                            "drop_percentage": 0.617469068875099,
                                            "ndr_pps": 0,
                                            "rx_pkts": 2067904,
                                            "rx_pps": 68929.73580320961,
                                            "time_ms": 1542032604763,
                                            "total_tx_pps": 69358,
                                            "tx_pkts": 2080752,
                                            "tx_pps": 69358
                                        }
                                    ]
                                },
                                "ndr": {
                                    "actual_l2frame_size": "68",