{
    "benchmarks": {
        "network": {
            "service_chain": {
                "EXT": {
                    "result": {
                        "bidirectional": true,
                        "compute_nodes": {},
                        "flow_count": 1024,
                        "profile": "traffic_profile_64B",
                        "result": {
                            "64": {
                                "iteration_stats": {
                                    "ndr_pdr": [
                                        {
                                            "drop_pct": 1190594444,
                                            "drop_percentage": 96.29512990065783,
                                            "rx_pkts": 45807070,
                                            "rx_pps": 2756599.7057273053,
                                            "time_ms": 1542614795995,
                                            "total_tx_pps": 41213383,
                                            "tx_pkts": 1236401514,
                                            "tx_pps": 74404760,
                                            "warning": "WARNING: There is a significant difference between requested TX rate (74404760) and actual TX rate (41213383). The traffic generator may not have sufficient CPU to achieve the requested TX rate."
                                        },
                                        {
                                            "drop_pct": 1069877524,
                                            "drop_percentage": 95.8613823068778,
                                            "rx_pkts": 46189758,
                                            "rx_pps": 1539664.2809425546,
                                            "time_ms": 1542614828034,
                                            "total_tx_pps": 37202242,
                                            "tx_pkts": 1116067282,
                                            "tx_pps": 37202380
                                        },
                                        {
                                            "drop_pct": 511620849,
                                            "drop_percentage": 91.68141259802447,
                                            "rx_pkts": 46421217,
                                            "rx_pps": 1547356.247957533,
                                            "time_ms": 1542614860083,
                                            "total_tx_pps": 18601402,
                                            "tx_pkts": 558042066,
                                            "tx_pps": 18601190
                                        },
                                        {
                                            "drop_pct": 232284292,
                                            "drop_percentage": 83.25205476596591,
                                            "rx_pkts": 46728992,
                                            "rx_pps": 1557658.3895598606,
                                            "time_ms": 1542614892127,
                                            "total_tx_pps": 9300442,
                                            "tx_pkts": 279013284,
                                            "tx_pps": 9300594
                                        },
                                        {
                                            "drop_pct": 92061185,
                                            "drop_percentage": 65.99101014162538,
                                            "rx_pkts": 47444461,
                                            "rx_pps": 1581518.6950244007,
                                            "time_ms": 1542614924164,
                                            "total_tx_pps": 4650188,
                                            "tx_pkts": 139505646,
                                            "tx_pps": 4650296
                                        },
                                        {
                                            "drop_pct": 23688100,
                                            "drop_percentage": 33.960698485237096,
                                            "rx_pkts": 46063410,
                                            "rx_pps": 1535511.4983844797,
                                            "time_ms": 1542614956195,
                                            "total_tx_pps": 2325050,
                                            "tx_pkts": 69751510,
                                            "tx_pps": 2325148
                                        },
                                        {
                                            "drop_pct": 0,
                                            "drop_percentage": 0.0,
                                            "rx_pkts": 34874400,
                                            "rx_pps": 1162574.0,
                                            "time_ms": 1542614988228,
                                            "total_tx_pps": 1162480,
                                            "tx_pkts": 34874400,
                                            "tx_pps": 1162574
                                        },
                                        {
                                            "drop_pct": 92,
                                            "drop_percentage": 0.0001758643330540149,
                                            "rx_pkts": 52312960,
                                            "rx_pps": 1743856.9331722416,
                                            "time_ms": 1542615020266,
                                            "total_tx_pps": 1743768,
                                            "tx_pkts": 52313052,
                                            "tx_pps": 1743860
                                        },
                                        {
                                            "drop_pct": 8905016,
                                            "drop_percentage": 14.590677267054563,
                                            "rx_pkts": 52127216,
                                            "rx_pps": 1737656.0873746842,
                                            "time_ms": 1542615052301,
                                            "total_tx_pps": 2034407,
                                            "tx_pkts": 61032232,
                                            "tx_pps": 2034504
                                        },
                                        {
                                            "drop_pct": 2012688,
                                            "drop_percentage": 3.551423228066218,
                                            "rx_pkts": 54660028,
                                            "rx_pps": 1822089.1516315541,
                                            "time_ms": 1542615084337,
                                            "total_tx_pps": 1889090,
                                            "tx_pkts": 56672716,
                                            "tx_pps": 1889182
                                        },
                                        {
                                            "drop_pct": 68672,
                                            "drop_percentage": 0.12602005464416896,
                                            "ndr_pps": 871930,
                                            "rx_pkts": 54424242,
                                            "rx_pps": 1814232.8179829768,
                                            "time_ms": 1542615116367,
                                            "total_tx_pps": 1816430,
                                            "tx_pkts": 54492914,
                                            "tx_pps": 1816522
                                        }
                                    ]
                                },
                                "ndr": {
                                    "duration_sec": 30.0,