{
    "benchmarks": {
        "network": {
            "service_chain": {
                "EXT": {
                    "result": {
                        "bidirectional": true,
                        "compute_nodes": {},
                        "flow_count": 1000,
                        "profile": "traffic_profile_64B",
                        "result": {
                            "64": {
                                "iteration_stats": {
                                    "ndr_pdr": [
                                        {
                                            "drop_pct": 1080981718,
                                            "drop_percentage": 88.37647108169377,
                                            "rx_pkts": 142173840,
                                            "rx_pps": 8255347.095179401,
                                            "time_ms": 1541758288572,
                                            "total_tx_pps": 40771851,
                                            "tx_pkts": 1223155558,
                                            "tx_pps": 71022726,
                                            "warning": "WARNING: There is a significant difference between requested TX rate (71022726) and actual TX rate (40771851). The traffic generator may not have sufficient CPU to achieve the requested TX rate."
                                        },
                                        {
                                            "drop_pct": 922653804,
                                            "drop_percentage": 86.6048629979324,
                                            "rx_pkts": 142706468,
                                            "rx_pps": 4756795.591200173,
                                            "time_ms": 1541758320612,
                                            "total_tx_pps": 35512009,
                                            "tx_pkts": 1065360272,
                                            "tx_pps": 35511362
                                        },
                                        {
                                            "drop_pct": 391003691,
                                            "drop_percentage": 73.40437589579246,
                                            "rx_pkts": 141667129,
                                            "rx_pps": 4722233.909945958,
                                            "time_ms": 1541758352651,
                                            "total_tx_pps": 17755694,
                                            "tx_pkts": 532670820,
                                            "tx_pps": 17755680
                                        },
                                        {
                                            "drop_pct": 125376474,
                                            "drop_percentage": 47.07456291815049,
                                            "rx_pkts": 140959454,
                                            "rx_pps": 4698635.623427268,
                                            "time_ms": 1541758384689,
                                            "total_tx_pps": 8877864,
                                            "tx_pkts": 266335928,
                                            "tx_pps": 8877840
                                        },
                                        {
                                            "drop_pct": 0,
                                            "drop_percentage": 0.0,
                                            "rx_pkts": 133167878,
                                            "rx_pps": 4438920.0,
                                            "time_ms": 1541758416727,
                                            "total_tx_pps": 4438929,
                                            "tx_pkts": 133167878,
                                            "tx_pps": 4438920
                                        },
                                        {
                                            "drop_pct": 52499532,
                                            "drop_percentage": 26.28245006642911,
                                            "rx_pkts": 147251754,
                                            "rx_pps": 4908394.601266898,
                                            "time_ms": 1541758448764,
                                            "total_tx_pps": 6658376,
                                            "tx_pkts": 199751286,
                                            "tx_pps": 6658380
                                        },
                                        {
                                            "drop_pct": 20655119,
                                            "drop_percentage": 12.408486214254244,
                                            "rx_pkts": 145804501,
                                            "rx_pps": 4860146.529672783,
                                            "time_ms": 1541758480803,
                                            "total_tx_pps": 5548654,
                                            "tx_pkts": 166459620,
                                            "tx_pps": 5548650
                                        },
                                        {
                                            "drop_pct": 5240987,
                                            "drop_percentage": 3.4983362669769185,
                                            "rx_pkts": 144572713,
                                            "rx_pps": 4819084.643233509,
                                            "time_ms": 1541758512841,
                                            "total_tx_pps": 4993790,
                                            "tx_pkts": 149813700,
                                            "tx_pps": 4993784
                                        },
                                        {
                                            "drop_pct": 3280,
                                            "drop_percentage": 0.002318174118991001,
                                            "rx_pkts": 141487386,
                                            "rx_pps": 4716242.666748575,
                                            "time_ms": 1541758544878,
                                            "total_tx_pps": 4716355,
                                            "tx_pkts": 141490666,
                                            "tx_pps": 4716352
                                        },
                                        {
                                            "drop_pct": 0,
                                            "drop_percentage": 0.0,
                                            "rx_pkts": 137329002,
                                            "rx_pps": 4577636.0,
                                            "time_ms": 1541758576917,
                                            "total_tx_pps": 4577633,
                                            "tx_pkts": 137329002,
                                            "tx_pps": 4577636
                                        },
                                        {
                                            "drop_pct": 321,
                                            "drop_percentage": 0.00023025601312502312,
                                            "ndr_pps": 2323497,
                                            "rx_pkts": 139409719,
                                            "rx_pps": 4646983.300016886,
                                            "time_ms": 1541758608956,
                                            "total_tx_pps": 4647001,
                                            "tx_pkts": 139410040,
                                            "tx_pps": 4646994
                                        }
                                    ]
                                },
                                "ndr": {
                                    "actual_l2frame_size": "68",