{
    "benchmarks": {
        "network": {
            "service_chain": {
                "EXT": {
                    "result": {
                        "bidirectional": true,
                        "compute_nodes": {},
                        "flow_count": 1024,
                        "profile": "traffic_profile_64B",
                        "result": {
                            "64": {
                                "iteration_stats": {
                                    "ndr_pdr": [
                                        {
                                            "drop_pct": 1116304040,
                                            "drop_percentage": 90.74359996172021,
                                            "rx_pkts": 113869813,
                                            "rx_pps": 6887202.233121987,
                                            "time_ms": 1542793050172,
                                            "total_tx_pps": 41005795,
                                            "tx_pkts": 1230173853,
                                            "tx_pps": 74404760,
                                            "warning": "WARNING: There is a significant difference between requested TX rate (74404760) and actual TX rate (41005795). The traffic generator may not have sufficient CPU to achieve the requested TX rate."
                                        },
                                        {
                                            "drop_pct": 996784167,
                                            "drop_percentage": 89.31186973136495,
                                            "rx_pkts": 119287157,
                                            "rx_pps": 3976238.8374326318,
                                            "time_ms": 1542793082213,
                                            "total_tx_pps": 37202377,
                                            "tx_pkts": 1116071324,
                                            "tx_pps": 37202380
                                        },
                                        {
                                            "drop_pct": 443018950,
                                            "drop_percentage": 79.38900356296227,
                                            "rx_pkts": 115016710,
                                            "rx_pps": 3833890.608146618,
                                            "time_ms": 1542793114253,
                                            "total_tx_pps": 18601188,
                                            "tx_pkts": 558035660,
                                            "tx_pps": 18601190
                                        },
                                        {
                                            "drop_pct": 162493598,
                                            "drop_percentage": 58.237710771116596,
                                            "rx_pkts": 116524234,
                                            "rx_pps": 3884140.9662841763,
                                            "time_ms": 1542793146303,
                                            "total_tx_pps": 9300594,
                                            "tx_pkts": 279017832,
                                            "tx_pps": 9300594
                                        },
                                        {
                                            "drop_pct": 20181598,
                                            "drop_percentage": 14.466169505653431,
                                            "rx_pkts": 119327330,
                                            "rx_pps": 3977576.2981253793,
                                            "time_ms": 1542793178346,
                                            "total_tx_pps": 4650297,
                                            "tx_pkts": 139508928,
                                            "tx_pps": 4650296
                                        },
                                        {
                                            "drop_pct": 0,
                                            "drop_percentage": 0.0,
                                            "rx_pkts": 69754464,
                                            "rx_pps": 2325148.0,
                                            "time_ms": 1542793210386,
                                            "total_tx_pps": 2325148,
                                            "tx_pkts": 69754464,
                                            "tx_pps": 2325148
                                        },
                                        {
                                            "drop_pct": 0,
                                            "drop_percentage": 0.0,
                                            "rx_pkts": 104631696,
                                            "rx_pps": 3487722.0,
                                            "time_ms": 1542793242429,
                                            "total_tx_pps": 3487723,
                                            "tx_pkts": 104631696,
                                            "tx_pps": 3487722
                                        },
                                        {
                                            "drop_pct": 7167496,
                                            "drop_percentage": 5.871612651049624,
                                            "rx_pkts": 114902818,
                                            "rx_pps": 3830093.494067526,
                                            "time_ms": 1542793274465,
                                            "total_tx_pps": 4069010,
                                            "tx_pkts": 122070314,
                                            "tx_pps": 4069010
                                        },
                                        {
                                            "drop_pct": 0,
                                            "drop_percentage": 0.0,
                                            "rx_pkts": 113351010,
                                            "rx_pps": 3778366.0,
                                            "time_ms": 1542793306505,
                                            "total_tx_pps": 3778367,
                                            "tx_pkts": 113351010,
                                            "tx_pps": 3778366
                                        },
                                        {
                                            "drop_pct": 0,
                                            "drop_percentage": 0.0,
                                            "rx_pkts": 117710656,
                                            "rx_pps": 3923688.0,
                                            "time_ms": 1542793338546,
                                            "total_tx_pps": 3923688,
                                            "tx_pkts": 117710656,
                                            "tx_pps": 3923688
                                        },
                                        {
                                            "drop_pct": 955058,
                                            "drop_percentage": 0.7966086517222284,
                                            "ndr_pps": 1961844,
                                            "rx_pkts": 118935430,
                                            "rx_pps": 3964512.746079072,
                                            "time_ms": 1542793370579,
                                            "total_tx_pps": 3996349,
                                            "tx_pkts": 119890488,
                                            "tx_pps": 3996348
                                        }
                                    ]
                                },
                                "ndr": {
                                    "duration_sec": 30.0,
                                    "initial_rate_type": "rate_percent",