{
    "benchmarks": {
        "network": {
            "service_chain": {
                "EXT": {
                    "result": {
                        "bidirectional": true,
                        "compute_nodes": {},
                        "flow_count": 1024,
                        "profile": "traffic_profile_64B",
                        "result": {
                            "64": {
                                "iteration_stats": {
                                    "ndr_pdr": [
                                        {
                                            "drop_pct": 1039423863,
                                            "drop_percentage": 84.0821025359981,
                                            "rx_pkts": 196777221,
                                            "rx_pps": 11843673.405136697,
                                            "time_ms": 1542790951980,
                                            "total_tx_pps": 41206702,
                                            "tx_pkts": 1236201084,
                                            "tx_pps": 74404760,
                                            "warning": "WARNING: There is a significant difference between requested TX rate (74404760) and actual TX rate (41206702). The traffic generator may not have sufficient CPU to achieve the requested TX rate."
                                        },
                                        {
                                            "drop_pct": 926548611,
                                            "drop_percentage": 83.01875692703211,
                                            "rx_pkts": 189522799,
                                            "rx_pps": 6317426.576729191,
                                            "time_ms": 1542790984014,
                                            "total_tx_pps": 37202380,
                                            "tx_pkts": 1116071410,
                                            "tx_pps": 37202380
                                        },
                                        {
                                            "drop_pct": 368115228,
                                            "drop_percentage": 65.96624889137472,
                                            "rx_pkts": 189920486,
                                            "rx_pps": 6330682.707842495,
                                            "time_ms": 1542791016054,
                                            "total_tx_pps": 18601190,
                                            "tx_pkts": 558035714,
                                            "tx_pps": 18601190
                                        },
                                        {
                                            "drop_pct": 89078387,
                                            "drop_percentage": 31.92569380272427,
                                            "rx_pkts": 189939471,
                                            "rx_pps": 6331314.837725455,
                                            "time_ms": 1542791048098,
                                            "total_tx_pps": 9300595,
                                            "tx_pkts": 279017858,
                                            "tx_pps": 9300594
                                        },
                                        {
                                            "drop_pct": 0,
                                            "drop_percentage": 0.0,
                                            "rx_pkts": 139508930,
                                            "rx_pps": 4650296.0,
                                            "time_ms": 1542791080139,
                                            "total_tx_pps": 4650297,
                                            "tx_pkts": 139508930,
                                            "tx_pps": 4650296
                                        },
                                        {
                                            "drop_pct": 12428743,
                                            "drop_percentage": 5.9392819558302685,
                                            "rx_pkts": 196834651,
                                            "rx_pps": 6561154.594383316,
                                            "time_ms": 1542791112179,
                                            "total_tx_pps": 6975446,
                                            "tx_pkts": 209263394,
                                            "tx_pps": 6975446
                                        },
                                        {
                                            "drop_pct": 0,
                                            "drop_percentage": 0.0,
                                            "rx_pkts": 174386164,
                                            "rx_pps": 5812872.0,
                                            "time_ms": 1542791144219,
                                            "total_tx_pps": 5812872,
                                            "tx_pkts": 174386164,
                                            "tx_pps": 5812872
                                        },
                                        {
                                            "drop_pct": 3366070,
                                            "drop_percentage": 1.754762862232919,
                                            "rx_pkts": 188458710,
                                            "rx_pps": 6281955.690063505,
                                            "time_ms": 1542791176260,
                                            "total_tx_pps": 6394159,
                                            "tx_pkts": 191824780,
                                            "tx_pps": 6394158
                                        },
                                        {
                                            "drop_pct": 0,
                                            "drop_percentage": 0.0,
                                            "rx_pkts": 183105470,
                                            "rx_pps": 6103514.0,
                                            "time_ms": 1542791208300,
                                            "total_tx_pps": 6103515,
                                            "tx_pkts": 183105470,
                                            "tx_pps": 6103514
                                        },
                                        {
                                            "drop_pct": 0,
                                            "drop_percentage": 0.0,
                                            "rx_pkts": 187465126,
                                            "rx_pps": 6248836.0,
                                            "time_ms": 1542791240341,
                                            "total_tx_pps": 6248837,
                                            "tx_pkts": 187465126,
                                            "tx_pps": 6248836
                                        },
                                        {
                                            "drop_pct": 1574603,
                                            "drop_percentage": 0.8302899620549878,
                                            "ndr_pps": 3124418,
                                            "rx_pkts": 188070349,
                                            "rx_pps": 6269011.236654493,
                                            "time_ms": 1542791272383,
                                            "total_tx_pps": 6321498,
                                            "tx_pkts": 189644952,
                                            "tx_pps": 6321498
                                        }
                                    ]
                                },
                                "ndr": {
                                    "duration_sec": 30.0,
                                    "initial_rate_type": "rate_percent",