{
    "benchmarks": {
        "network": {
            "service_chain": {
                "EXT": {
                    "result": {
                        "bidirectional": true,
                        "compute_nodes": {},
                        "flow_count": 1024,
                        "profile": "traffic_profile_64B",
                        "result": {
                            "64": {
                                "iteration_stats": {
                                    "ndr_pdr": [
                                        {
                                            "drop_pct": 1098532428,
                                            "drop_percentage": 91.95510786885883,
                                            "rx_pkts": 96107493,
                                            "rx_pps": 5985782.682434472,
                                            "time_ms": 1543394850121,
                                            "total_tx_pps": 39821330,
                                            "tx_pkts": 1194639921,
                                            "tx_pps": 74404760,
                                            "warning": "WARNING: There is a significant difference between requested TX rate (74404760) and actual TX rate (39821330). The traffic generator may not have sufficient CPU to achieve the requested TX rate."
                                        },
                                        {
                                            "drop_pct": 1019917787,
                                            "drop_percentage": 91.38436617686743,
                                            "rx_pkts": 96156909,
                                            "rx_pps": 3205220.834290306,
                                            "time_ms": 1543394882173,
                                            "total_tx_pps": 37202489,
                                            "tx_pkts": 1116074696,
                                            "tx_pps": 37202380
                                        },
                                        {
                                            "drop_pct": 461817288,
                                            "drop_percentage": 82.7588068130664,
                                            "rx_pkts": 96210680,
                                            "rx_pps": 3207067.102968574,
                                            "time_ms": 1543394914216,
                                            "total_tx_pps": 18600932,
                                            "tx_pkts": 558027968,
                                            "tx_pps": 18601190
                                        },
                                        {
                                            "drop_pct": 182799240,
                                            "drop_percentage": 65.51581142515631,
                                            "rx_pkts": 96216216,
                                            "rx_pps": 3207234.3735405975,
                                            "time_ms": 1543394946265,
                                            "total_tx_pps": 9300515,
                                            "tx_pkts": 279015456,
                                            "tx_pps": 9300594
                                        },
                                        {
                                            "drop_pct": 43072604,
                                            "drop_percentage": 30.87434883935236,
                                            "rx_pkts": 96436748,
                                            "rx_pps": 3214547.3908975506,
                                            "time_ms": 1543394978317,
                                            "total_tx_pps": 4650311,
                                            "tx_pkts": 139509352,
                                            "tx_pps": 4650296
                                        },
                                        {
                                            "drop_pct": 0,
                                            "drop_percentage": 0.0,
                                            "rx_pkts": 69754592,
                                            "rx_pps": 2325148.0,
                                            "time_ms": 1543395010368,
                                            "total_tx_pps": 2325153,
                                            "tx_pkts": 69754592,
                                            "tx_pps": 2325148
                                        },
                                        {
                                            "drop_pct": 1157152,
                                            "drop_percentage": 1.1059300955902716,
                                            "rx_pkts": 103474416,
                                            "rx_pps": 3449150.2327514775,
                                            "time_ms": 1543395042418,
                                            "total_tx_pps": 3487718,
                                            "tx_pkts": 104631568,
                                            "tx_pps": 3487722
                                        },
                                        {
                                            "drop_pct": 0,
                                            "drop_percentage": 0.0,
                                            "rx_pkts": 87193136,
                                            "rx_pps": 2906436.0,
                                            "time_ms": 1543395074468,
                                            "total_tx_pps": 2906437,
                                            "tx_pkts": 87193136,
                                            "tx_pps": 2906436
                                        },
                                        {
                                            "drop_pct": 0,
                                            "drop_percentage": 0.0,
                                            "rx_pkts": 95912144,
                                            "rx_pps": 3197078.0,
                                            "time_ms": 1543395106518,
                                            "total_tx_pps": 3197071,
                                            "tx_pkts": 95912144,
                                            "tx_pps": 3197078
                                        },
                                        {
                                            "drop_pct": 0,
                                            "drop_percentage": 0.0,
                                            "rx_pkts": 100271824,
                                            "rx_pps": 3342400.0,
                                            "time_ms": 1543395138568,
                                            "total_tx_pps": 3342394,
                                            "tx_pkts": 100271824,
                                            "tx_pps": 3342400
                                        },
                                        {
                                            "drop_pct": 395512,
                                            "drop_percentage": 0.3860466006089883,
                                            "ndr_pps": 1671200,
                                            "rx_pkts": 102056368,
                                            "rx_pps": 3401878.269240311,
                                            "time_ms": 1543395170619,
                                            "total_tx_pps": 3415062,
                                            "tx_pkts": 102451880,
                                            "tx_pps": 3415062
                                        }
                                    ]
                                },
                                "ndr": {
                                    "duration_sec": 30.0,
                                    "initial_rate_type": "rate_percent",