{
    "benchmarks": {
        "network": {
            "service_chain": {
                "EXT": {
                    "result": {
                        "bidirectional": true,
                        "compute_nodes": {},
                        "flow_count": 1024,
                        "profile": "traffic_profile_64B",
                        "result": {
                            "64": {
                                "iteration_stats": {
                                    "ndr_pdr": [
                                        {
                                            "drop_pct": 1219835842,
                                            "drop_percentage": 97.0477565137701,
                                            "rx_pkts": 37108044,
                                            "rx_pps": 2196609.680544993,
                                            "time_ms": 1543313182748,
                                            "total_tx_pps": 41898129,
                                            "tx_pkts": 1256943886,
                                            "tx_pps": 74404760,
                                            "warning": "WARNING: There is a significant difference between requested TX rate (74404760) and actual TX rate (41898129). The traffic generator may not have sufficient CPU to achieve the requested TX rate."
                                        },
                                        {
                                            "drop_pct": 1079003486,
                                            "drop_percentage": 96.68134930542533,
                                            "rx_pkts": 37037502,
                                            "rx_pps": 1234617.0422683088,
                                            "time_ms": 1543313214786,
                                            "total_tx_pps": 37201366,
                                            "tx_pkts": 1116040988,
                                            "tx_pps": 37202380
                                        },
                                        {
                                            "drop_pct": 521222847,
                                            "drop_percentage": 93.40286006518073,
                                            "rx_pkts": 36814505,
                                            "rx_pps": 1227146.533841608,
                                            "time_ms": 1543313246829,
                                            "total_tx_pps": 18601245,
                                            "tx_pkts": 558037352,
                                            "tx_pps": 18601190
                                        },
                                        {
                                            "drop_pct": 241983561,
                                            "drop_percentage": 86.72643615975974,
                                            "rx_pkts": 37035815,
                                            "rx_pps": 1234520.2821115549,
                                            "time_ms": 1543313278870,
                                            "total_tx_pps": 9300645,
                                            "tx_pkts": 279019376,
                                            "tx_pps": 9300594
                                        },
                                        {
                                            "drop_pct": 102430368,
                                            "drop_percentage": 73.42200808721554,
                                            "rx_pkts": 37078712,
                                            "rx_pps": 1235955.294800539,
                                            "time_ms": 1543313310907,
                                            "total_tx_pps": 4650302,
                                            "tx_pkts": 139509080,
                                            "tx_pps": 4650296
                                        },
                                        {
                                            "drop_pct": 32175775,
                                            "drop_percentage": 46.12727058260343,
                                            "rx_pkts": 37578569,
                                            "rx_pps": 1252620.690594008,
                                            "time_ms": 1543313342939,
                                            "total_tx_pps": 2325144,
                                            "tx_pkts": 69754344,
                                            "tx_pps": 2325148
                                        },
                                        {
                                            "drop_pct": 0,
                                            "drop_percentage": 0.0,
                                            "rx_pkts": 34877216,
                                            "rx_pps": 1162574.0,
                                            "time_ms": 1543313374993,
                                            "total_tx_pps": 1162573,
                                            "tx_pkts": 34877216,
                                            "tx_pps": 1162574
                                        },
                                        {
                                            "drop_pct": 14808671,
                                            "drop_percentage": 28.306313574020905,
                                            "rx_pkts": 37507117,
                                            "rx_pps": 1250237.520108079,
                                            "time_ms": 1543313407032,
                                            "total_tx_pps": 1743859,
                                            "tx_pkts": 52315788,
                                            "tx_pps": 1743860
                                        },
                                        {
                                            "drop_pct": 710072,
                                            "drop_percentage": 1.6287335618956462,
                                            "rx_pkts": 42886500,
                                            "rx_pps": 1429548.9507064915,
                                            "time_ms": 1543313439072,
                                            "total_tx_pps": 1453219,
                                            "tx_pkts": 43596572,
                                            "tx_pps": 1453218
                                        },
                                        {
                                            "drop_pct": 0,
                                            "drop_percentage": 0.0,
                                            "rx_pkts": 39236920,
                                            "rx_pps": 1307896.0,
                                            "time_ms": 1543313471115,
                                            "total_tx_pps": 1307897,
                                            "tx_pkts": 39236920,
                                            "tx_pps": 1307896
                                        },
                                        {
                                            "drop_pct": 0,
                                            "drop_percentage": 0.0,
                                            "ndr_pps": 690278,
                                            "rx_pkts": 41416704,
                                            "rx_pps": 1380556.0,
                                            "time_ms": 1543313503163,
                                            "total_tx_pps": 1380556,
                                            "tx_pkts": 41416704,
                                            "tx_pps": 1380556
                                        }
                                    ]
                                },
                                "ndr": {
                                    "duration_sec": 30.0,
                                    "initial_rate_type": "rate_percent",