{
    "benchmarks": {
        "network": {
            "service_chain": {
                "EXT": {
                    "result": {
                        "bidirectional": true,
                        "compute_nodes": {},
                        "flow_count": 1024,
                        "profile": "traffic_profile_64B",
                        "result": {
                            "64": {
                                "iteration_stats": {
                                    "ndr_pdr": [
                                        {
                                            "drop_pct": 1169213409,
                                            "drop_percentage": 94.49647311032145,
                                            "rx_pkts": 68095636,
                                            "rx_pps": 4094885.973800793,
                                            "time_ms": 1542793642224,
                                            "total_tx_pps": 41243634,
                                            "tx_pkts": 1237309045,
                                            "tx_pps": 74404760,
                                            "warning": "WARNING: There is a significant difference between requested TX rate (74404760) and actual TX rate (41243634). The traffic generator may not have sufficient CPU to achieve the requested TX rate."
                                        },
                                        {
                                            "drop_pct": 1050667388,
                                            "drop_percentage": 94.13980678532333,
                                            "rx_pkts": 65403936,
                                            "rx_pps": 2180131.3484582305,
                                            "time_ms": 1542793674265,
                                            "total_tx_pps": 37202377,
                                            "tx_pkts": 1116071324,
                                            "tx_pps": 37202380
                                        },
                                        {
                                            "drop_pct": 490858396,
                                            "drop_percentage": 87.96183312012712,
                                            "rx_pkts": 67177264,
                                            "rx_pps": 2239242.2938422253,
                                            "time_ms": 1542793706307,
                                            "total_tx_pps": 18601188,
                                            "tx_pkts": 558035660,
                                            "tx_pps": 18601190
                                        },
                                        {
                                            "drop_pct": 211765554,
                                            "drop_percentage": 75.89678139281077,
                                            "rx_pkts": 67252278,
                                            "rx_pps": 2241742.5035871253,
                                            "time_ms": 1542793738346,
                                            "total_tx_pps": 9300594,
                                            "tx_pkts": 279017832,
                                            "tx_pps": 9300594
                                        },
                                        {
                                            "drop_pct": 73007294,
                                            "drop_percentage": 52.33162855355035,
                                            "rx_pkts": 66501634,
                                            "rx_pps": 2216720.37063939,
                                            "time_ms": 1542793770386,
                                            "total_tx_pps": 4650297,
                                            "tx_pkts": 139508928,
                                            "tx_pps": 4650296
                                        },
                                        {
                                            "drop_pct": 3247177,
                                            "drop_percentage": 4.655152966267506,
                                            "rx_pkts": 66507287,
                                            "rx_pps": 2216908.8039078903,
                                            "time_ms": 1542793802426,
                                            "total_tx_pps": 2325148,
                                            "tx_pkts": 69754464,
                                            "tx_pps": 2325148
                                        },
                                        {
                                            "drop_pct": 0,
                                            "drop_percentage": 0.0,
                                            "rx_pkts": 34877234,
                                            "rx_pps": 1162574.0,
                                            "time_ms": 1542793834467,
                                            "total_tx_pps": 1162574,
                                            "tx_pkts": 34877234,
                                            "tx_pps": 1162574
                                        },
                                        {
                                            "drop_pct": 0,
                                            "drop_percentage": 0.0,
                                            "rx_pkts": 52315850,
                                            "rx_pps": 1743860.0,
                                            "time_ms": 1542793866507,
                                            "total_tx_pps": 1743861,
                                            "tx_pkts": 52315850,
                                            "tx_pps": 1743860
                                        },
                                        {
                                            "drop_pct": 0,
                                            "drop_percentage": 0.0,
                                            "rx_pkts": 61035156,
                                            "rx_pps": 2034504.0,
                                            "time_ms": 1542793898548,
                                            "total_tx_pps": 2034505,
                                            "tx_pkts": 61035156,
                                            "tx_pps": 2034504
                                        },
                                        {
                                            "drop_pct": 0,
                                            "drop_percentage": 0.0,
                                            "rx_pkts": 65394808,
                                            "rx_pps": 2179826.0,
                                            "time_ms": 1542793930586,
                                            "total_tx_pps": 2179826,
                                            "tx_pkts": 65394808,
                                            "tx_pps": 2179826
                                        },
                                        {
                                            "drop_pct": 208593,
                                            "drop_percentage": 0.30868533842534235,
                                            "ndr_pps": 1089913,
                                            "rx_pkts": 67366045,
                                            "rx_pps": 2245532.9059679164,
                                            "time_ms": 1542793962627,
                                            "total_tx_pps": 2252487,
                                            "tx_pkts": 67574638,
                                            "tx_pps": 2252486
                                        }
                                    ]
                                },
                                "ndr": {
                                    "duration_sec": 30.0,
                                    "initial_rate_type": "rate_percent",