{
    "benchmarks": {
        "network": {
            "service_chain": {
                "EXT": {
                    "result": {
                        "bidirectional": true,
                        "compute_nodes": {},
                        "flow_count": 1024,
                        "profile": "traffic_profile_64B",
                        "result": {
                            "64": {
                                "iteration_stats": {
                                    "ndr_pdr": [
                                        {
                                            "drop_pct": 1069105829,
                                            "drop_percentage": 91.94405447985167,
                                            "rx_pkts": 93672814,
                                            "rx_pps": 5994006.929997115,
                                            "time_ms": 1543397196371,
                                            "total_tx_pps": 38759288,
                                            "tx_pkts": 1162778643,
                                            "tx_pps": 74404760,
                                            "warning": "WARNING: There is a significant difference between requested TX rate (74404760) and actual TX rate (38759288). The traffic generator may not have sufficient CPU to achieve the requested TX rate."
                                        },
                                        {
                                            "drop_pct": 1022488492,
                                            "drop_percentage": 91.61665174476697,
                                            "rx_pkts": 93562436,
                                            "rx_pps": 3118805.0746351625,
                                            "time_ms": 1543397228417,
                                            "total_tx_pps": 37201697,
                                            "tx_pkts": 1116050928,
                                            "tx_pps": 37202380
                                        },
                                        {
                                            "drop_pct": 464234747,
                                            "drop_percentage": 83.19126951578987,
                                            "rx_pkts": 93798265,
                                            "rx_pps": 3126623.8939558463,
                                            "time_ms": 1543397260471,
                                            "total_tx_pps": 18601100,
                                            "tx_pkts": 558033012,
                                            "tx_pps": 18601190
                                        },
                                        {
                                            "drop_pct": 185362164,
                                            "drop_percentage": 66.4339969960543,
                                            "rx_pkts": 93654864,
                                            "rx_pps": 3121837.661424793,
                                            "time_ms": 1543397292518,
                                            "total_tx_pps": 9300567,
                                            "tx_pkts": 279017028,
                                            "tx_pps": 9300594
                                        },
                                        {
                                            "drop_pct": 45454520,
                                            "drop_percentage": 32.581900961788016,
                                            "rx_pkts": 94053976,
                                            "rx_pps": 3135141.1628500097,
                                            "time_ms": 1543397324571,
                                            "total_tx_pps": 4650283,
                                            "tx_pkts": 139508496,
                                            "tx_pps": 4650296
                                        },
                                        {
                                            "drop_pct": 0,
                                            "drop_percentage": 0.0,
                                            "rx_pkts": 69754476,
                                            "rx_pps": 2325148.0,
                                            "time_ms": 1543397356621,
                                            "total_tx_pps": 2325149,
                                            "tx_pkts": 69754476,
                                            "tx_pps": 2325148
                                        },
                                        {
                                            "drop_pct": 8282130,
                                            "drop_percentage": 7.915493219428479,
                                            "rx_pkts": 96349758,
                                            "rx_pps": 3211651.6015774845,
                                            "time_ms": 1543397388680,
                                            "total_tx_pps": 3487729,
                                            "tx_pkts": 104631888,
                                            "tx_pps": 3487722
                                        },
                                        {
                                            "drop_pct": 0,
                                            "drop_percentage": 0.0,
                                            "rx_pkts": 87193152,
                                            "rx_pps": 2906436.0,
                                            "time_ms": 1543397420732,
                                            "total_tx_pps": 2906438,
                                            "tx_pkts": 87193152,
                                            "tx_pps": 2906436
                                        },
                                        {
                                            "drop_pct": 0,
                                            "drop_percentage": 0.0,
                                            "rx_pkts": 95912424,
                                            "rx_pps": 3197078.0,
                                            "time_ms": 1543397452780,
                                            "total_tx_pps": 3197080,
                                            "tx_pkts": 95912424,
                                            "tx_pps": 3197078
                                        },
                                        {
                                            "drop_pct": 1087922,
                                            "drop_percentage": 1.0849707493652367,
                                            "rx_pkts": 99184090,
                                            "rx_pps": 3306135.9376732167,
                                            "time_ms": 1543397484843,
                                            "total_tx_pps": 3342400,
                                            "tx_pkts": 100272012,
                                            "tx_pps": 3342400
                                        },
                                        {
                                            "drop_pct": 320668,
                                            "drop_percentage": 0.3269042477244806,
                                            "ndr_pps": 1598539,
                                            "rx_pkts": 97771664,
                                            "rx_pps": 3259051.0810504532,
                                            "time_ms": 1543397516908,
                                            "total_tx_pps": 3269744,
                                            "tx_pkts": 98092332,
                                            "tx_pps": 3269740
                                        }
                                    ]
                                },
                                "ndr": {
                                    "duration_sec": 30.0,