{
    "benchmarks": {
        "network": {
            "service_chain": {
                "EXT": {
                    "result": {
                        "bidirectional": true,
                        "compute_nodes": {},
                        "flow_count": 1024,
                        "profile": "traffic_profile_64B",
                        "result": {
                            "64": {
                                "iteration_stats": {
                                    "ndr_pdr": [
                                        {
                                            "drop_pct": 1022302777,
                                            "drop_percentage": 85.91009841622538,
                                            "rx_pkts": 167665336,
                                            "rx_pps": 10483557.457643704,
                                            "time_ms": 1543391522317,
                                            "total_tx_pps": 39665603,
                                            "tx_pkts": 1189968113,
                                            "tx_pps": 74404760,
                                            "warning": "WARNING: There is a significant difference between requested TX rate (74404760) and actual TX rate (39665603). The traffic generator may not have sufficient CPU to achieve the requested TX rate."
                                        },
                                        {
                                            "drop_pct": 948991180,
                                            "drop_percentage": 85.02936079468287,
                                            "rx_pkts": 167083516,
                                            "rx_pps": 5569434.085591057,
                                            "time_ms": 1543391554362,
                                            "total_tx_pps": 37202489,
                                            "tx_pkts": 1116074696,
                                            "tx_pps": 37202380
                                        },
                                        {
                                            "drop_pct": 390472992,
                                            "drop_percentage": 69.97373149583785,
                                            "rx_pkts": 167554976,
                                            "rx_pps": 5585243.254369359,
                                            "time_ms": 1543391586416,
                                            "total_tx_pps": 18600932,
                                            "tx_pkts": 558027968,
                                            "tx_pps": 18601190
                                        },
                                        {
                                            "drop_pct": 111589776,
                                            "drop_percentage": 39.99411989563761,
                                            "rx_pkts": 167425680,
                                            "rx_pps": 5580903.284633522,
                                            "time_ms": 1543391618469,
                                            "total_tx_pps": 9300515,
                                            "tx_pkts": 279015456,
                                            "tx_pps": 9300594
                                        },
                                        {
                                            "drop_pct": 0,
                                            "drop_percentage": 0.0,
                                            "rx_pkts": 139509352,
                                            "rx_pps": 4650296.0,
                                            "time_ms": 1543391650519,
                                            "total_tx_pps": 4650311,
                                            "tx_pkts": 139509352,
                                            "tx_pps": 4650296
                                        },
                                        {
                                            "drop_pct": 41921476,
                                            "drop_percentage": 20.033005508309103,
                                            "rx_pkts": 167340564,
                                            "rx_pps": 5578054.518590873,
                                            "time_ms": 1543391682570,
                                            "total_tx_pps": 6975401,
                                            "tx_pkts": 209262040,
                                            "tx_pps": 6975446
                                        },
                                        {
                                            "drop_pct": 7021760,
                                            "drop_percentage": 4.026573033200143,
                                            "rx_pkts": 167363752,
                                            "rx_pps": 5578812.463593558,
                                            "time_ms": 1543391714621,
                                            "total_tx_pps": 5812850,
                                            "tx_pkts": 174385512,
                                            "tx_pps": 5812872
                                        },
                                        {
                                            "drop_pct": 56,
                                            "drop_percentage": 3.568058940255911e-05,
                                            "rx_pkts": 156948024,
                                            "rx_pps": 5231582.133339994,
                                            "time_ms": 1543391746672,
                                            "total_tx_pps": 5231602,
                                            "tx_pkts": 156948080,
                                            "tx_pps": 5231584
                                        },
                                        {
                                            "drop_pct": 3488,
                                            "drop_percentage": 0.0021054187006572674,
                                            "rx_pkts": 165664272,
                                            "rx_pps": 5522111.733978995,
                                            "time_ms": 1543391778722,
                                            "total_tx_pps": 5522258,
                                            "tx_pkts": 165667760,
                                            "tx_pps": 5522228
                                        },
                                        {
                                            "drop_pct": 0,
                                            "drop_percentage": 0.0,
                                            "rx_pkts": 161306672,
                                            "rx_pps": 5376906.0,
                                            "time_ms": 1543391810773,
                                            "total_tx_pps": 5376889,
                                            "tx_pkts": 161306672,
                                            "tx_pps": 5376906
                                        },
                                        {
                                            "drop_pct": 1068,
                                            "drop_percentage": 0.0006532604252289862,
                                            "ndr_pps": 2724783,
                                            "rx_pkts": 163486564,
                                            "rx_pps": 5449530.400141976,
                                            "time_ms": 1543391842823,
                                            "total_tx_pps": 5449587,
                                            "tx_pkts": 163487632,
                                            "tx_pps": 5449566
                                        }
                                    ]
                                },
                                "ndr": {
                                    "duration_sec": 30.0,