{
    "benchmarks": {
        "network": {
            "service_chain": {
                "EXT": {
                    "result": {
                        "bidirectional": true,
                        "compute_nodes": {},
                        "flow_count": 1024,
                        "profile": "traffic_profile_64B",
                        "result": {
                            "64": {
                                "iteration_stats": {
                                    "ndr_pdr": [
                                        {
                                            "drop_pct": 1200494759,
                                            "drop_percentage": 97.13110471911125,
                                            "rx_pkts": 35458196,
                                            "rx_pps": 2134594.648396601,
                                            "time_ms": 1542794861464,
                                            "total_tx_pps": 41198431,
                                            "tx_pkts": 1235952955,
                                            "tx_pps": 74404760,
                                            "warning": "WARNING: There is a significant difference between requested TX rate (74404760) and actual TX rate (41198431). The traffic generator may not have sufficient CPU to achieve the requested TX rate."
                                        },
                                        {
                                            "drop_pct": 1080844988,
                                            "drop_percentage": 96.84371999866919,
                                            "rx_pkts": 35226336,
                                            "rx_pps": 1174211.2799590942,
                                            "time_ms": 1542794893507,
                                            "total_tx_pps": 37202377,
                                            "tx_pkts": 1116071324,
                                            "tx_pps": 37202380
                                        },
                                        {
                                            "drop_pct": 522493100,
                                            "drop_percentage": 93.63077262840156,
                                            "rx_pkts": 35542560,
                                            "rx_pps": 1184752.084923032,
                                            "time_ms": 1542794925547,
                                            "total_tx_pps": 18601188,
                                            "tx_pkts": 558035660,
                                            "tx_pps": 18601190
                                        },
                                        {
                                            "drop_pct": 244030856,
                                            "drop_percentage": 87.4606666716556,
                                            "rx_pkts": 34986976,
                                            "rx_pps": 1166232.4831759995,
                                            "time_ms": 1542794957588,
                                            "total_tx_pps": 9300594,
                                            "tx_pkts": 279017832,
                                            "tx_pps": 9300594
                                        },
                                        {
                                            "drop_pct": 105325030,
                                            "drop_percentage": 75.49698181323564,
                                            "rx_pkts": 34183898,
                                            "rx_pps": 1139462.8746183757,
                                            "time_ms": 1542794989628,
                                            "total_tx_pps": 4650297,
                                            "tx_pkts": 139508928,
                                            "tx_pps": 4650296
                                        },
                                        {
                                            "drop_pct": 34606445,
                                            "drop_percentage": 49.61179975520993,
                                            "rx_pkts": 35148019,
                                            "rx_pps": 1171600.2302277314,
                                            "time_ms": 1542795021668,
                                            "total_tx_pps": 2325148,
                                            "tx_pkts": 69754464,
                                            "tx_pps": 2325148
                                        },
                                        {
                                            "drop_pct": 0,
                                            "drop_percentage": 0.0,
                                            "rx_pkts": 34877234,
                                            "rx_pps": 1162574.0,
                                            "time_ms": 1542795053707,
                                            "total_tx_pps": 1162574,
                                            "tx_pkts": 34877234,
                                            "tx_pps": 1162574
                                        },
                                        {
                                            "drop_pct": 16882154,
                                            "drop_percentage": 32.26967229741379,
                                            "rx_pkts": 35433698,
                                            "rx_pps": 1181122.0926743199,
                                            "time_ms": 1542795085750,
                                            "total_tx_pps": 1743861,
                                            "tx_pkts": 52315852,
                                            "tx_pps": 1743860
                                        },
                                        {
                                            "drop_pct": 7945299,
                                            "drop_percentage": 18.224608272830444,
                                            "rx_pkts": 35651243,
                                            "rx_pps": 1188374.712149739,
                                            "time_ms": 1542795117798,
                                            "total_tx_pps": 1453218,
                                            "tx_pkts": 43596542,
                                            "tx_pps": 1453218
                                        },
                                        {
                                            "drop_pct": 4149840,
                                            "drop_percentage": 10.57637394688386,
                                            "rx_pkts": 35087048,
                                            "rx_pps": 1169568.0282036639,
                                            "time_ms": 1542795149839,
                                            "total_tx_pps": 1307896,
                                            "tx_pkts": 39236888,
                                            "tx_pps": 1307896
                                        },
                                        {
                                            "drop_pct": 2311421,
                                            "drop_percentage": 6.237464601886928,
                                            "ndr_pps": 581287,
                                            "rx_pkts": 34745639,
                                            "rx_pps": 1158186.716499528,
                                            "time_ms": 1542795181879,
                                            "total_tx_pps": 1235235,
                                            "tx_pkts": 37057060,
                                            "tx_pps": 1235234
                                        }
                                    ]
                                },
                                "ndr": {
                                    "duration_sec": 30.0,