{
    "benchmarks": {
        "network": {
            "service_chain": {
                "EXT": {
                    "result": {
                        "bidirectional": true,
                        "compute_nodes": {},
                        "flow_count": 1024,
                        "profile": "traffic_profile_64B",
                        "result": {
                            "64": {
                                "iteration_stats": {
                                    "ndr_pdr": [
                                        {
                                            "drop_pct": 1046550083,
                                            "drop_percentage": 84.6482757453741,
                                            "rx_pkts": 189801247,
                                            "rx_pps": 11422413.587516196,
                                            "time_ms": 1542971199510,
                                            "total_tx_pps": 41211711,
                                            "tx_pkts": 1236351330,
                                            "tx_pps": 74404760,
                                            "warning": "WARNING: There is a significant difference between requested TX rate (74404760) and actual TX rate (41211711). The traffic generator may not have sufficient CPU to achieve the requested TX rate."
                                        },
                                        {
                                            "drop_pct": 923843766,
                                            "drop_percentage": 82.77670897622461,
                                            "rx_pkts": 192223516,
                                            "rx_pps": 6407474.17517081,
                                            "time_ms": 1542971231549,
                                            "total_tx_pps": 37202242,
                                            "tx_pkts": 1116067282,
                                            "tx_pps": 37202380
                                        },
                                        {
                                            "drop_pct": 366548875,
                                            "drop_percentage": 65.68481075761768,
                                            "rx_pkts": 191493191,
                                            "rx_pps": 6383033.549835095,
                                            "time_ms": 1542971263586,
                                            "total_tx_pps": 18601402,
                                            "tx_pkts": 558042066,
                                            "tx_pps": 18601190
                                        },
                                        {
                                            "drop_pct": 88381245,
                                            "drop_percentage": 31.67574524652966,
                                            "rx_pkts": 190637431,
                                            "rx_pps": 6354561.538145977,
                                            "time_ms": 1542971295617,
                                            "total_tx_pps": 9300622,
                                            "tx_pkts": 279018676,
                                            "tx_pps": 9300594
                                        },
                                        {
                                            "drop_pct": 0,
                                            "drop_percentage": 0.0,
                                            "rx_pkts": 139508340,
                                            "rx_pps": 4650296.0,
                                            "time_ms": 1542971327661,
                                            "total_tx_pps": 4650278,
                                            "tx_pkts": 139508340,
                                            "tx_pps": 4650296
                                        },
                                        {
                                            "drop_pct": 14908808,
                                            "drop_percentage": 7.124407023699708,
                                            "rx_pkts": 194355036,
                                            "rx_pps": 6478486.83524162,
                                            "time_ms": 1542971359705,
                                            "total_tx_pps": 6975461,
                                            "tx_pkts": 209263844,
                                            "tx_pps": 6975446
                                        },
                                        {
                                            "drop_pct": 0,
                                            "drop_percentage": 0.0,
                                            "rx_pkts": 174386428,
                                            "rx_pps": 5812872.0,
                                            "time_ms": 1542971391752,
                                            "total_tx_pps": 5812880,
                                            "tx_pkts": 174386428,
                                            "tx_pps": 5812872
                                        },
                                        {
                                            "drop_pct": 2204030,
                                            "drop_percentage": 1.1489789756078523,
                                            "rx_pkts": 189621064,
                                            "rx_pps": 6320690.468912853,
                                            "time_ms": 1542971423792,
                                            "total_tx_pps": 6394169,
                                            "tx_pkts": 191825094,
                                            "tx_pps": 6394158
                                        },
                                        {
                                            "drop_pct": 0,
                                            "drop_percentage": 0.0,
                                            "rx_pkts": 183105070,
                                            "rx_pps": 6103514.0,
                                            "time_ms": 1542971455833,
                                            "total_tx_pps": 6103502,
                                            "tx_pkts": 183105070,
                                            "tx_pps": 6103514
                                        },
                                        {
                                            "drop_pct": 0,
                                            "drop_percentage": 0.0,
                                            "rx_pkts": 187464588,
                                            "rx_pps": 6248836.0,
                                            "time_ms": 1542971487874,
                                            "total_tx_pps": 6248819,
                                            "tx_pkts": 187464588,
                                            "tx_pps": 6248836
                                        },
                                        {
                                            "drop_pct": 0,
                                            "drop_percentage": 0.0,
                                            "ndr_pps": 3160749,
                                            "rx_pkts": 189645916,
                                            "rx_pps": 6321498.0,
                                            "time_ms": 1542971519913,
                                            "total_tx_pps": 6321530,
                                            "tx_pkts": 189645916,
                                            "tx_pps": 6321498
                                        }
                                    ]
                                },
                                "ndr": {
                                    "duration_sec": 30.0,
                                    "initial_rate_type": "rate_percent",