{
    "benchmarks": {
        "network": {
            "service_chain": {
                "EXT": {
                    "result": {
                        "bidirectional": true,
                        "compute_nodes": {},
                        "flow_count": 1024,
                        "profile": "traffic_profile_64B",
                        "result": {
                            "64": {
                                "iteration_stats": {
                                    "ndr_pdr": [
                                        {
                                            "drop_pct": 1041176753,
                                            "drop_percentage": 84.4103641907214,
                                            "rx_pkts": 192293524,
                                            "rx_pps": 11599431.108767802,
                                            "time_ms": 1542806297081,
                                            "total_tx_pps": 41115675,
                                            "tx_pkts": 1233470277,
                                            "tx_pps": 74404760,
                                            "warning": "WARNING: There is a significant difference between requested TX rate (74404760) and actual TX rate (41115675). The traffic generator may not have sufficient CPU to achieve the requested TX rate."
                                        },
                                        {
                                            "drop_pct": 926046571,
                                            "drop_percentage": 82.97368017093841,
                                            "rx_pkts": 190026103,
                                            "rx_pps": 6334196.202822844,
                                            "time_ms": 1542806329126,
                                            "total_tx_pps": 37202422,
                                            "tx_pkts": 1116072674,
                                            "tx_pps": 37202380
                                        },
                                        {
                                            "drop_pct": 367128598,
                                            "drop_percentage": 65.78949101003323,
                                            "rx_pkts": 190906724,
                                            "rx_pps": 6363561.7771908,
                                            "time_ms": 1542806361168,
                                            "total_tx_pps": 18601177,
                                            "tx_pkts": 558035322,
                                            "tx_pps": 18601190
                                        },
                                        {
                                            "drop_pct": 88560613,
                                            "drop_percentage": 31.740107448264986,
                                            "rx_pkts": 190457387,
                                            "rx_pps": 6348575.471073113,
                                            "time_ms": 1542806393206,
                                            "total_tx_pps": 9300600,
                                            "tx_pkts": 279018000,
                                            "tx_pps": 9300594
                                        },
                                        {
                                            "drop_pct": 0,
                                            "drop_percentage": 0.0,
                                            "rx_pkts": 139508928,
                                            "rx_pps": 4650296.0,
                                            "time_ms": 1542806425250,
                                            "total_tx_pps": 4650297,
                                            "tx_pkts": 139508928,
                                            "tx_pps": 4650296
                                        },
                                        {
                                            "drop_pct": 19278630,
                                            "drop_percentage": 9.212611612054856,
                                            "rx_pkts": 189984832,
                                            "rx_pps": 6332825.251811384,
                                            "time_ms": 1542806457290,
                                            "total_tx_pps": 6975448,
                                            "tx_pkts": 209263462,
                                            "tx_pps": 6975446
                                        },
                                        {
                                            "drop_pct": 0,
                                            "drop_percentage": 0.0,
                                            "rx_pkts": 174386162,
                                            "rx_pps": 5812872.0,
                                            "time_ms": 1542806489332,
                                            "total_tx_pps": 5812872,
                                            "tx_pkts": 174386162,
                                            "tx_pps": 5812872
                                        },
                                        {
                                            "drop_pct": 3733168,
                                            "drop_percentage": 1.9461344648437795,
                                            "rx_pkts": 188091604,
                                            "rx_pps": 6269719.087425435,
                                            "time_ms": 1542806521372,
                                            "total_tx_pps": 6394159,
                                            "tx_pkts": 191824772,
                                            "tx_pps": 6394158
                                        },
                                        {
                                            "drop_pct": 0,
                                            "drop_percentage": 0.0,
                                            "rx_pkts": 183105504,
                                            "rx_pps": 6103514.0,
                                            "time_ms": 1542806553413,
                                            "total_tx_pps": 6103516,
                                            "tx_pkts": 183105504,
                                            "tx_pps": 6103514
                                        },
                                        {
                                            "drop_pct": 0,
                                            "drop_percentage": 0.0,
                                            "rx_pkts": 187465196,
                                            "rx_pps": 6248836.0,
                                            "time_ms": 1542806585457,
                                            "total_tx_pps": 6248839,
                                            "tx_pkts": 187465196,
                                            "tx_pps": 6248836
                                        },
                                        {
                                            "drop_pct": 0,
                                            "drop_percentage": 0.0,
                                            "ndr_pps": 3160749,
                                            "rx_pkts": 189644980,
                                            "rx_pps": 6321498.0,
                                            "time_ms": 1542806617508,
                                            "total_tx_pps": 6321499,
                                            "tx_pkts": 189644980,
                                            "tx_pps": 6321498
                                        }
                                    ]
                                },
                                "ndr": {
                                    "duration_sec": 30.0,
                                    "initial_rate_type": "rate_percent",