{
    "benchmarks": {
        "network": {
            "service_chain": {
                "EXT": {
                    "result": {
                        "bidirectional": true,
                        "compute_nodes": {},
                        "flow_count": 1024,
                        "profile": "traffic_profile_64B",
                        "result": {
                            "64": {
                                "iteration_stats": {
                                    "ndr_pdr": [
                                        {
                                            "drop_pct": 1046434560,
                                            "drop_percentage": 84.66083575518715,
                                            "rx_pkts": 189596895,
                                            "rx_pps": 11413068.342358813,
                                            "time_ms": 1542804656092,
                                            "total_tx_pps": 41201048,
                                            "tx_pkts": 1236031455,
                                            "tx_pps": 74404760,
                                            "warning": "WARNING: There is a significant difference between requested TX rate (74404760) and actual TX rate (41201048). The traffic generator may not have sufficient CPU to achieve the requested TX rate."
                                        },
                                        {
                                            "drop_pct": 926483086,
                                            "drop_percentage": 83.0127918712935,
                                            "rx_pkts": 189589588,
                                            "rx_pps": 6319645.719432281,
                                            "time_ms": 1542804688132,
                                            "total_tx_pps": 37202422,
                                            "tx_pkts": 1116072674,
                                            "tx_pps": 37202380
                                        },
                                        {
                                            "drop_pct": 363992951,
                                            "drop_percentage": 65.22750389026875,
                                            "rx_pkts": 194043045,
                                            "rx_pps": 6468098.069113718,
                                            "time_ms": 1542804720174,
                                            "total_tx_pps": 18601199,
                                            "tx_pkts": 558035996,
                                            "tx_pps": 18601190
                                        },
                                        {
                                            "drop_pct": 90110931,
                                            "drop_percentage": 32.29576058063558,
                                            "rx_pkts": 188906901,
                                            "rx_pps": 6296896.429183044,
                                            "time_ms": 1542804752218,
                                            "total_tx_pps": 9300594,
                                            "tx_pkts": 279017832,
                                            "tx_pps": 9300594
                                        },
                                        {
                                            "drop_pct": 0,
                                            "drop_percentage": 0.0,
                                            "rx_pkts": 139508928,
                                            "rx_pps": 4650296.0,
                                            "time_ms": 1542804784259,
                                            "total_tx_pps": 4650297,
                                            "tx_pkts": 139508928,
                                            "tx_pps": 4650296
                                        },
                                        {
                                            "drop_pct": 19340525,
                                            "drop_percentage": 9.242193311158024,
                                            "rx_pkts": 189922843,
                                            "rx_pps": 6330761.79636456,
                                            "time_ms": 1542804816299,
                                            "total_tx_pps": 6975445,
                                            "tx_pkts": 209263368,
                                            "tx_pps": 6975446
                                        },
                                        {
                                            "drop_pct": 0,
                                            "drop_percentage": 0.0,
                                            "rx_pkts": 174386162,
                                            "rx_pps": 5812872.0,
                                            "time_ms": 1542804848339,
                                            "total_tx_pps": 5812872,
                                            "tx_pkts": 174386162,
                                            "tx_pps": 5812872
                                        },
                                        {
                                            "drop_pct": 2632871,
                                            "drop_percentage": 1.3725396217335266,
                                            "rx_pkts": 189191901,
                                            "rx_pps": 6306395.647973757,
                                            "time_ms": 1542804880378,
                                            "total_tx_pps": 6394159,
                                            "tx_pkts": 191824772,
                                            "tx_pps": 6394158
                                        },
                                        {
                                            "drop_pct": 0,
                                            "drop_percentage": 0.0,
                                            "rx_pkts": 183105504,
                                            "rx_pps": 6103514.0,
                                            "time_ms": 1542804912419,
                                            "total_tx_pps": 6103516,
                                            "tx_pkts": 183105504,
                                            "tx_pps": 6103514
                                        },
                                        {
                                            "drop_pct": 0,
                                            "drop_percentage": 0.0,
                                            "rx_pkts": 187465118,
                                            "rx_pps": 6248836.0,
                                            "time_ms": 1542804944460,
                                            "total_tx_pps": 6248837,
                                            "tx_pkts": 187465118,
                                            "tx_pps": 6248836
                                        },
                                        {
                                            "drop_pct": 749799,
                                            "drop_percentage": 0.3953698115288894,
                                            "ndr_pps": 3124418,
                                            "rx_pkts": 188895181,
                                            "rx_pps": 6296504.705271597,
                                            "time_ms": 1542804976502,
                                            "total_tx_pps": 6321499,
                                            "tx_pkts": 189644980,
                                            "tx_pps": 6321498
                                        }
                                    ]
                                },
                                "ndr": {
                                    "duration_sec": 30.0,
                                    "initial_rate_type": "rate_percent",