{
    "benchmarks": {
        "network": {
            "service_chain": {
                "EXT": {
                    "result": {
                        "bidirectional": true,
                        "compute_nodes": {},
                        "flow_count": 1024,
                        "profile": "traffic_profile_64B",
                        "result": {
                            "64": {
                                "iteration_stats": {
                                    "ndr_pdr": [
                                        {
                                            "drop_pct": 1088670289,
                                            "drop_percentage": 86.5990286329052,
                                            "rx_pkts": 168468857,
                                            "rx_pps": 9970960.583355604,
                                            "time_ms": 1543315960385,
                                            "total_tx_pps": 41904638,
                                            "tx_pkts": 1257139146,
                                            "tx_pps": 74404760,
                                            "warning": "WARNING: There is a significant difference between requested TX rate (74404760) and actual TX rate (41904638). The traffic generator may not have sufficient CPU to achieve the requested TX rate."
                                        },
                                        {
                                            "drop_pct": 947533737,
                                            "drop_percentage": 84.901338498152,
                                            "rx_pkts": 168507251,
                                            "rx_pps": 5617061.4268312,
                                            "time_ms": 1543315992427,
                                            "total_tx_pps": 37201366,
                                            "tx_pkts": 1116040988,
                                            "tx_pps": 37202380
                                        },
                                        {
                                            "drop_pct": 388898574,
                                            "drop_percentage": 69.69041993447063,
                                            "rx_pkts": 169138778,
                                            "rx_pps": 5637942.576191243,
                                            "time_ms": 1543316024472,
                                            "total_tx_pps": 18601245,
                                            "tx_pkts": 558037352,
                                            "tx_pps": 18601190
                                        },
                                        {
                                            "drop_pct": 109907388,
                                            "drop_percentage": 39.39059343319584,
                                            "rx_pkts": 169111988,
                                            "rx_pps": 5637034.830587793,
                                            "time_ms": 1543316056512,
                                            "total_tx_pps": 9300645,
                                            "tx_pkts": 279019376,
                                            "tx_pps": 9300594
                                        },
                                        {
                                            "drop_pct": 0,
                                            "drop_percentage": 0.0,
                                            "rx_pkts": 139509080,
                                            "rx_pps": 4650296.0,
                                            "time_ms": 1543316088562,
                                            "total_tx_pps": 4650302,
                                            "tx_pkts": 139509080,
                                            "tx_pps": 4650296
                                        },
                                        {
                                            "drop_pct": 40494732,
                                            "drop_percentage": 19.351099692593838,
                                            "rx_pkts": 168768476,
                                            "rx_pps": 5625620.4905369505,
                                            "time_ms": 1543316120598,
                                            "total_tx_pps": 6975440,
                                            "tx_pkts": 209263208,
                                            "tx_pps": 6975446
                                        },
                                        {
                                            "drop_pct": 6218222,
                                            "drop_percentage": 3.565793105688261,
                                            "rx_pkts": 168167162,
                                            "rx_pps": 5605597.010981517,
                                            "time_ms": 1543316152648,
                                            "total_tx_pps": 5812846,
                                            "tx_pkts": 174385384,
                                            "tx_pps": 5812872
                                        },
                                        {
                                            "drop_pct": 0,
                                            "drop_percentage": 0.0,
                                            "rx_pkts": 156947292,
                                            "rx_pps": 5231584.0,
                                            "time_ms": 1543316184696,
                                            "total_tx_pps": 5231576,
                                            "tx_pkts": 156947292,
                                            "tx_pps": 5231584
                                        },
                                        {
                                            "drop_pct": 1134902,
                                            "drop_percentage": 0.6850488239937442,
                                            "rx_pkts": 164532414,
                                            "rx_pps": 5484398.042027746,
                                            "time_ms": 1543316216744,
                                            "total_tx_pps": 5522243,
                                            "tx_pkts": 165667316,
                                            "tx_pps": 5522228
                                        },
                                        {
                                            "drop_pct": 0,
                                            "drop_percentage": 0.0,
                                            "rx_pkts": 161307208,
                                            "rx_pps": 5376906.0,
                                            "time_ms": 1543316248785,
                                            "total_tx_pps": 5376906,
                                            "tx_pkts": 161307208,
                                            "tx_pps": 5376906
                                        },
                                        {
                                            "drop_pct": 399359,
                                            "drop_percentage": 0.24427456206567544,
                                            "ndr_pps": 2688453,
                                            "rx_pkts": 163088397,
                                            "rx_pps": 5436254.09651902,
                                            "time_ms": 1543316280827,
                                            "total_tx_pps": 5449591,
                                            "tx_pkts": 163487756,
                                            "tx_pps": 5449566
                                        }
                                    ]
                                },
                                "ndr": {
                                    "duration_sec": 30.0,