{
    "benchmarks": {
        "network": {
            "service_chain": {
                "EXT": {
                    "result": {
                        "bidirectional": true,
                        "compute_nodes": {},
                        "flow_count": 1024,
                        "profile": "traffic_profile_64B",
                        "result": {
                            "64": {
                                "iteration_stats": {
                                    "ndr_pdr": [
                                        {
                                            "drop_pct": 1086772656,
                                            "drop_percentage": 86.83620423354215,
                                            "rx_pkts": 164747566,
                                            "rx_pps": 9794490.646923127,
                                            "time_ms": 1543316556317,
                                            "total_tx_pps": 41717340,
                                            "tx_pkts": 1251520222,
                                            "tx_pps": 74404760,
                                            "warning": "WARNING: There is a significant difference between requested TX rate (74404760) and actual TX rate (41717340). The traffic generator may not have sufficient CPU to achieve the requested TX rate."
                                        },
                                        {
                                            "drop_pct": 951731836,
                                            "drop_percentage": 85.27749842822081,
                                            "rx_pkts": 164309152,
                                            "rx_pps": 5477120.980239267,
                                            "time_ms": 1543316588359,
                                            "total_tx_pps": 37201366,
                                            "tx_pkts": 1116040988,
                                            "tx_pps": 37202380
                                        },
                                        {
                                            "drop_pct": 391396624,
                                            "drop_percentage": 70.13806918071678,
                                            "rx_pkts": 166640728,
                                            "rx_pps": 5554674.489363427,
                                            "time_ms": 1543316620400,
                                            "total_tx_pps": 18601245,
                                            "tx_pkts": 558037352,
                                            "tx_pps": 18601190
                                        },
                                        {
                                            "drop_pct": 113477916,
                                            "drop_percentage": 40.67026370240323,
                                            "rx_pkts": 165541460,
                                            "rx_pps": 5518017.894310107,
                                            "time_ms": 1543316652440,
                                            "total_tx_pps": 9300645,
                                            "tx_pkts": 279019376,
                                            "tx_pps": 9300594
                                        },
                                        {
                                            "drop_pct": 0,
                                            "drop_percentage": 0.0,
                                            "rx_pkts": 139509080,
                                            "rx_pps": 4650296.0,
                                            "time_ms": 1543316684479,
                                            "total_tx_pps": 4650302,
                                            "tx_pkts": 139509080,
                                            "tx_pps": 4650296
                                        },
                                        {
                                            "drop_pct": 42740714,
                                            "drop_percentage": 20.424380572432018,
                                            "rx_pkts": 166522494,
                                            "rx_pps": 5550754.362335514,
                                            "time_ms": 1543316716525,
                                            "total_tx_pps": 6975440,
                                            "tx_pkts": 209263208,
                                            "tx_pps": 6975446
                                        },
                                        {
                                            "drop_pct": 7912332,
                                            "drop_percentage": 4.53726787102754,
                                            "rx_pkts": 166473052,
                                            "rx_pps": 5549126.426360045,
                                            "time_ms": 1543316748572,
                                            "total_tx_pps": 5812846,
                                            "tx_pkts": 174385384,
                                            "tx_pps": 5812872
                                        },
                                        {
                                            "drop_pct": 0,
                                            "drop_percentage": 0.0,
                                            "rx_pkts": 156947292,
                                            "rx_pps": 5231584.0,
                                            "time_ms": 1543316780618,
                                            "total_tx_pps": 5231576,
                                            "tx_pkts": 156947292,
                                            "tx_pps": 5231584
                                        },
                                        {
                                            "drop_pct": 871920,
                                            "drop_percentage": 0.5263077962825208,
                                            "rx_pkts": 164795396,
                                            "rx_pps": 5493164.083507503,
                                            "time_ms": 1543316812659,
                                            "total_tx_pps": 5522243,
                                            "tx_pkts": 165667316,
                                            "tx_pps": 5522228
                                        },
                                        {
                                            "drop_pct": 0,
                                            "drop_percentage": 0.0,
                                            "rx_pkts": 161307208,
                                            "rx_pps": 5376906.0,
                                            "time_ms": 1543316844710,
                                            "total_tx_pps": 5376906,
                                            "tx_pkts": 161307208,
                                            "tx_pps": 5376906
                                        },
                                        {
                                            "drop_pct": 112708,
                                            "drop_percentage": 0.06893971925334885,
                                            "ndr_pps": 2688453,
                                            "rx_pkts": 163375048,
                                            "rx_pps": 5445809.084499074,
                                            "time_ms": 1543316876751,
                                            "total_tx_pps": 5449591,
                                            "tx_pkts": 163487756,
                                            "tx_pps": 5449566
                                        }
                                    ]
                                },
                                "ndr": {
                                    "duration_sec": 30.0,