{
    "benchmarks": {
        "network": {
            "service_chain": {
                "EXT": {
                    "result": {
                        "bidirectional": true,
                        "compute_nodes": {},
                        "flow_count": 1024,
                        "profile": "traffic_profile_64B",
                        "result": {
                            "64": {
                                "iteration_stats": {
                                    "ndr_pdr": [
                                        {
                                            "drop_pct": 1247631929,
                                            "drop_percentage": 99.79721726020979,
                                            "rx_pkts": 2535123,
                                            "rx_pps": 150880.01086232928,
                                            "time_ms": 1543322906756,
                                            "total_tx_pps": 41672235,
                                            "tx_pkts": 1250167052,
                                            "tx_pps": 74404760,
                                            "warning": "WARNING: There is a significant difference between requested TX rate (74404760) and actual TX rate (41672235). The traffic generator may not have sufficient CPU to achieve the requested TX rate."
                                        },
                                        {
                                            "drop_pct": 1113341656,
                                            "drop_percentage": 99.75813361348744,
                                            "rx_pkts": 2699328,
                                            "rx_pps": 89980.05220266953,
                                            "time_ms": 1543322938795,
                                            "total_tx_pps": 37201366,
                                            "tx_pkts": 1116040984,
                                            "tx_pps": 37202380
                                        },
                                        {
                                            "drop_pct": 555198899,
                                            "drop_percentage": 99.4913514283277,
                                            "rx_pkts": 2838449,
                                            "rx_pps": 94614.68724905,
                                            "time_ms": 1543322970832,
                                            "total_tx_pps": 18601244,
                                            "tx_pkts": 558037348,
                                            "tx_pps": 18601190
                                        },
                                        {
                                            "drop_pct": 276207620,
                                            "drop_percentage": 98.99418518033849,
                                            "rx_pkts": 2806364,
                                            "rx_pps": 93546.75276854915,
                                            "time_ms": 1543323002871,
                                            "total_tx_pps": 9300466,
                                            "tx_pkts": 279013984,
                                            "tx_pps": 9300594
                                        },
                                        {
                                            "drop_pct": 136823322,
                                            "drop_percentage": 98.07580122013026,
                                            "rx_pkts": 2684406,
                                            "rx_pps": 89480.93889233137,
                                            "time_ms": 1543323034920,
                                            "total_tx_pps": 4650257,
                                            "tx_pkts": 139507728,
                                            "tx_pps": 4650296
                                        },
                                        {
                                            "drop_pct": 67024100,
                                            "drop_percentage": 96.08545812756697,
                                            "rx_pkts": 2730576,
                                            "rx_pps": 91018.89205603924,
                                            "time_ms": 1543323066963,
                                            "total_tx_pps": 2325155,
                                            "tx_pkts": 69754676,
                                            "tx_pps": 2325148
                                        },
                                        {
                                            "drop_pct": 32026098,
                                            "drop_percentage": 91.82506006199563,
                                            "rx_pkts": 2851198,
                                            "rx_pps": 95039.72623485494,
                                            "time_ms": 1543323099010,
                                            "total_tx_pps": 1162576,
                                            "tx_pkts": 34877296,
                                            "tx_pps": 1162574
                                        },
                                        {
                                            "drop_pct": 14830283,
                                            "drop_percentage": 85.04271666326044,
                                            "rx_pkts": 2608345,
                                            "rx_pps": 86944.59401679995,
                                            "time_ms": 1543323131060,
                                            "total_tx_pps": 581287,
                                            "tx_pkts": 17438628,
                                            "tx_pps": 581286
                                        },
                                        {
                                            "drop_pct": 6048768,
                                            "drop_percentage": 69.3720788979681,
                                            "rx_pkts": 2670544,
                                            "rx_pps": 89017.60244936756,
                                            "time_ms": 1543323163109,
                                            "total_tx_pps": 290643,
                                            "tx_pkts": 8719312,
                                            "tx_pps": 290642
                                        },
                                        {
                                            "drop_pct": 1863927,
                                            "drop_percentage": 42.753992516840775,
                                            "rx_pkts": 2495729,
                                            "rx_pps": 83189.89807452698,
                                            "time_ms": 1543323195156,
                                            "total_tx_pps": 145321,
                                            "tx_pkts": 4359656,
                                            "tx_pps": 145320
                                        },
                                        {
                                            "drop_pct": -312503,
                                            "drop_percentage": -14.336131107591974,
                                            "ndr_pps": 36330,
                                            "rx_pkts": 2492331,
                                            "rx_pps": 83076.63286277633,
                                            "time_ms": 1543323227203,
                                            "total_tx_pps": 72660,
                                            "tx_pkts": 2179828,
                                            "tx_pps": 72660
                                        }
                                    ]
                                },
                                "ndr": {
                                    "duration_sec": 30.0,