{
    "benchmarks": {
        "network": {
            "service_chain": {
                "EXT": {
                    "result": {
                        "bidirectional": true,
                        "compute_nodes": {},
                        "flow_count": 1024,
                        "profile": "traffic_profile_64B",
                        "result": {
                            "64": {
                                "iteration_stats": {
                                    "ndr_pdr": [
                                        {
                                            "drop_pct": 1130686130,
                                            "drop_percentage": 91.45201831333642,
                                            "rx_pkts": 105684757,
                                            "rx_pps": 6360105.258805986,
                                            "time_ms": 1542811619886,
                                            "total_tx_pps": 41212362,
                                            "tx_pkts": 1236370887,
                                            "tx_pps": 74404760,
                                            "warning": "WARNING: There is a significant difference between requested TX rate (74404760) and actual TX rate (41212362). The traffic generator may not have sufficient CPU to achieve the requested TX rate."
                                        },
                                        {
                                            "drop_pct": 1010690166,
                                            "drop_percentage": 90.55773781985813,
                                            "rx_pkts": 105382508,
                                            "rx_pps": 3512746.256852662,
                                            "time_ms": 1542811651926,
                                            "total_tx_pps": 37202422,
                                            "tx_pkts": 1116072674,
                                            "tx_pps": 37202380
                                        },
                                        {
                                            "drop_pct": 452826102,
                                            "drop_percentage": 81.14649452243813,
                                            "rx_pkts": 105209220,
                                            "rx_pps": 3506976.3755416907,
                                            "time_ms": 1542811683966,
                                            "total_tx_pps": 18601177,
                                            "tx_pkts": 558035322,
                                            "tx_pps": 18601190
                                        },
                                        {
                                            "drop_pct": 173902343,
                                            "drop_percentage": 62.32656781999728,
                                            "rx_pkts": 105115657,
                                            "rx_pps": 3503852.9729274022,
                                            "time_ms": 1542811716006,
                                            "total_tx_pps": 9300600,
                                            "tx_pkts": 279018000,
                                            "tx_pps": 9300594
                                        },
                                        {
                                            "drop_pct": 36415627,
                                            "drop_percentage": 26.102721540516747,
                                            "rx_pkts": 103093301,
                                            "rx_pps": 3436442.1843102113,
                                            "time_ms": 1542811748048,
                                            "total_tx_pps": 4650297,
                                            "tx_pkts": 139508928,
                                            "tx_pps": 4650296
                                        },
                                        {
                                            "drop_pct": 0,
                                            "drop_percentage": 0.0,
                                            "rx_pkts": 69754474,
                                            "rx_pps": 2325148.0,
                                            "time_ms": 1542811780089,
                                            "total_tx_pps": 2325149,
                                            "tx_pkts": 69754474,
                                            "tx_pps": 2325148
                                        },
                                        {
                                            "drop_pct": 3844555,
                                            "drop_percentage": 3.6743693803835504,
                                            "rx_pkts": 100787141,
                                            "rx_pps": 3359570.210759099,
                                            "time_ms": 1542811812128,
                                            "total_tx_pps": 3487723,
                                            "tx_pkts": 104631696,
                                            "tx_pps": 3487722
                                        },
                                        {
                                            "drop_pct": 86783,
                                            "drop_percentage": 0.09952968288172948,
                                            "rx_pkts": 87106301,
                                            "rx_pps": 2903543.23346604,
                                            "time_ms": 1542811844165,
                                            "total_tx_pps": 2906436,
                                            "tx_pkts": 87193084,
                                            "tx_pps": 2906436
                                        },
                                        {
                                            "drop_pct": 14350,
                                            "drop_percentage": 0.018286363121194447,
                                            "rx_pkts": 78459428,
                                            "rx_pps": 2615313.666776385,
                                            "time_ms": 1542811876205,
                                            "total_tx_pps": 2615792,
                                            "tx_pkts": 78473778,
                                            "tx_pps": 2615792
                                        },
                                        {
                                            "drop_pct": 4894,
                                            "drop_percentage": 0.0066033292167094184,
                                            "rx_pkts": 74109236,
                                            "rx_pps": 2470306.8667327,
                                            "time_ms": 1542811908250,
                                            "total_tx_pps": 2470471,
                                            "tx_pkts": 74114130,
                                            "tx_pps": 2470470
                                        },
                                        {
                                            "drop_pct": 113652,
                                            "drop_percentage": 0.1579941960362491,
                                            "ndr_pps": 1162574,
                                            "rx_pkts": 71820636,
                                            "rx_pps": 2394019.602527907,
                                            "time_ms": 1542811940292,
                                            "total_tx_pps": 2397809,
                                            "tx_pkts": 71934288,
                                            "tx_pps": 2397808
                                        }
                                    ]
                                },
                                "ndr": {
                                    "duration_sec": 30.0,