{
    "benchmarks": {
        "network": {
            "service_chain": {
                "EXT": {
                    "result": {
                        "bidirectional": true,
                        "compute_nodes": {},
                        "flow_count": 1024,
                        "profile": "traffic_profile_64B",
                        "result": {
                            "64": {
                                "iteration_stats": {
                                    "ndr_pdr": [
                                        {
                                            "drop_pct": 1184159304,
                                            "drop_percentage": 95.80773283553327,
                                            "rx_pkts": 51815360,
                                            "rx_pps": 3119246.3222802742,
                                            "time_ms": 1542812523765,
                                            "total_tx_pps": 41199155,
                                            "tx_pkts": 1235974664,
                                            "tx_pps": 74404760,
                                            "warning": "WARNING: There is a significant difference between requested TX rate (74404760) and actual TX rate (41199155). The traffic generator may not have sufficient CPU to achieve the requested TX rate."
                                        },
                                        {
                                            "drop_pct": 1064179235,
                                            "drop_percentage": 95.35035305415963,
                                            "rx_pkts": 51893439,
                                            "rx_pps": 1729779.32544993,
                                            "time_ms": 1542812555807,
                                            "total_tx_pps": 37202422,
                                            "tx_pkts": 1116072674,
                                            "tx_pps": 37202380
                                        },
                                        {
                                            "drop_pct": 506308421,
                                            "drop_percentage": 90.73053282458704,
                                            "rx_pkts": 51726901,
                                            "rx_pps": 1724231.2012861974,
                                            "time_ms": 1542812587848,
                                            "total_tx_pps": 18601177,
                                            "tx_pkts": 558035322,
                                            "tx_pps": 18601190
                                        },
                                        {
                                            "drop_pct": 226808745,
                                            "drop_percentage": 81.28821258843516,
                                            "rx_pkts": 52209255,
                                            "rx_pps": 1740307.377292755,
                                            "time_ms": 1542812619888,
                                            "total_tx_pps": 9300600,
                                            "tx_pkts": 279018000,
                                            "tx_pps": 9300594
                                        },
                                        {
                                            "drop_pct": 87392948,
                                            "drop_percentage": 62.64326538298681,
                                            "rx_pkts": 52115980,
                                            "rx_pps": 1737198.7356255797,
                                            "time_ms": 1542812651925,
                                            "total_tx_pps": 4650297,
                                            "tx_pkts": 139508928,
                                            "tx_pps": 4650296
                                        },
                                        {
                                            "drop_pct": 15158262,
                                            "drop_percentage": 21.730881376870535,
                                            "rx_pkts": 54596212,
                                            "rx_pps": 1819872.8462833222,
                                            "time_ms": 1542812683962,
                                            "total_tx_pps": 2325149,
                                            "tx_pkts": 69754474,
                                            "tx_pps": 2325148
                                        },
                                        {
                                            "drop_pct": 0,
                                            "drop_percentage": 0.0,
                                            "rx_pkts": 34877234,
                                            "rx_pps": 1162574.0,
                                            "time_ms": 1542812716003,
                                            "total_tx_pps": 1162574,
                                            "tx_pkts": 34877234,
                                            "tx_pps": 1162574
                                        },
                                        {
                                            "drop_pct": 18146,
                                            "drop_percentage": 0.03468547162340011,
                                            "rx_pkts": 52297706,
                                            "rx_pps": 1743255.1339345481,
                                            "time_ms": 1542812748044,
                                            "total_tx_pps": 1743861,
                                            "tx_pkts": 52315852,
                                            "tx_pps": 1743860
                                        },
                                        {
                                            "drop_pct": 0,
                                            "drop_percentage": 0.0,
                                            "rx_pkts": 43596542,
                                            "rx_pps": 1453218.0,
                                            "time_ms": 1542812780084,
                                            "total_tx_pps": 1453218,
                                            "tx_pkts": 43596542,
                                            "tx_pps": 1453218
                                        },
                                        {
                                            "drop_pct": 0,
                                            "drop_percentage": 0.0,
                                            "rx_pkts": 47956194,
                                            "rx_pps": 1598538.0,
                                            "time_ms": 1542812812123,
                                            "total_tx_pps": 1598539,
                                            "tx_pkts": 47956194,
                                            "tx_pps": 1598538
                                        },
                                        {
                                            "drop_pct": 124,
                                            "drop_percentage": 0.0002473271514310748,
                                            "ndr_pps": 835600,
                                            "rx_pkts": 50135900,
                                            "rx_pps": 1671195.8666686455,
                                            "time_ms": 1542812844163,
                                            "total_tx_pps": 1671200,
                                            "tx_pkts": 50136024,
                                            "tx_pps": 1671200
                                        }
                                    ]
                                },
                                "ndr": {
                                    "duration_sec": 30.0,