{
    "benchmarks": {
        "network": {
            "service_chain": {
                "EXT": {
                    "result": {
                        "bidirectional": true,
                        "compute_nodes": {},
                        "flow_count": 1024,
                        "profile": "traffic_profile_64B",
                        "result": {
                            "64": {
                                "iteration_stats": {
                                    "ndr_pdr": [
                                        {
                                            "drop_pct": 1204163544,
                                            "drop_percentage": 97.23169354231393,
                                            "rx_pkts": 34284024,
                                            "rx_pps": 2059751.775905819,
                                            "time_ms": 1542813466919,
                                            "total_tx_pps": 41281585,
                                            "tx_pkts": 1238447568,
                                            "tx_pps": 74404760,
                                            "warning": "WARNING: There is a significant difference between requested TX rate (74404760) and actual TX rate (41281585). The traffic generator may not have sufficient CPU to achieve the requested TX rate."
                                        },
                                        {
                                            "drop_pct": 1081802853,
                                            "drop_percentage": 96.92942746486418,
                                            "rx_pkts": 34269821,
                                            "rx_pps": 1142326.0626968627,
                                            "time_ms": 1542813498965,
                                            "total_tx_pps": 37202422,
                                            "tx_pkts": 1116072674,
                                            "tx_pps": 37202380
                                        },
                                        {
                                            "drop_pct": 523810708,
                                            "drop_percentage": 93.86694485980944,
                                            "rx_pkts": 34224614,
                                            "rx_pps": 1140821.2394316131,
                                            "time_ms": 1542813531007,
                                            "total_tx_pps": 18601177,
                                            "tx_pkts": 558035322,
                                            "tx_pps": 18601190
                                        },
                                        {
                                            "drop_pct": 244770704,
                                            "drop_percentage": 87.725775398003,
                                            "rx_pkts": 34247296,
                                            "rx_pps": 1141575.7968798573,
                                            "time_ms": 1542813563046,
                                            "total_tx_pps": 9300600,
                                            "tx_pkts": 279018000,
                                            "tx_pps": 9300594
                                        },
                                        {
                                            "drop_pct": 105270886,
                                            "drop_percentage": 75.45817139387667,
                                            "rx_pkts": 34238042,
                                            "rx_pps": 1141267.673997409,
                                            "time_ms": 1542813595086,
                                            "total_tx_pps": 4650297,
                                            "tx_pkts": 139508928,
                                            "tx_pps": 4650296
                                        },
                                        {
                                            "drop_pct": 35553016,
                                            "drop_percentage": 50.9687966394815,
                                            "rx_pkts": 34201458,
                                            "rx_pps": 1140048.0443130287,
                                            "time_ms": 1542813627128,
                                            "total_tx_pps": 2325149,
                                            "tx_pkts": 69754474,
                                            "tx_pps": 2325148
                                        },
                                        {
                                            "drop_pct": 986284,
                                            "drop_percentage": 2.8278733342214006,
                                            "rx_pkts": 33890950,
                                            "rx_pps": 1129697.8798634089,
                                            "time_ms": 1542813659167,
                                            "total_tx_pps": 1162574,
                                            "tx_pkts": 34877234,
                                            "tx_pps": 1162574
                                        },
                                        {
                                            "drop_pct": 0,
                                            "drop_percentage": 0.0,
                                            "rx_pkts": 17438618,
                                            "rx_pps": 581286.0,
                                            "time_ms": 1542813691201,
                                            "total_tx_pps": 581287,
                                            "tx_pkts": 17438618,
                                            "tx_pps": 581286
                                        },
                                        {
                                            "drop_pct": 0,
                                            "drop_percentage": 0.0,
                                            "rx_pkts": 26157926,
                                            "rx_pps": 871930.0,
                                            "time_ms": 1542813723234,
                                            "total_tx_pps": 871930,
                                            "tx_pkts": 26157926,
                                            "tx_pps": 871930
                                        },
                                        {
                                            "drop_pct": 52705,
                                            "drop_percentage": 0.17270373338908263,
                                            "rx_pkts": 30464875,
                                            "rx_pps": 1015495.1678180249,
                                            "time_ms": 1542813755267,
                                            "total_tx_pps": 1017252,
                                            "tx_pkts": 30517580,
                                            "tx_pps": 1017252
                                        },
                                        {
                                            "drop_pct": 6378,
                                            "drop_percentage": 0.022507079778740374,
                                            "ndr_pps": 435965,
                                            "rx_pkts": 28331372,
                                            "rx_pps": 944377.4003751181,
                                            "time_ms": 1542813787302,
                                            "total_tx_pps": 944591,
                                            "tx_pkts": 28337750,
                                            "tx_pps": 944590
                                        }
                                    ]
                                },
                                "ndr": {
                                    "duration_sec": 30.0,