{
    "benchmarks": {
        "network": {
            "service_chain": {
                "EXT": {
                    "result": {
                        "bidirectional": true,
                        "compute_nodes": {},
                        "flow_count": 1024,
                        "profile": "traffic_profile_64B",
                        "result": {
                            "64": {
                                "iteration_stats": {
                                    "ndr_pdr": [
                                        {
                                            "drop_pct": 1080002385,
                                            "drop_percentage": 87.38437741407913,
                                            "rx_pkts": 155919203,
                                            "rx_pps": 9386623.70756022,
                                            "time_ms": 1542368429968,
                                            "total_tx_pps": 41197386,
                                            "tx_pkts": 1235921588,
                                            "tx_pps": 74404760,
                                            "warning": "WARNING: There is a significant difference between requested TX rate (74404760) and actual TX rate (41197386). The traffic generator may not have sufficient CPU to achieve the requested TX rate."
                                        },
                                        {
                                            "drop_pct": 959102887,
                                            "drop_percentage": 85.93593810939427,
                                            "rx_pkts": 156964393,
                                            "rx_pps": 5232165.747978327,
                                            "time_ms": 1542368462005,
                                            "total_tx_pps": 37202242,
                                            "tx_pkts": 1116067280,
                                            "tx_pps": 37202380
                                        },
                                        {
                                            "drop_pct": 398916764,
                                            "drop_percentage": 71.48627972874117,
                                            "rx_pkts": 159115862,
                                            "rx_pps": 5303891.283725371,
                                            "time_ms": 1542368494045,
                                            "total_tx_pps": 18601087,
                                            "tx_pkts": 558032626,
                                            "tx_pps": 18601190
                                        },
                                        {
                                            "drop_pct": 124088951,
                                            "drop_percentage": 44.47394055217855,
                                            "rx_pkts": 154926017,
                                            "rx_pps": 5164253.353440516,
                                            "time_ms": 1542368526082,
                                            "total_tx_pps": 9300498,
                                            "tx_pkts": 279014968,
                                            "tx_pps": 9300594
                                        },
                                        {
                                            "drop_pct": 0,
                                            "drop_percentage": 0.0,
                                            "rx_pkts": 139506064,
                                            "rx_pps": 4650296.0,
                                            "time_ms": 1542368558120,
                                            "total_tx_pps": 4650202,
                                            "tx_pkts": 139506064,
                                            "tx_pps": 4650296
                                        },
                                        {
                                            "drop_pct": 55921095,
                                            "drop_percentage": 26.72319362059898,
                                            "rx_pkts": 153339429,
                                            "rx_pps": 5111384.059519674,
                                            "time_ms": 1542368590161,
                                            "total_tx_pps": 6975350,
                                            "tx_pkts": 209260524,
                                            "tx_pps": 6975446
                                        },
                                        {
                                            "drop_pct": 20538394,
                                            "drop_percentage": 11.777727566557479,
                                            "rx_pkts": 153844940,
                                            "rx_pps": 5128247.772047299,
                                            "time_ms": 1542368622204,
                                            "total_tx_pps": 5812777,
                                            "tx_pkts": 174383334,
                                            "tx_pps": 5812872
                                        },
                                        {
                                            "drop_pct": 3597187,
                                            "drop_percentage": 2.2920096909568155,
                                            "rx_pkts": 153347481,
                                            "rx_pps": 5111675.587729453,
                                            "time_ms": 1542368654243,
                                            "total_tx_pps": 5231488,
                                            "tx_pkts": 156944668,
                                            "tx_pps": 5231584
                                        },
                                        {
                                            "drop_pct": 0,
                                            "drop_percentage": 0.0,
                                            "rx_pkts": 148225378,
                                            "rx_pps": 4940940.0,
                                            "time_ms": 1542368686282,
                                            "total_tx_pps": 4940845,
                                            "tx_pkts": 148225378,
                                            "tx_pps": 4940940
                                        },
                                        {
                                            "drop_pct": 0,
                                            "drop_percentage": 0.0,
                                            "rx_pkts": 152585042,
                                            "rx_pps": 5086262.0,
                                            "time_ms": 1542368718319,
                                            "total_tx_pps": 5086168,
                                            "tx_pkts": 152585042,
                                            "tx_pps": 5086262
                                        },
                                        {
                                            "drop_pct": 131831,
                                            "drop_percentage": 0.08518148992545103,
                                            "ndr_pps": 2543131,
                                            "rx_pkts": 154633013,
                                            "rx_pps": 5154527.553376308,
                                            "time_ms": 1542368750358,
                                            "total_tx_pps": 5158828,
                                            "tx_pkts": 154764844,
                                            "tx_pps": 5158922
                                        }
                                    ]
                                },
                                "ndr": {
                                    "duration_sec": 30.0,