{
    "benchmarks": {
        "network": {
            "service_chain": {
                "EXT": {
                    "result": {
                        "bidirectional": true,
                        "compute_nodes": {},
                        "flow_count": 1000,
                        "profile": "traffic_profile_64B",
                        "result": {
                            "64": {
                                "iteration_stats": {
                                    "ndr_pdr": [
                                        {
                                            "drop_pct": 1133383997,
                                            "drop_percentage": 92.24293490854652,
                                            "rx_pkts": 95310643,
                                            "rx_pps": 5509279.085544658,
                                            "time_ms": 1541771266980,
                                            "total_tx_pps": 40956488,
                                            "tx_pkts": 1228694640,
                                            "tx_pps": 71022726,
                                            "warning": "WARNING: There is a significant difference between requested TX rate (71022726) and actual TX rate (40956488). The traffic generator may not have sufficient CPU to achieve the requested TX rate."
                                        },
                                        {
                                            "drop_pct": 970947940,
                                            "drop_percentage": 91.13799017277415,
                                            "rx_pkts": 94412332,
                                            "rx_pps": 3147020.3902217452,
                                            "time_ms": 1541771299018,
                                            "total_tx_pps": 35512009,
                                            "tx_pkts": 1065360272,
                                            "tx_pps": 35511362
                                        },
                                        {
                                            "drop_pct": 435838262,
                                            "drop_percentage": 81.82131358349984,
                                            "rx_pkts": 96832558,
                                            "rx_pps": 3227749.3883172353,
                                            "time_ms": 1541771331056,
                                            "total_tx_pps": 17755694,
                                            "tx_pkts": 532670820,
                                            "tx_pps": 17755680
                                        },
                                        {
                                            "drop_pct": 169437871,
                                            "drop_percentage": 63.6181052524014,
                                            "rx_pkts": 96898057,
                                            "rx_pps": 3229926.4046602077,
                                            "time_ms": 1541771363095,
                                            "total_tx_pps": 8877864,
                                            "tx_pkts": 266335928,
                                            "tx_pps": 8877840
                                        },
                                        {
                                            "drop_pct": 64573337,
                                            "drop_percentage": 48.49017493543,
                                            "rx_pkts": 68594541,
                                            "rx_pps": 2286479.9267562106,
                                            "time_ms": 1541771395134,
                                            "total_tx_pps": 4438929,
                                            "tx_pkts": 133167878,
                                            "tx_pps": 4438920
                                        },
                                        {
                                            "drop_pct": 30948043,
                                            "drop_percentage": 46.47978728302892,
                                            "rx_pkts": 35635831,
                                            "rx_pps": 1187859.7131680865,
                                            "time_ms": 1541771427178,
                                            "total_tx_pps": 2219462,
                                            "tx_pkts": 66583874,
                                            "tx_pps": 2219460
                                        },
                                        {
                                            "drop_pct": 14196440,
                                            "drop_percentage": 42.6423090389041,
                                            "rx_pkts": 19095472,
                                            "rx_pps": 636515.5039025695,
                                            "time_ms": 1541771459216,
                                            "total_tx_pps": 1109730,
                                            "tx_pkts": 33291912,
                                            "tx_pps": 1109730
                                        },
                                        {
                                            "drop_pct": 5901359,
                                            "drop_percentage": 35.45221259172049,
                                            "rx_pkts": 10744595,
                                            "rx_pps": 358152.435125076,
                                            "time_ms": 1541771491259,
                                            "total_tx_pps": 554865,
                                            "tx_pkts": 16645954,
                                            "tx_pps": 554864
                                        },
                                        {
                                            "drop_pct": 1719989,
                                            "drop_percentage": 20.665547836363377,
                                            "rx_pkts": 6602989,
                                            "rx_pps": 220099.15732662036,
                                            "time_ms": 1541771523298,
                                            "total_tx_pps": 277432,
                                            "tx_pkts": 8322978,
                                            "tx_pps": 277432
                                        },
                                        {
                                            "drop_pct": 28569,
                                            "drop_percentage": 0.6865089186805687,
                                            "rx_pkts": 4132921,
                                            "rx_pps": 137763.70228836304,
                                            "time_ms": 1541771555337,
                                            "total_tx_pps": 138716,
                                            "tx_pkts": 4161490,
                                            "tx_pps": 138716
                                        },
                                        {
                                            "drop_pct": 0,
                                            "drop_percentage": 0.0,
                                            "ndr_pps": 34679,
                                            "rx_pkts": 2080744,
                                            "rx_pps": 69358.0,
                                            "time_ms": 1541771587376,
                                            "total_tx_pps": 69358,
                                            "tx_pkts": 2080744,
                                            "tx_pps": 69358
                                        }
                                    ]
                                },
                                "ndr": {
                                    "actual_l2frame_size": "68",