{
    "benchmarks": {
        "network": {
            "service_chain": {
                "EXT": {
                    "result": {
                        "bidirectional": true,
                        "compute_nodes": {},
                        "flow_count": 1000,
                        "profile": "traffic_profile_64B",
                        "result": {
                            "64": {
                                "iteration_stats": {
                                    "ndr_pdr": [
                                        {
                                            "drop_pct": 1167387510,
                                            "drop_percentage": 95.35213765999319,
                                            "rx_pkts": 56903354,
                                            "rx_pps": 3301038.5346002253,
                                            "time_ms": 1542010617799,
                                            "total_tx_pps": 40809695,
                                            "tx_pkts": 1224290864,
                                            "tx_pps": 71022726,
                                            "warning": "WARNING: There is a significant difference between requested TX rate (71022726) and actual TX rate (40809695). The traffic generator may not have sufficient CPU to achieve the requested TX rate."
                                        },
                                        {
                                            "drop_pct": 1008523537,
                                            "drop_percentage": 94.66152801131717,
                                            "rx_pkts": 56876059,
                                            "rx_pps": 1895764.1131697574,
                                            "time_ms": 1542010649838,
                                            "total_tx_pps": 35513319,
                                            "tx_pkts": 1065399596,
                                            "tx_pps": 35511362
                                        },
                                        {
                                            "drop_pct": 475824212,
                                            "drop_percentage": 89.33130051321919,
                                            "rx_pkts": 56826952,
                                            "rx_pps": 1894300.1410344427,
                                            "time_ms": 1542010681875,
                                            "total_tx_pps": 17755038,
                                            "tx_pkts": 532651164,
                                            "tx_pps": 17755680
                                        },
                                        {
                                            "drop_pct": 209518706,
                                            "drop_percentage": 78.6670825825115,
                                            "rx_pkts": 56817224,
                                            "rx_pps": 1893902.2756567611,
                                            "time_ms": 1542010713913,
                                            "total_tx_pps": 8877864,
                                            "tx_pkts": 266335930,
                                            "tx_pps": 8877840
                                        },
                                        {
                                            "drop_pct": 76516940,
                                            "drop_percentage": 57.458740954147906,
                                            "rx_pkts": 56651554,
                                            "rx_pps": 1888372.4560381377,
                                            "time_ms": 1542010745950,
                                            "total_tx_pps": 4438949,
                                            "tx_pkts": 133168494,
                                            "tx_pps": 4438920
                                        },
                                        {
                                            "drop_pct": 10025779,
                                            "drop_percentage": 15.057437294438772,
                                            "rx_pkts": 56557789,
                                            "rx_pps": 1885266.2022248493,
                                            "time_ms": 1542010777982,
                                            "total_tx_pps": 2219452,
                                            "tx_pkts": 66583568,
                                            "tx_pps": 2219460
                                        },
                                        {
                                            "drop_pct": 0,
                                            "drop_percentage": 0.0,
                                            "rx_pkts": 33291914,
                                            "rx_pps": 1109730.0,
                                            "time_ms": 1542010810018,
                                            "total_tx_pps": 1109730,
                                            "tx_pkts": 33291914,
                                            "tx_pps": 1109730
                                        },
                                        {
                                            "drop_pct": 0,
                                            "drop_percentage": 0.0,
                                            "rx_pkts": 49937962,
                                            "rx_pps": 1664594.0,
                                            "time_ms": 1542010842047,
                                            "total_tx_pps": 1664598,
                                            "tx_pkts": 49937962,
                                            "tx_pps": 1664594
                                        },
                                        {
                                            "drop_pct": 1719226,
                                            "drop_percentage": 2.950920001308601,
                                            "rx_pkts": 56541452,
                                            "rx_pps": 1884718.3663353866,
                                            "time_ms": 1542010874083,
                                            "total_tx_pps": 1942022,
                                            "tx_pkts": 58260678,
                                            "tx_pps": 1942026
                                        },
                                        {
                                            "drop_pct": 20,
                                            "drop_percentage": 3.6969045485493584e-05,
                                            "rx_pkts": 54099294,
                                            "rx_pps": 1803309.333333506,
                                            "time_ms": 1542010906120,
                                            "total_tx_pps": 1803310,
                                            "tx_pkts": 54099314,
                                            "tx_pps": 1803310
                                        },
                                        {
                                            "drop_pct": 302815,
                                            "drop_percentage": 0.5390063948481231,
                                            "ndr_pps": 901655,
                                            "rx_pkts": 55877409,
                                            "rx_pps": 1862574.1997257255,
                                            "time_ms": 1542010938158,
                                            "total_tx_pps": 1872674,
                                            "tx_pkts": 56180224,
                                            "tx_pps": 1872668
                                        }
                                    ]
                                },
                                "ndr": {
                                    "actual_l2frame_size": "68",