{
    "benchmarks": {
        "network": {
            "service_chain": {
                "EXT": {
                    "result": {
                        "bidirectional": true,
                        "compute_nodes": {},
                        "flow_count": 1024,
                        "profile": "traffic_profile_64B",
                        "result": {
                            "64": {
                                "iteration_stats": {
                                    "ndr_pdr": [
                                        {
                                            "drop_pct": 996654366,
                                            "drop_percentage": 85.95840053904206,
                                            "rx_pkts": 162806908,
                                            "rx_pps": 10447618.37908705,
                                            "time_ms": 1543395877325,
                                            "total_tx_pps": 38648709,
                                            "tx_pkts": 1159461274,
                                            "tx_pps": 74404760,
                                            "warning": "WARNING: There is a significant difference between requested TX rate (74404760) and actual TX rate (38648709). The traffic generator may not have sufficient CPU to achieve the requested TX rate."
                                        },
                                        {
                                            "drop_pct": 953226242,
                                            "drop_percentage": 85.41064014956852,
                                            "rx_pkts": 162824686,
                                            "rx_pps": 5427589.091124951,
                                            "time_ms": 1543395909373,
                                            "total_tx_pps": 37201697,
                                            "tx_pkts": 1116050928,
                                            "tx_pps": 37202380
                                        },
                                        {
                                            "drop_pct": 395456621,
                                            "drop_percentage": 70.86616965234307,
                                            "rx_pkts": 162576391,
                                            "rx_pps": 5419239.137245324,
                                            "time_ms": 1543395941426,
                                            "total_tx_pps": 18601100,
                                            "tx_pkts": 558033012,
                                            "tx_pps": 18601190
                                        },
                                        {
                                            "drop_pct": 116272674,
                                            "drop_percentage": 41.672250196858954,
                                            "rx_pkts": 162744354,
                                            "rx_pps": 5424827.198525948,
                                            "time_ms": 1543395973479,
                                            "total_tx_pps": 9300567,
                                            "tx_pkts": 279017028,
                                            "tx_pps": 9300594
                                        },
                                        {
                                            "drop_pct": 0,
                                            "drop_percentage": 0.0,
                                            "rx_pkts": 139508496,
                                            "rx_pps": 4650296.0,
                                            "time_ms": 1543396005531,
                                            "total_tx_pps": 4650283,
                                            "tx_pkts": 139508496,
                                            "tx_pps": 4650296
                                        },
                                        {
                                            "drop_pct": 46749798,
                                            "drop_percentage": 22.34010233235117,
                                            "rx_pkts": 162514230,
                                            "rx_pps": 5417124.225462104,
                                            "time_ms": 1543396037593,
                                            "total_tx_pps": 6975467,
                                            "tx_pkts": 209264028,
                                            "tx_pps": 6975446
                                        },
                                        {
                                            "drop_pct": 12031324,
                                            "drop_percentage": 6.899228694917155,
                                            "rx_pkts": 162355184,
                                            "rx_pps": 5411828.666977196,
                                            "time_ms": 1543396069645,
                                            "total_tx_pps": 5812883,
                                            "tx_pkts": 174386508,
                                            "tx_pps": 5812872
                                        },
                                        {
                                            "drop_pct": 0,
                                            "drop_percentage": 0.0,
                                            "rx_pkts": 156947352,
                                            "rx_pps": 5231584.0,
                                            "time_ms": 1543396101707,
                                            "total_tx_pps": 5231578,
                                            "tx_pkts": 156947352,
                                            "tx_pps": 5231584
                                        },
                                        {
                                            "drop_pct": 2644752,
                                            "drop_percentage": 1.5964254487293663,
                                            "rx_pkts": 163022364,
                                            "rx_pps": 5434069.746871141,
                                            "time_ms": 1543396133768,
                                            "total_tx_pps": 5522237,
                                            "tx_pkts": 165667116,
                                            "tx_pps": 5522228
                                        },
                                        {
                                            "drop_pct": 6096,
                                            "drop_percentage": 0.0037791171491351958,
                                            "rx_pkts": 161301420,
                                            "rx_pps": 5376702.800423261,
                                            "time_ms": 1543396165828,
                                            "total_tx_pps": 5376917,
                                            "tx_pkts": 161307516,
                                            "tx_pps": 5376906
                                        },
                                        {
                                            "drop_pct": 43016,
                                            "drop_percentage": 0.027032464119205072,
                                            "ndr_pps": 2615792,
                                            "rx_pkts": 159084172,
                                            "rx_pps": 5302810.132143905,
                                            "time_ms": 1543396197889,
                                            "total_tx_pps": 5304239,
                                            "tx_pkts": 159127188,
                                            "tx_pps": 5304244
                                        }
                                    ]
                                },
                                "ndr": {
                                    "duration_sec": 30.0,