{
    "benchmarks": {
        "network": {
            "service_chain": {
                "EXT": {
                    "result": {
                        "bidirectional": true,
                        "compute_nodes": {},
                        "flow_count": 1024,
                        "profile": "traffic_profile_64B",
                        "result": {
                            "64": {
                                "iteration_stats": {
                                    "ndr_pdr": [
                                        {
                                            "drop_pct": 1196772941,
                                            "drop_percentage": 95.62930345890301,
                                            "rx_pkts": 54697997,
                                            "rx_pps": 3252006.271731517,
                                            "time_ms": 1543312287454,
                                            "total_tx_pps": 41715697,
                                            "tx_pkts": 1251470938,
                                            "tx_pps": 74404760,
                                            "warning": "WARNING: There is a significant difference between requested TX rate (74404760) and actual TX rate (41715697). The traffic generator may not have sufficient CPU to achieve the requested TX rate."
                                        },
                                        {
                                            "drop_pct": 1061336778,
                                            "drop_percentage": 95.09836909323262,
                                            "rx_pkts": 54704210,
                                            "rx_pps": 1823523.3561330466,
                                            "time_ms": 1543312319496,
                                            "total_tx_pps": 37201366,
                                            "tx_pkts": 1116040988,
                                            "tx_pps": 37202380
                                        },
                                        {
                                            "drop_pct": 503263369,
                                            "drop_percentage": 90.18453105268122,
                                            "rx_pkts": 54773983,
                                            "rx_pps": 1825794.0282817655,
                                            "time_ms": 1543312351536,
                                            "total_tx_pps": 18601245,
                                            "tx_pkts": 558037352,
                                            "tx_pps": 18601190
                                        },
                                        {
                                            "drop_pct": 224277311,
                                            "drop_percentage": 80.38055070412028,
                                            "rx_pkts": 54742065,
                                            "rx_pps": 1824725.3240456313,
                                            "time_ms": 1543312383577,
                                            "total_tx_pps": 9300645,
                                            "tx_pkts": 279019376,
                                            "tx_pps": 9300594
                                        },
                                        {
                                            "drop_pct": 84751940,
                                            "drop_percentage": 60.750124651384695,
                                            "rx_pkts": 54757140,
                                            "rx_pps": 1825235.3833416435,
                                            "time_ms": 1543312415617,
                                            "total_tx_pps": 4650302,
                                            "tx_pkts": 139509080,
                                            "tx_pps": 4650296
                                        },
                                        {
                                            "drop_pct": 13509374,
                                            "drop_percentage": 19.367071963288765,
                                            "rx_pkts": 56244970,
                                            "rx_pps": 1874834.9135870305,
                                            "time_ms": 1543312447659,
                                            "total_tx_pps": 2325144,
                                            "tx_pkts": 69754344,
                                            "tx_pps": 2325148
                                        },
                                        {
                                            "drop_pct": 0,
                                            "drop_percentage": 0.0,
                                            "rx_pkts": 34877216,
                                            "rx_pps": 1162574.0,
                                            "time_ms": 1543312479700,
                                            "total_tx_pps": 1162573,
                                            "tx_pkts": 34877216,
                                            "tx_pps": 1162574
                                        },
                                        {
                                            "drop_pct": 0,
                                            "drop_percentage": 0.0,
                                            "rx_pkts": 52315788,
                                            "rx_pps": 1743860.0,
                                            "time_ms": 1543312511740,
                                            "total_tx_pps": 1743859,
                                            "tx_pkts": 52315788,
                                            "tx_pps": 1743860
                                        },
                                        {
                                            "drop_pct": 178552,
                                            "drop_percentage": 0.2925398664047409,
                                            "rx_pkts": 60856548,
                                            "rx_pps": 2028552.264716401,
                                            "time_ms": 1543312543778,
                                            "total_tx_pps": 2034503,
                                            "tx_pkts": 61035100,
                                            "tx_pps": 2034504
                                        },
                                        {
                                            "drop_pct": 0,
                                            "drop_percentage": 0.0,
                                            "rx_pkts": 56675476,
                                            "rx_pps": 1889182.0,
                                            "time_ms": 1543312575819,
                                            "total_tx_pps": 1889182,
                                            "tx_pkts": 56675476,
                                            "tx_pps": 1889182
                                        },
                                        {
                                            "drop_pct": 0,
                                            "drop_percentage": 0.0,
                                            "ndr_pps": 980922,
                                            "rx_pkts": 58855320,
                                            "rx_pps": 1961844.0,
                                            "time_ms": 1543312607868,
                                            "total_tx_pps": 1961844,
                                            "tx_pkts": 58855320,
                                            "tx_pps": 1961844
                                        }
                                    ]
                                },
                                "ndr": {
                                    "duration_sec": 30.0,
                                    "initial_rate_type": "rate_percent",