{
    "benchmarks": {
        "network": {
            "service_chain": {
                "EXT": {
                    "result": {
                        "bidirectional": true,
                        "compute_nodes": {},
                        "flow_count": 1024,
                        "profile": "traffic_profile_64B",
                        "result": {
                            "64": {
                                "iteration_stats": {
                                    "ndr_pdr": [
                                        {
                                            "drop_pct": 1145613527,
                                            "drop_percentage": 95.98430658695854,
                                            "rx_pkts": 47929009,
                                            "rx_pps": 2987867.0463093077,
                                            "time_ms": 1543393483500,
                                            "total_tx_pps": 39784751,
                                            "tx_pkts": 1193542536,
                                            "tx_pps": 74404760,
                                            "warning": "WARNING: There is a significant difference between requested TX rate (74404760) and actual TX rate (39784751). The traffic generator may not have sufficient CPU to achieve the requested TX rate."
                                        },
                                        {
                                            "drop_pct": 1068203434,
                                            "drop_percentage": 95.7107474820843,
                                            "rx_pkts": 47871262,
                                            "rx_pps": 1595704.0208745664,
                                            "time_ms": 1543393515548,
                                            "total_tx_pps": 37202489,
                                            "tx_pkts": 1116074696,
                                            "tx_pps": 37202380
                                        },
                                        {
                                            "drop_pct": 510289157,
                                            "drop_percentage": 91.44508631510026,
                                            "rx_pkts": 47738811,
                                            "rx_pps": 1591315.7488642028,
                                            "time_ms": 1543393547598,
                                            "total_tx_pps": 18600932,
                                            "tx_pkts": 558027968,
                                            "tx_pps": 18601190
                                        },
                                        {
                                            "drop_pct": 231258798,
                                            "drop_percentage": 82.8838664765582,
                                            "rx_pkts": 47756658,
                                            "rx_pps": 1591902.087513217,
                                            "time_ms": 1543393579649,
                                            "total_tx_pps": 9300515,
                                            "tx_pkts": 279015456,
                                            "tx_pps": 9300594
                                        },
                                        {
                                            "drop_pct": 91138576,
                                            "drop_percentage": 65.32793299763875,
                                            "rx_pkts": 48370776,
                                            "rx_pps": 1612353.7449281248,
                                            "time_ms": 1543393611690,
                                            "total_tx_pps": 4650311,
                                            "tx_pkts": 139509352,
                                            "tx_pps": 4650296
                                        },
                                        {
                                            "drop_pct": 18277164,
                                            "drop_percentage": 26.202094336671053,
                                            "rx_pkts": 51477428,
                                            "rx_pps": 1715910.5275727797,
                                            "time_ms": 1543393643740,
                                            "total_tx_pps": 2325153,
                                            "tx_pkts": 69754592,
                                            "tx_pps": 2325148
                                        },
                                        {
                                            "drop_pct": 0,
                                            "drop_percentage": 0.0,
                                            "rx_pkts": 34877256,
                                            "rx_pps": 1162574.0,
                                            "time_ms": 1543393675790,
                                            "total_tx_pps": 1162575,
                                            "tx_pkts": 34877256,
                                            "tx_pps": 1162574
                                        },
                                        {
                                            "drop_pct": 0,
                                            "drop_percentage": 0.0,
                                            "rx_pkts": 52315808,
                                            "rx_pps": 1743860.0,
                                            "time_ms": 1543393707842,
                                            "total_tx_pps": 1743860,
                                            "tx_pkts": 52315808,
                                            "tx_pps": 1743860
                                        },
                                        {
                                            "drop_pct": 4206920,
                                            "drop_percentage": 6.892606463385686,
                                            "rx_pkts": 56828336,
                                            "rx_pps": 1894273.6457981595,
                                            "time_ms": 1543393739892,
                                            "total_tx_pps": 2034508,
                                            "tx_pkts": 61035256,
                                            "tx_pps": 2034504
                                        },
                                        {
                                            "drop_pct": 0,
                                            "drop_percentage": 0.0,
                                            "rx_pkts": 56675600,
                                            "rx_pps": 1889182.0,
                                            "time_ms": 1543393771941,
                                            "total_tx_pps": 1889186,
                                            "tx_pkts": 56675600,
                                            "tx_pps": 1889182
                                        },
                                        {
                                            "drop_pct": 901045,
                                            "drop_percentage": 1.530949113860905,
                                            "ndr_pps": 944591,
                                            "rx_pkts": 57954275,
                                            "rx_pps": 1931809.166666667,
                                            "time_ms": 1543393803992,
                                            "total_tx_pps": 1961844,
                                            "tx_pkts": 58855320,
                                            "tx_pps": 1961844
                                        }
                                    ]
                                },
                                "ndr": {
                                    "duration_sec": 30.0,
                                    "initial_rate_type": "rate_percent",