{
    "benchmarks": {
        "network": {
            "service_chain": {
                "EXT": {
                    "result": {
                        "bidirectional": true,
                        "compute_nodes": {},
                        "flow_count": 1024,
                        "profile": "traffic_profile_64B",
                        "result": {
                            "64": {
                                "iteration_stats": {
                                    "ndr_pdr": [
                                        {
                                            "drop_pct": 1079009114,
                                            "drop_percentage": 86.20098602006455,
                                            "rx_pkts": 172727280,
                                            "rx_pps": 10267123.234137421,
                                            "time_ms": 1543311020238,
                                            "total_tx_pps": 41724546,
                                            "tx_pkts": 1251736394,
                                            "tx_pps": 74404760,
                                            "warning": "WARNING: There is a significant difference between requested TX rate (74404760) and actual TX rate (41724546). The traffic generator may not have sufficient CPU to achieve the requested TX rate."
                                        },
                                        {
                                            "drop_pct": 943441872,
                                            "drop_percentage": 84.53469739410681,
                                            "rx_pkts": 172599116,
                                            "rx_pps": 5753460.6435942855,
                                            "time_ms": 1543311052271,
                                            "total_tx_pps": 37201366,
                                            "tx_pkts": 1116040988,
                                            "tx_pps": 37202380
                                        },
                                        {
                                            "drop_pct": 385116462,
                                            "drop_percentage": 69.01266745312776,
                                            "rx_pkts": 172920890,
                                            "rx_pps": 5764012.602975544,
                                            "time_ms": 1543311084310,
                                            "total_tx_pps": 18601245,
                                            "tx_pkts": 558037352,
                                            "tx_pps": 18601190
                                        },
                                        {
                                            "drop_pct": 106625566,
                                            "drop_percentage": 38.21439483113173,
                                            "rx_pkts": 172393810,
                                            "rx_pps": 5746428.287199452,
                                            "time_ms": 1543311116343,
                                            "total_tx_pps": 9300645,
                                            "tx_pkts": 279019376,
                                            "tx_pps": 9300594
                                        },
                                        {
                                            "drop_pct": 0,
                                            "drop_percentage": 0.0,
                                            "rx_pkts": 139509080,
                                            "rx_pps": 4650296.0,
                                            "time_ms": 1543311148379,
                                            "total_tx_pps": 4650302,
                                            "tx_pkts": 139509080,
                                            "tx_pps": 4650296
                                        },
                                        {
                                            "drop_pct": 37564838,
                                            "drop_percentage": 17.95099977631997,
                                            "rx_pkts": 171698370,
                                            "rx_pps": 5723283.7041426785,
                                            "time_ms": 1543311180422,
                                            "total_tx_pps": 6975440,
                                            "tx_pkts": 209263208,
                                            "tx_pps": 6975446
                                        },
                                        {
                                            "drop_pct": 2591712,
                                            "drop_percentage": 1.4861979487913963,
                                            "rx_pkts": 171793672,
                                            "rx_pps": 5726481.21557013,
                                            "time_ms": 1543311212460,
                                            "total_tx_pps": 5812846,
                                            "tx_pkts": 174385384,
                                            "tx_pps": 5812872
                                        },
                                        {
                                            "drop_pct": 0,
                                            "drop_percentage": 0.0,
                                            "rx_pkts": 156947292,
                                            "rx_pps": 5231584.0,
                                            "time_ms": 1543311244503,
                                            "total_tx_pps": 5231576,
                                            "tx_pkts": 156947292,
                                            "tx_pps": 5231584
                                        },
                                        {
                                            "drop_pct": 1742,
                                            "drop_percentage": 0.0010515049329343877,
                                            "rx_pkts": 165665574,
                                            "rx_pps": 5522169.933500172,
                                            "time_ms": 1543311276545,
                                            "total_tx_pps": 5522243,
                                            "tx_pkts": 165667316,
                                            "tx_pps": 5522228
                                        },
                                        {
                                            "drop_pct": 0,
                                            "drop_percentage": 0.0,
                                            "rx_pkts": 161307208,
                                            "rx_pps": 5376906.0,
                                            "time_ms": 1543311308594,
                                            "total_tx_pps": 5376906,
                                            "tx_pkts": 161307208,
                                            "tx_pps": 5376906
                                        },
                                        {
                                            "drop_pct": 436,
                                            "drop_percentage": 0.00026668663798896355,
                                            "ndr_pps": 2724783,
                                            "rx_pkts": 163487320,
                                            "rx_pps": 5449551.46673565,
                                            "time_ms": 1543311340635,
                                            "total_tx_pps": 5449591,
                                            "tx_pkts": 163487756,
                                            "tx_pps": 5449566
                                        }
                                    ]
                                },
                                "ndr": {
                                    "duration_sec": 30.0,