{
    "benchmarks": {
        "network": {
            "service_chain": {
                "EXT": {
                    "result": {
                        "bidirectional": true,
                        "compute_nodes": {},
                        "flow_count": 1024,
                        "profile": "traffic_profile_64B",
                        "result": {
                            "64": {
                                "iteration_stats": {
                                    "ndr_pdr": [
                                        {
                                            "drop_pct": 1224218975,
                                            "drop_percentage": 97.78685567925888,
                                            "rx_pkts": 27706927,
                                            "rx_pps": 1646684.720301062,
                                            "time_ms": 1543313747480,
                                            "total_tx_pps": 41730863,
                                            "tx_pkts": 1251925902,
                                            "tx_pps": 74404760,
                                            "warning": "WARNING: There is a significant difference between requested TX rate (74404760) and actual TX rate (41730863). The traffic generator may not have sufficient CPU to achieve the requested TX rate."
                                        },
                                        {
                                            "drop_pct": 1088395234,
                                            "drop_percentage": 97.52287287857209,
                                            "rx_pkts": 27645754,
                                            "rx_pps": 921550.2447966733,
                                            "time_ms": 1543313779515,
                                            "total_tx_pps": 37201366,
                                            "tx_pkts": 1116040988,
                                            "tx_pps": 37202380
                                        },
                                        {
                                            "drop_pct": 530392773,
                                            "drop_percentage": 95.0461059818089,
                                            "rx_pkts": 27644579,
                                            "rx_pps": 921483.2387223599,
                                            "time_ms": 1543313811559,
                                            "total_tx_pps": 18601245,
                                            "tx_pkts": 558037352,
                                            "tx_pps": 18601190
                                        },
                                        {
                                            "drop_pct": 251394231,
                                            "drop_percentage": 90.09920192782597,
                                            "rx_pkts": 27625145,
                                            "rx_pps": 920833.0314527331,
                                            "time_ms": 1543313843591,
                                            "total_tx_pps": 9300645,
                                            "tx_pkts": 279019376,
                                            "tx_pps": 9300594
                                        },
                                        {
                                            "drop_pct": 111874445,
                                            "drop_percentage": 80.19151513292181,
                                            "rx_pkts": 27634635,
                                            "rx_pps": 921153.1794343425,
                                            "time_ms": 1543313875627,
                                            "total_tx_pps": 4650302,
                                            "tx_pkts": 139509080,
                                            "tx_pps": 4650296
                                        },
                                        {
                                            "drop_pct": 41627254,
                                            "drop_percentage": 59.67693424226024,
                                            "rx_pkts": 28127090,
                                            "rx_pps": 937570.957004771,
                                            "time_ms": 1543313907660,
                                            "total_tx_pps": 2325144,
                                            "tx_pkts": 69754344,
                                            "tx_pps": 2325148
                                        },
                                        {
                                            "drop_pct": 3978728,
                                            "drop_percentage": 11.407814201683987,
                                            "rx_pkts": 30898488,
                                            "rx_pps": 1029949.7181229144,
                                            "time_ms": 1543313939696,
                                            "total_tx_pps": 1162573,
                                            "tx_pkts": 34877216,
                                            "tx_pps": 1162574
                                        },
                                        {
                                            "drop_pct": 0,
                                            "drop_percentage": 0.0,
                                            "rx_pkts": 17438632,
                                            "rx_pps": 581286.0,
                                            "time_ms": 1543313971730,
                                            "total_tx_pps": 581287,
                                            "tx_pkts": 17438632,
                                            "tx_pps": 581286
                                        },
                                        {
                                            "drop_pct": 0,
                                            "drop_percentage": 0.0,
                                            "rx_pkts": 26157908,
                                            "rx_pps": 871930.0,
                                            "time_ms": 1543314003771,
                                            "total_tx_pps": 871930,
                                            "tx_pkts": 26157908,
                                            "tx_pps": 871930
                                        },
                                        {
                                            "drop_pct": 0,
                                            "drop_percentage": 0.0,
                                            "rx_pkts": 30517568,
                                            "rx_pps": 1017252.0,
                                            "time_ms": 1543314035813,
                                            "total_tx_pps": 1017252,
                                            "tx_pkts": 30517568,
                                            "tx_pps": 1017252
                                        },
                                        {
                                            "drop_pct": 0,
                                            "drop_percentage": 0.0,
                                            "ndr_pps": 544956,
                                            "rx_pkts": 32697376,
                                            "rx_pps": 1089912.0,
                                            "time_ms": 1543314067854,
                                            "total_tx_pps": 1089912,
                                            "tx_pkts": 32697376,
                                            "tx_pps": 1089912
                                        }
                                    ]
                                },
                                "ndr": {
                                    "duration_sec": 30.0,
                                    "initial_rate_type": "rate_percent",