{
    "benchmarks": {
        "network": {
            "service_chain": {
                "EXT": {
                    "result": {
                        "bidirectional": true,
                        "compute_nodes": {},
                        "flow_count": 1024,
                        "profile": "traffic_profile_64B",
                        "result": {
                            "64": {
                                "iteration_stats": {
                                    "ndr_pdr": [
                                        {
                                            "drop_pct": 1153212321,
                                            "drop_percentage": 91.81979271529039,
                                            "rx_pkts": 102739459,
                                            "rx_pps": 6086463.5976907015,
                                            "time_ms": 1543311651808,
                                            "total_tx_pps": 41865059,
                                            "tx_pkts": 1255951780,
                                            "tx_pps": 74404760,
                                            "warning": "WARNING: There is a significant difference between requested TX rate (74404760) and actual TX rate (41865059). The traffic generator may not have sufficient CPU to achieve the requested TX rate."
                                        },
                                        {
                                            "drop_pct": 1013402907,
                                            "drop_percentage": 90.80337710679134,
                                            "rx_pkts": 102638081,
                                            "rx_pps": 3421362.595898478,
                                            "time_ms": 1543311683850,
                                            "total_tx_pps": 37201366,
                                            "tx_pkts": 1116040988,
                                            "tx_pps": 37202380
                                        },
                                        {
                                            "drop_pct": 451329223,
                                            "drop_percentage": 80.8779594022588,
                                            "rx_pkts": 106708129,
                                            "rx_pps": 3556927.103462977,
                                            "time_ms": 1543311715893,
                                            "total_tx_pps": 18601245,
                                            "tx_pkts": 558037352,
                                            "tx_pps": 18601190
                                        },
                                        {
                                            "drop_pct": 176291140,
                                            "drop_percentage": 63.18240063729481,
                                            "rx_pkts": 102728236,
                                            "rx_pps": 3424255.437271797,
                                            "time_ms": 1543311747929,
                                            "total_tx_pps": 9300645,
                                            "tx_pkts": 279019376,
                                            "tx_pps": 9300594
                                        },
                                        {
                                            "drop_pct": 36421081,
                                            "drop_percentage": 26.106602523649357,
                                            "rx_pkts": 103087999,
                                            "rx_pps": 3436261.7071068347,
                                            "time_ms": 1543311779983,
                                            "total_tx_pps": 4650302,
                                            "tx_pkts": 139509080,
                                            "tx_pps": 4650296
                                        },
                                        {
                                            "drop_pct": 0,
                                            "drop_percentage": 0.0,
                                            "rx_pkts": 69754344,
                                            "rx_pps": 2325148.0,
                                            "time_ms": 1543311812028,
                                            "total_tx_pps": 2325144,
                                            "tx_pkts": 69754344,
                                            "tx_pps": 2325148
                                        },
                                        {
                                            "drop_pct": 7477,
                                            "drop_percentage": 0.007146012425670288,
                                            "rx_pkts": 104624303,
                                            "rx_pps": 3487472.7669525077,
                                            "time_ms": 1543311844069,
                                            "total_tx_pps": 3487726,
                                            "tx_pkts": 104631780,
                                            "tx_pps": 3487722
                                        },
                                        {
                                            "drop_pct": 0,
                                            "drop_percentage": 0.0,
                                            "rx_pkts": 87193288,
                                            "rx_pps": 2906436.0,
                                            "time_ms": 1543311876110,
                                            "total_tx_pps": 2906442,
                                            "tx_pkts": 87193288,
                                            "tx_pps": 2906436
                                        },
                                        {
                                            "drop_pct": 0,
                                            "drop_percentage": 0.0,
                                            "rx_pkts": 95912176,
                                            "rx_pps": 3197078.0,
                                            "time_ms": 1543311908159,
                                            "total_tx_pps": 3197072,
                                            "tx_pkts": 95912176,
                                            "tx_pps": 3197078
                                        },
                                        {
                                            "drop_pct": 0,
                                            "drop_percentage": 0.0,
                                            "rx_pkts": 100271924,
                                            "rx_pps": 3342400.0,
                                            "time_ms": 1543311940208,
                                            "total_tx_pps": 3342397,
                                            "tx_pkts": 100271924,
                                            "tx_pps": 3342400
                                        },
                                        {
                                            "drop_pct": 0,
                                            "drop_percentage": 0.0,
                                            "ndr_pps": 1707531,
                                            "rx_pkts": 102452196,
                                            "rx_pps": 3415062.0,
                                            "time_ms": 1543311972249,
                                            "total_tx_pps": 3415073,
                                            "tx_pkts": 102452196,
                                            "tx_pps": 3415062
                                        }
                                    ]
                                },
                                "ndr": {
                                    "duration_sec": 30.0,
                                    "initial_rate_type": "rate_percent",