{
    "benchmarks": {
        "network": {
            "service_chain": {
                "EXT": {
                    "result": {
                        "bidirectional": true,
                        "compute_nodes": {},
                        "flow_count": 1024,
                        "profile": "traffic_profile_64B",
                        "result": {
                            "64": {
                                "iteration_stats": {
                                    "ndr_pdr": [
                                        {
                                            "drop_pct": 1187521113,
                                            "drop_percentage": 96.21350334869135,
                                            "rx_pkts": 46735069,
                                            "rx_pps": 2817333.74581424,
                                            "time_ms": 1542794243148,
                                            "total_tx_pps": 41141872,
                                            "tx_pkts": 1234256182,
                                            "tx_pps": 74404760,
                                            "warning": "WARNING: There is a significant difference between requested TX rate (74404760) and actual TX rate (41141872). The traffic generator may not have sufficient CPU to achieve the requested TX rate."
                                        },
                                        {
                                            "drop_pct": 1070899868,
                                            "drop_percentage": 95.9526371631783,
                                            "rx_pkts": 45171456,
                                            "rx_pps": 1505715.3025331905,
                                            "time_ms": 1542794275189,
                                            "total_tx_pps": 37202377,
                                            "tx_pkts": 1116071324,
                                            "tx_pps": 37202380
                                        },
                                        {
                                            "drop_pct": 511272561,
                                            "drop_percentage": 91.62005184399864,
                                            "rx_pkts": 46763099,
                                            "rx_pps": 1558770.07839931,
                                            "time_ms": 1542794307232,
                                            "total_tx_pps": 18601188,
                                            "tx_pkts": 558035660,
                                            "tx_pps": 18601190
                                        },
                                        {
                                            "drop_pct": 233586647,
                                            "drop_percentage": 83.71746182874791,
                                            "rx_pkts": 45431185,
                                            "rx_pps": 1514372.768203181,
                                            "time_ms": 1542794339277,
                                            "total_tx_pps": 9300594,
                                            "tx_pkts": 279017832,
                                            "tx_pps": 9300594
                                        },
                                        {
                                            "drop_pct": 92725777,
                                            "drop_percentage": 66.46583722584407,
                                            "rx_pkts": 46783151,
                                            "rx_pps": 1559437.8301200622,
                                            "time_ms": 1542794371319,
                                            "total_tx_pps": 4650297,
                                            "tx_pkts": 139508928,
                                            "tx_pps": 4650296
                                        },
                                        {
                                            "drop_pct": 22907071,
                                            "drop_percentage": 32.83957712011091,
                                            "rx_pkts": 46847393,
                                            "rx_pps": 1561579.2293832838,
                                            "time_ms": 1542794403359,
                                            "total_tx_pps": 2325148,
                                            "tx_pkts": 69754464,
                                            "tx_pps": 2325148
                                        },
                                        {
                                            "drop_pct": 0,
                                            "drop_percentage": 0.0,
                                            "rx_pkts": 34877234,
                                            "rx_pps": 1162574.0,
                                            "time_ms": 1542794435399,
                                            "total_tx_pps": 1162574,
                                            "tx_pkts": 34877234,
                                            "tx_pps": 1162574
                                        },
                                        {
                                            "drop_pct": 7086086,
                                            "drop_percentage": 13.544816723803589,
                                            "rx_pkts": 45229764,
                                            "rx_pps": 1507657.3590802785,
                                            "time_ms": 1542794467440,
                                            "total_tx_pps": 1743861,
                                            "tx_pkts": 52315850,
                                            "tx_pps": 1743860
                                        },
                                        {
                                            "drop_pct": 0,
                                            "drop_percentage": 0.0,
                                            "rx_pkts": 43596540,
                                            "rx_pps": 1453218.0,
                                            "time_ms": 1542794499477,
                                            "total_tx_pps": 1453218,
                                            "tx_pkts": 43596540,
                                            "tx_pps": 1453218
                                        },
                                        {
                                            "drop_pct": 2573195,
                                            "drop_percentage": 5.365719806705261,
                                            "rx_pkts": 45382999,
                                            "rx_pps": 1512764.92991629,
                                            "time_ms": 1542794531514,
                                            "total_tx_pps": 1598539,
                                            "tx_pkts": 47956194,
                                            "tx_pps": 1598538
                                        },
                                        {
                                            "drop_pct": 0,
                                            "drop_percentage": 0.0,
                                            "ndr_pps": 762939,
                                            "rx_pkts": 45776368,
                                            "rx_pps": 1525878.0,
                                            "time_ms": 1542794563554,
                                            "total_tx_pps": 1525878,
                                            "tx_pkts": 45776368,
                                            "tx_pps": 1525878
                                        }
                                    ]
                                },
                                "ndr": {
                                    "duration_sec": 30.0,
                                    "initial_rate_type": "rate_percent",