{
    "benchmarks": {
        "network": {
            "service_chain": {
                "EXT": {
                    "result": {
                        "bidirectional": true,
                        "compute_nodes": {},
                        "flow_count": 1024,
                        "profile": "traffic_profile_64B",
                        "result": {
                            "64": {
                                "iteration_stats": {
                                    "ndr_pdr": [
                                        {
                                            "drop_pct": 1043311195,
                                            "drop_percentage": 84.48505267868315,
                                            "rx_pkts": 191595054,
                                            "rx_pps": 11543859.318552233,
                                            "time_ms": 1542805419265,
                                            "total_tx_pps": 41163541,
                                            "tx_pkts": 1234906249,
                                            "tx_pps": 74404760,
                                            "warning": "WARNING: There is a significant difference between requested TX rate (74404760) and actual TX rate (41163541). The traffic generator may not have sufficient CPU to achieve the requested TX rate."
                                        },
                                        {
                                            "drop_pct": 926307909,
                                            "drop_percentage": 82.99709602960856,
                                            "rx_pkts": 189764765,
                                            "rx_pps": 6325484.946100112,
                                            "time_ms": 1542805451306,
                                            "total_tx_pps": 37202422,
                                            "tx_pkts": 1116072674,
                                            "tx_pps": 37202380
                                        },
                                        {
                                            "drop_pct": 368609610,
                                            "drop_percentage": 66.05480876541878,
                                            "rx_pkts": 189426386,
                                            "rx_pps": 6314209.517407797,
                                            "time_ms": 1542805483350,
                                            "total_tx_pps": 18601199,
                                            "tx_pkts": 558035996,
                                            "tx_pps": 18601190
                                        },
                                        {
                                            "drop_pct": 86783864,
                                            "drop_percentage": 31.103339660384144,
                                            "rx_pkts": 192233968,
                                            "rx_pps": 6407798.657746693,
                                            "time_ms": 1542805515393,
                                            "total_tx_pps": 9300594,
                                            "tx_pkts": 279017832,
                                            "tx_pps": 9300594
                                        },
                                        {
                                            "drop_pct": 0,
                                            "drop_percentage": 0.0,
                                            "rx_pkts": 139508928,
                                            "rx_pps": 4650296.0,
                                            "time_ms": 1542805547440,
                                            "total_tx_pps": 4650297,
                                            "tx_pkts": 139508928,
                                            "tx_pps": 4650296
                                        },
                                        {
                                            "drop_pct": 13762610,
                                            "drop_percentage": 6.576693346539276,
                                            "rx_pkts": 195500758,
                                            "rx_pps": 6516692.30702656,
                                            "time_ms": 1542805579486,
                                            "total_tx_pps": 6975445,
                                            "tx_pkts": 209263368,
                                            "tx_pps": 6975446
                                        },
                                        {
                                            "drop_pct": 0,
                                            "drop_percentage": 0.0,
                                            "rx_pkts": 174386162,
                                            "rx_pps": 5812872.0,
                                            "time_ms": 1542805611528,
                                            "total_tx_pps": 5812872,
                                            "tx_pkts": 174386162,
                                            "tx_pps": 5812872
                                        },
                                        {
                                            "drop_pct": 3741064,
                                            "drop_percentage": 1.9502507215282914,
                                            "rx_pkts": 188083708,
                                            "rx_pps": 6269455.88746934,
                                            "time_ms": 1542805643567,
                                            "total_tx_pps": 6394159,
                                            "tx_pkts": 191824772,
                                            "tx_pps": 6394158
                                        },
                                        {
                                            "drop_pct": 0,
                                            "drop_percentage": 0.0,
                                            "rx_pkts": 183105504,
                                            "rx_pps": 6103514.0,
                                            "time_ms": 1542805675609,
                                            "total_tx_pps": 6103516,
                                            "tx_pkts": 183105504,
                                            "tx_pps": 6103514
                                        },
                                        {
                                            "drop_pct": 0,
                                            "drop_percentage": 0.0,
                                            "rx_pkts": 187465118,
                                            "rx_pps": 6248836.0,
                                            "time_ms": 1542805707648,
                                            "total_tx_pps": 6248837,
                                            "tx_pkts": 187465118,
                                            "tx_pps": 6248836
                                        },
                                        {
                                            "drop_pct": 0,
                                            "drop_percentage": 0.0,
                                            "ndr_pps": 3160749,
                                            "rx_pkts": 189644980,
                                            "rx_pps": 6321498.0,
                                            "time_ms": 1542805739690,
                                            "total_tx_pps": 6321499,
                                            "tx_pkts": 189644980,
                                            "tx_pps": 6321498
                                        }
                                    ]
                                },
                                "ndr": {
                                    "duration_sec": 30.0,
                                    "initial_rate_type": "rate_percent",