{
    "benchmarks": {
        "network": {
            "service_chain": {
                "EXT": {
                    "result": {
                        "bidirectional": true,
                        "compute_nodes": {},
                        "flow_count": 1024,
                        "profile": "traffic_profile_64B",
                        "result": {
                            "64": {
                                "iteration_stats": {
                                    "ndr_pdr": [
                                        {
                                            "drop_pct": 1084099064,
                                            "drop_percentage": 86.29260186291664,
                                            "rx_pkts": 172206854,
                                            "rx_pps": 10198956.686141344,
                                            "time_ms": 1543314552498,
                                            "total_tx_pps": 41876863,
                                            "tx_pkts": 1256305918,
                                            "tx_pps": 74404760,
                                            "warning": "WARNING: There is a significant difference between requested TX rate (74404760) and actual TX rate (41876863). The traffic generator may not have sufficient CPU to achieve the requested TX rate."
                                        },
                                        {
                                            "drop_pct": 943431558,
                                            "drop_percentage": 84.5337732345006,
                                            "rx_pkts": 172609430,
                                            "rx_pps": 5753804.452962795,
                                            "time_ms": 1543314584537,
                                            "total_tx_pps": 37201366,
                                            "tx_pkts": 1116040988,
                                            "tx_pps": 37202380
                                        },
                                        {
                                            "drop_pct": 385377494,
                                            "drop_percentage": 69.05944425024796,
                                            "rx_pkts": 172659858,
                                            "rx_pps": 5755311.562067301,
                                            "time_ms": 1543314616576,
                                            "total_tx_pps": 18601245,
                                            "tx_pkts": 558037352,
                                            "tx_pps": 18601190
                                        },
                                        {
                                            "drop_pct": 106513724,
                                            "drop_percentage": 38.174310876532104,
                                            "rx_pkts": 172505652,
                                            "rx_pps": 5750156.333075907,
                                            "time_ms": 1543314648617,
                                            "total_tx_pps": 9300645,
                                            "tx_pkts": 279019376,
                                            "tx_pps": 9300594
                                        },
                                        {
                                            "drop_pct": 0,
                                            "drop_percentage": 0.0,
                                            "rx_pkts": 139509080,
                                            "rx_pps": 4650296.0,
                                            "time_ms": 1543314680670,
                                            "total_tx_pps": 4650302,
                                            "tx_pkts": 139509080,
                                            "tx_pps": 4650296
                                        },
                                        {
                                            "drop_pct": 37084214,
                                            "drop_percentage": 17.72132538463235,
                                            "rx_pkts": 172178994,
                                            "rx_pps": 5739304.517310678,
                                            "time_ms": 1543314712713,
                                            "total_tx_pps": 6975440,
                                            "tx_pkts": 209263208,
                                            "tx_pps": 6975446
                                        },
                                        {
                                            "drop_pct": 2148544,
                                            "drop_percentage": 1.2320665589726258,
                                            "rx_pkts": 172236840,
                                            "rx_pps": 5741253.547972118,
                                            "time_ms": 1543314744762,
                                            "total_tx_pps": 5812846,
                                            "tx_pkts": 174385384,
                                            "tx_pps": 5812872
                                        },
                                        {
                                            "drop_pct": 0,
                                            "drop_percentage": 0.0,
                                            "rx_pkts": 156947292,
                                            "rx_pps": 5231584.0,
                                            "time_ms": 1543314776805,
                                            "total_tx_pps": 5231576,
                                            "tx_pkts": 156947292,
                                            "tx_pps": 5231584
                                        },
                                        {
                                            "drop_pct": 224,
                                            "drop_percentage": 0.00013521073764483513,
                                            "rx_pkts": 165667092,
                                            "rx_pps": 5522220.533354786,
                                            "time_ms": 1543314808854,
                                            "total_tx_pps": 5522243,
                                            "tx_pkts": 165667316,
                                            "tx_pps": 5522228
                                        },
                                        {
                                            "drop_pct": 281,
                                            "drop_percentage": 0.00016526741820956643,
                                            "rx_pkts": 170027183,
                                            "rx_pps": 5667540.633386439,
                                            "time_ms": 1543314840904,
                                            "total_tx_pps": 5667582,
                                            "tx_pkts": 170027464,
                                            "tx_pps": 5667550
                                        },
                                        {
                                            "drop_pct": 13037,
                                            "drop_percentage": 0.007570605697467005,
                                            "ndr_pps": 2833775,
                                            "rx_pkts": 172192471,
                                            "rx_pps": 5739775.431334693,
                                            "time_ms": 1543314872951,
                                            "total_tx_pps": 5740183,
                                            "tx_pkts": 172205508,
                                            "tx_pps": 5740210
                                        }
                                    ]
                                },
                                "ndr": {
                                    "duration_sec": 30.0,