{
    "benchmarks": {
        "network": {
            "service_chain": {
                "EXT": {
                    "result": {
                        "bidirectional": true,
                        "compute_nodes": {},
                        "flow_count": 1024,
                        "profile": "traffic_profile_64B",
                        "result": {
                            "64": {
                                "iteration_stats": {
                                    "ndr_pdr": [
                                        {
                                            "drop_pct": 1215602890,
                                            "drop_percentage": 96.66804014055913,
                                            "rx_pkts": 41899474,
                                            "rx_pps": 2479136.736713318,
                                            "time_ms": 1543318820919,
                                            "total_tx_pps": 41916745,
                                            "tx_pkts": 1257502364,
                                            "tx_pps": 74404760,
                                            "warning": "WARNING: There is a significant difference between requested TX rate (74404760) and actual TX rate (41916745). The traffic generator may not have sufficient CPU to achieve the requested TX rate."
                                        },
                                        {
                                            "drop_pct": 1074272578,
                                            "drop_percentage": 96.2574483868329,
                                            "rx_pkts": 41768410,
                                            "rx_pps": 1392318.2728265526,
                                            "time_ms": 1543318852962,
                                            "total_tx_pps": 37201366,
                                            "tx_pkts": 1116040988,
                                            "tx_pps": 37202380
                                        },
                                        {
                                            "drop_pct": 515569511,
                                            "drop_percentage": 92.38978522713656,
                                            "rx_pkts": 42467841,
                                            "rx_pps": 1415590.5093083975,
                                            "time_ms": 1543318884995,
                                            "total_tx_pps": 18601245,
                                            "tx_pkts": 558037352,
                                            "tx_pps": 18601190
                                        },
                                        {
                                            "drop_pct": 236548785,
                                            "drop_percentage": 84.77862304444405,
                                            "rx_pkts": 42470591,
                                            "rx_pps": 1415678.4718458196,
                                            "time_ms": 1543318917028,
                                            "total_tx_pps": 9300645,
                                            "tx_pkts": 279019376,
                                            "tx_pps": 9300594
                                        },
                                        {
                                            "drop_pct": 101011540,
                                            "drop_percentage": 72.4049932807241,
                                            "rx_pkts": 38497540,
                                            "rx_pps": 1283249.4936662184,
                                            "time_ms": 1543318949069,
                                            "total_tx_pps": 4650302,
                                            "tx_pkts": 139509080,
                                            "tx_pps": 4650296
                                        },
                                        {
                                            "drop_pct": 43835801,
                                            "drop_percentage": 62.843112681269,
                                            "rx_pkts": 25918543,
                                            "rx_pps": 863952.6223537275,
                                            "time_ms": 1543318981117,
                                            "total_tx_pps": 2325144,
                                            "tx_pkts": 69754344,
                                            "tx_pps": 2325148
                                        },
                                        {
                                            "drop_pct": 21291068,
                                            "drop_percentage": 61.04577842451645,
                                            "rx_pkts": 13586148,
                                            "rx_pps": 452871.6519389621,
                                            "time_ms": 1543319013163,
                                            "total_tx_pps": 1162573,
                                            "tx_pkts": 34877216,
                                            "tx_pps": 1162574
                                        },
                                        {
                                            "drop_pct": 9661209,
                                            "drop_percentage": 55.40118628571324,
                                            "rx_pkts": 7777423,
                                            "rx_pps": 259246.66028722894,
                                            "time_ms": 1543319045201,
                                            "total_tx_pps": 581287,
                                            "tx_pkts": 17438632,
                                            "tx_pps": 581286
                                        },
                                        {
                                            "drop_pct": 3915200,
                                            "drop_percentage": 44.90262534475197,
                                            "rx_pkts": 4804112,
                                            "rx_pps": 160136.111645506,
                                            "time_ms": 1543319077246,
                                            "total_tx_pps": 290643,
                                            "tx_pkts": 8719312,
                                            "tx_pps": 290642
                                        },
                                        {
                                            "drop_pct": 990371,
                                            "drop_percentage": 22.716702678649252,
                                            "rx_pkts": 3369289,
                                            "rx_pps": 112308.0876673869,
                                            "time_ms": 1543319109282,
                                            "total_tx_pps": 145322,
                                            "tx_pkts": 4359660,
                                            "tx_pps": 145320
                                        },
                                        {
                                            "drop_pct": -192129,
                                            "drop_percentage": -8.813936119847767,
                                            "ndr_pps": 36330,
                                            "rx_pkts": 2371961,
                                            "rx_pps": 79064.2059846814,
                                            "time_ms": 1543319141322,
                                            "total_tx_pps": 72661,
                                            "tx_pkts": 2179832,
                                            "tx_pps": 72660
                                        }
                                    ]
                                },
                                "ndr": {
                                    "duration_sec": 30.0,