{
    "benchmarks": {
        "network": {
            "service_chain": {
                "EXT": {
                    "result": {
                        "bidirectional": true,
                        "compute_nodes": {},
                        "flow_count": 1024,
                        "profile": "traffic_profile_64B",
                        "result": {
                            "64": {
                                "iteration_stats": {
                                    "ndr_pdr": [
                                        {
                                            "drop_pct": 1242368205,
                                            "drop_percentage": 99.22193326298064,
                                            "rx_pkts": 9742255,
                                            "rx_pps": 578918.6883190847,
                                            "time_ms": 1543319909857,
                                            "total_tx_pps": 41737015,
                                            "tx_pkts": 1252110460,
                                            "tx_pps": 74404760,
                                            "warning": "WARNING: There is a significant difference between requested TX rate (74404760) and actual TX rate (41737015). The traffic generator may not have sufficient CPU to achieve the requested TX rate."
                                        },
                                        {
                                            "drop_pct": 1106624213,
                                            "drop_percentage": 99.15623394649015,
                                            "rx_pkts": 9416775,
                                            "rx_pps": 313901.05353773886,
                                            "time_ms": 1543319941892,
                                            "total_tx_pps": 37201366,
                                            "tx_pkts": 1116040988,
                                            "tx_pps": 37202380
                                        },
                                        {
                                            "drop_pct": 548424142,
                                            "drop_percentage": 98.27731782370009,
                                            "rx_pkts": 9613210,
                                            "rx_pps": 320439.3847096816,
                                            "time_ms": 1543319973928,
                                            "total_tx_pps": 18601245,
                                            "tx_pkts": 558037352,
                                            "tx_pps": 18601190
                                        },
                                        {
                                            "drop_pct": 269993249,
                                            "drop_percentage": 96.76505369290196,
                                            "rx_pkts": 9026127,
                                            "rx_pps": 300869.22214118205,
                                            "time_ms": 1543320005967,
                                            "total_tx_pps": 9300645,
                                            "tx_pkts": 279019376,
                                            "tx_pps": 9300594
                                        },
                                        {
                                            "drop_pct": 129917744,
                                            "drop_percentage": 93.1249378176675,
                                            "rx_pkts": 9591336,
                                            "rx_pps": 319710.7416625209,
                                            "time_ms": 1543320038001,
                                            "total_tx_pps": 4650302,
                                            "tx_pkts": 139509080,
                                            "tx_pps": 4650296
                                        },
                                        {
                                            "drop_pct": 60560317,
                                            "drop_percentage": 86.81942016399724,
                                            "rx_pkts": 9194027,
                                            "rx_pps": 306467.98844522156,
                                            "time_ms": 1543320070040,
                                            "total_tx_pps": 2325144,
                                            "tx_pkts": 69754344,
                                            "tx_pps": 2325148
                                        },
                                        {
                                            "drop_pct": 27794439,
                                            "drop_percentage": 79.69225238619963,
                                            "rx_pkts": 7082777,
                                            "rx_pps": 236092.59374366354,
                                            "time_ms": 1543320102084,
                                            "total_tx_pps": 1162573,
                                            "tx_pkts": 34877216,
                                            "tx_pps": 1162574
                                        },
                                        {
                                            "drop_pct": 12002918,
                                            "drop_percentage": 68.82947010981137,
                                            "rx_pkts": 5435714,
                                            "rx_pps": 181189.9263774819,
                                            "time_ms": 1543320134124,
                                            "total_tx_pps": 581287,
                                            "tx_pkts": 17438632,
                                            "tx_pps": 581286
                                        },
                                        {
                                            "drop_pct": 4634200,
                                            "drop_percentage": 53.148688795629745,
                                            "rx_pkts": 4085112,
                                            "rx_pps": 136169.5879106058,
                                            "time_ms": 1543320166160,
                                            "total_tx_pps": 290643,
                                            "tx_pkts": 8719312,
                                            "tx_pps": 290642
                                        },
                                        {
                                            "drop_pct": 1083270,
                                            "drop_percentage": 24.847579857144822,
                                            "rx_pkts": 3276390,
                                            "rx_pps": 109211.49695159715,
                                            "time_ms": 1543320198210,
                                            "total_tx_pps": 145322,
                                            "tx_pkts": 4359660,
                                            "tx_pps": 145320
                                        },
                                        {
                                            "drop_pct": -720526,
                                            "drop_percentage": -33.05419867219125,
                                            "ndr_pps": 36330,
                                            "rx_pkts": 2900358,
                                            "rx_pps": 96677.18075521417,
                                            "time_ms": 1543320230254,
                                            "total_tx_pps": 72661,
                                            "tx_pkts": 2179832,
                                            "tx_pps": 72660
                                        }
                                    ]
                                },
                                "ndr": {
                                    "duration_sec": 30.0,