{
    "benchmarks": {
        "network": {
            "service_chain": {
                "EXT": {
                    "result": {
                        "bidirectional": true,
                        "compute_nodes": {},
                        "flow_count": 1024,
                        "profile": "traffic_profile_64B",
                        "result": {
                            "64": {
                                "iteration_stats": {
                                    "ndr_pdr": [
                                        {
                                            "drop_pct": 1250701499,
                                            "drop_percentage": 99.63674678035714,
                                            "rx_pkts": 4559777,
                                            "rx_pps": 270277.6862675406,
                                            "time_ms": 1543321405334,
                                            "total_tx_pps": 41842042,
                                            "tx_pkts": 1255261276,
                                            "tx_pps": 74404760,
                                            "warning": "WARNING: There is a significant difference between requested TX rate (74404760) and actual TX rate (41842042). The traffic generator may not have sufficient CPU to achieve the requested TX rate."
                                        },
                                        {
                                            "drop_pct": 1112193428,
                                            "drop_percentage": 99.655249221008,
                                            "rx_pkts": 3847560,
                                            "rx_pps": 128255.49485356174,
                                            "time_ms": 1543321437385,
                                            "total_tx_pps": 37201366,
                                            "tx_pkts": 1116040988,
                                            "tx_pps": 37202380
                                        },
                                        {
                                            "drop_pct": 553626024,
                                            "drop_percentage": 99.20949234236923,
                                            "rx_pkts": 4411328,
                                            "rx_pps": 147043.83136044888,
                                            "time_ms": 1543321469434,
                                            "total_tx_pps": 18601245,
                                            "tx_pkts": 558037352,
                                            "tx_pps": 18601190
                                        },
                                        {
                                            "drop_pct": 275025574,
                                            "drop_percentage": 98.56862915498743,
                                            "rx_pkts": 3993802,
                                            "rx_pps": 133125.990928988,
                                            "time_ms": 1543321501475,
                                            "total_tx_pps": 9300645,
                                            "tx_pkts": 279019376,
                                            "tx_pps": 9300594
                                        },
                                        {
                                            "drop_pct": 135473564,
                                            "drop_percentage": 97.10734527100315,
                                            "rx_pkts": 4035516,
                                            "rx_pps": 134517.00715635114,
                                            "time_ms": 1543321533521,
                                            "total_tx_pps": 4650302,
                                            "tx_pkts": 139509080,
                                            "tx_pps": 4650296
                                        },
                                        {
                                            "drop_pct": 65387370,
                                            "drop_percentage": 93.7394952778855,
                                            "rx_pkts": 4366974,
                                            "rx_pps": 145566.00033615096,
                                            "time_ms": 1543321565562,
                                            "total_tx_pps": 2325144,
                                            "tx_pkts": 69754344,
                                            "tx_pps": 2325148
                                        },
                                        {
                                            "drop_pct": 31410643,
                                            "drop_percentage": 90.06063729398585,
                                            "rx_pkts": 3466573,
                                            "rx_pps": 115552.44658581697,
                                            "time_ms": 1543321597613,
                                            "total_tx_pps": 1162573,
                                            "tx_pkts": 34877216,
                                            "tx_pps": 1162574
                                        },
                                        {
                                            "drop_pct": 14080447,
                                            "drop_percentage": 80.7428415256426,
                                            "rx_pkts": 3358185,
                                            "rx_pps": 111939.16620925313,
                                            "time_ms": 1543321629655,
                                            "total_tx_pps": 581287,
                                            "tx_pkts": 17438632,
                                            "tx_pps": 581286
                                        },
                                        {
                                            "drop_pct": 5585210,
                                            "drop_percentage": 64.0556273247247,
                                            "rx_pkts": 3134102,
                                            "rx_pps": 104469.44363087365,
                                            "time_ms": 1543321661702,
                                            "total_tx_pps": 290643,
                                            "tx_pkts": 8719312,
                                            "tx_pps": 290642
                                        },
                                        {
                                            "drop_pct": 1380996,
                                            "drop_percentage": 31.676690384112522,
                                            "rx_pkts": 2978664,
                                            "rx_pps": 99287.43353380769,
                                            "time_ms": 1543321693751,
                                            "total_tx_pps": 145322,
                                            "tx_pkts": 4359660,
                                            "tx_pps": 145320
                                        },
                                        {
                                            "drop_pct": -555618,
                                            "drop_percentage": -25.48902851228902,
                                            "ndr_pps": 36330,
                                            "rx_pkts": 2735450,
                                            "rx_pps": 91180.3281170292,
                                            "time_ms": 1543321725797,
                                            "total_tx_pps": 72661,
                                            "tx_pkts": 2179832,
                                            "tx_pps": 72660
                                        }
                                    ]
                                },
                                "ndr": {
                                    "duration_sec": 30.0,