{
    "benchmarks": {
        "network": {
            "service_chain": {
                "EXT": {
                    "result": {
                        "bidirectional": true,
                        "compute_nodes": {},
                        "flow_count": 1024,
                        "profile": "traffic_profile_64B",
                        "result": {
                            "64": {
                                "iteration_stats": {
                                    "ndr_pdr": [
                                        {
                                            "drop_pct": 1049728070,
                                            "drop_percentage": 85.03207469978743,
                                            "rx_pkts": 184780289,
                                            "rx_pps": 11136848.896602442,
                                            "time_ms": 1542811064928,
                                            "total_tx_pps": 41150278,
                                            "tx_pkts": 1234508359,
                                            "tx_pps": 74404760,
                                            "warning": "WARNING: There is a significant difference between requested TX rate (74404760) and actual TX rate (41150278). The traffic generator may not have sufficient CPU to achieve the requested TX rate."
                                        },
                                        {
                                            "drop_pct": 934050808,
                                            "drop_percentage": 83.69085900583568,
                                            "rx_pkts": 182021866,
                                            "rx_pps": 6067388.607384789,
                                            "time_ms": 1542811096966,
                                            "total_tx_pps": 37202422,
                                            "tx_pkts": 1116072674,
                                            "tx_pps": 37202380
                                        },
                                        {
                                            "drop_pct": 373016004,
                                            "drop_percentage": 66.84451490688971,
                                            "rx_pkts": 185019318,
                                            "rx_pps": 6167314.777591121,
                                            "time_ms": 1542811129009,
                                            "total_tx_pps": 18601177,
                                            "tx_pkts": 558035322,
                                            "tx_pps": 18601190
                                        },
                                        {
                                            "drop_pct": 98521387,
                                            "drop_percentage": 35.310047022055926,
                                            "rx_pkts": 180496613,
                                            "rx_pps": 6016549.885269488,
                                            "time_ms": 1542811161049,
                                            "total_tx_pps": 9300600,
                                            "tx_pkts": 279018000,
                                            "tx_pps": 9300594
                                        },
                                        {
                                            "drop_pct": 12664,
                                            "drop_percentage": 0.009077555237181666,
                                            "rx_pkts": 139496264,
                                            "rx_pps": 4649873.866811907,
                                            "time_ms": 1542811193084,
                                            "total_tx_pps": 4650297,
                                            "tx_pkts": 139508928,
                                            "tx_pps": 4650296
                                        },
                                        {
                                            "drop_pct": 0,
                                            "drop_percentage": 0.0,
                                            "rx_pkts": 69754474,
                                            "rx_pps": 2325148.0,
                                            "time_ms": 1542811225133,
                                            "total_tx_pps": 2325149,
                                            "tx_pkts": 69754474,
                                            "tx_pps": 2325148
                                        },
                                        {
                                            "drop_pct": 0,
                                            "drop_percentage": 0.0,
                                            "rx_pkts": 104631696,
                                            "rx_pps": 3487722.0,
                                            "time_ms": 1542811257174,
                                            "total_tx_pps": 3487723,
                                            "tx_pkts": 104631696,
                                            "tx_pps": 3487722
                                        },
                                        {
                                            "drop_pct": 0,
                                            "drop_percentage": 0.0,
                                            "rx_pkts": 122070314,
                                            "rx_pps": 4069010.0,
                                            "time_ms": 1542811289216,
                                            "total_tx_pps": 4069010,
                                            "tx_pkts": 122070314,
                                            "tx_pps": 4069010
                                        },
                                        {
                                            "drop_pct": 0,
                                            "drop_percentage": 0.0,
                                            "rx_pkts": 130789644,
                                            "rx_pps": 4359654.0,
                                            "time_ms": 1542811321255,
                                            "total_tx_pps": 4359654,
                                            "tx_pkts": 130789644,
                                            "tx_pps": 4359654
                                        },
                                        {
                                            "drop_pct": 15361,
                                            "drop_percentage": 0.011365949798654504,
                                            "rx_pkts": 135133925,
                                            "rx_pps": 4504461.966916718,
                                            "time_ms": 1542811353293,
                                            "total_tx_pps": 4504976,
                                            "tx_pkts": 135149286,
                                            "tx_pps": 4504974
                                        },
                                        {
                                            "drop_pct": 1066,
                                            "drop_percentage": 0.000801688015031906,
                                            "ndr_pps": 2216157,
                                            "rx_pkts": 132968366,
                                            "rx_pps": 4432278.466669873,
                                            "time_ms": 1542811385337,
                                            "total_tx_pps": 4432314,
                                            "tx_pkts": 132969432,
                                            "tx_pps": 4432314
                                        }
                                    ]
                                },
                                "ndr": {
                                    "duration_sec": 30.0,
                                    "initial_rate_type": "rate_percent",