{
    "benchmarks": {
        "network": {
            "service_chain": {
                "EXT": {
                    "result": {
                        "bidirectional": true,
                        "compute_nodes": {},
                        "flow_count": 1000,
                        "profile": "traffic_profile_64B",
                        "result": {
                            "64": {
                                "iteration_stats": {
                                    "ndr_pdr": [
                                        {
                                            "drop_pct": 1084634336,
                                            "drop_percentage": 88.42284886716348,
                                            "rx_pkts": 142010530,
                                            "rx_pps": 8222408.327680376,
                                            "time_ms": 1541767860227,
                                            "total_tx_pps": 40888162,
                                            "tx_pkts": 1226644866,
                                            "tx_pps": 71022726,
                                            "warning": "WARNING: There is a significant difference between requested TX rate (71022726) and actual TX rate (40888162). The traffic generator may not have sufficient CPU to achieve the requested TX rate."
                                        },
                                        {
                                            "drop_pct": 922414928,
                                            "drop_percentage": 86.58244091159428,
                                            "rx_pkts": 142945344,
                                            "rx_pps": 4764757.979447657,
                                            "time_ms": 1541767892266,
                                            "total_tx_pps": 35512009,
                                            "tx_pkts": 1065360272,
                                            "tx_pps": 35511362
                                        },
                                        {
                                            "drop_pct": 390397023,
                                            "drop_percentage": 73.29048416806462,
                                            "rx_pkts": 142273797,
                                            "rx_pps": 4742456.160667784,
                                            "time_ms": 1541767924302,
                                            "total_tx_pps": 17755694,
                                            "tx_pkts": 532670820,
                                            "tx_pps": 17755680
                                        },
                                        {
                                            "drop_pct": 124397169,
                                            "drop_percentage": 46.706867501556154,
                                            "rx_pkts": 141938759,
                                            "rx_pps": 4731279.034199847,
                                            "time_ms": 1541767956340,
                                            "total_tx_pps": 8877864,
                                            "tx_pkts": 266335928,
                                            "tx_pps": 8877840
                                        },
                                        {
                                            "drop_pct": 0,
                                            "drop_percentage": 0.0,
                                            "rx_pkts": 133167878,
                                            "rx_pps": 4438920.0,
                                            "time_ms": 1541767988375,
                                            "total_tx_pps": 4438929,
                                            "tx_pkts": 133167878,
                                            "tx_pps": 4438920
                                        },
                                        {
                                            "drop_pct": 55566806,
                                            "drop_percentage": 27.817996626064275,
                                            "rx_pkts": 144184480,
                                            "rx_pps": 4806152.076249462,
                                            "time_ms": 1541768020406,
                                            "total_tx_pps": 6658376,
                                            "tx_pkts": 199751286,
                                            "tx_pps": 6658380
                                        },
                                        {
                                            "drop_pct": 24592827,
                                            "drop_percentage": 14.774049706469352,
                                            "rx_pkts": 141866793,
                                            "rx_pps": 4728889.690961988,
                                            "time_ms": 1541768052440,
                                            "total_tx_pps": 5548654,
                                            "tx_pkts": 166459620,
                                            "tx_pps": 5548650
                                        },
                                        {
                                            "drop_pct": 7215844,
                                            "drop_percentage": 4.816544815327303,
                                            "rx_pkts": 142597856,
                                            "rx_pps": 4753256.155659355,
                                            "time_ms": 1541768084483,
                                            "total_tx_pps": 4993790,
                                            "tx_pkts": 149813700,
                                            "tx_pps": 4993784
                                        },
                                        {
                                            "drop_pct": 189173,
                                            "drop_percentage": 0.13369998555240387,
                                            "rx_pkts": 141301493,
                                            "rx_pps": 4710046.2380574,
                                            "time_ms": 1541768116515,
                                            "total_tx_pps": 4716355,
                                            "tx_pkts": 141490666,
                                            "tx_pps": 4716352
                                        },
                                        {
                                            "drop_pct": 0,
                                            "drop_percentage": 0.0,
                                            "rx_pkts": 137329002,
                                            "rx_pps": 4577636.0,
                                            "time_ms": 1541768148554,
                                            "total_tx_pps": 4577633,
                                            "tx_pkts": 137329002,
                                            "tx_pps": 4577636
                                        },
                                        {
                                            "drop_pct": 228,
                                            "drop_percentage": 0.00016354632707945568,
                                            "ndr_pps": 2323497,
                                            "rx_pkts": 139409812,
                                            "rx_pps": 4646986.400011994,
                                            "time_ms": 1541768180606,
                                            "total_tx_pps": 4647001,
                                            "tx_pkts": 139410040,
                                            "tx_pps": 4646994
                                        }
                                    ]
                                },
                                "ndr": {
                                    "actual_l2frame_size": "68",