{
    "benchmarks": {
        "network": {
            "service_chain": {
                "EXT": {
                    "result": {
                        "bidirectional": true,
                        "compute_nodes": {},
                        "flow_count": 1024,
                        "profile": "traffic_profile_64B",
                        "result": {
                            "64": {
                                "iteration_stats": {
                                    "ndr_pdr": [
                                        {
                                            "drop_pct": 720985284,
                                            "drop_percentage": 87.79241904610876,
                                            "rx_pkts": 100253374,
                                            "rx_pps": 3633208.524219394,
                                            "time_ms": 1542799621660,
                                            "total_tx_pps": 27374621,
                                            "tx_pkts": 821238658,
                                            "tx_pps": 29761904
                                        },
                                        {
                                            "drop_pct": 346733565,
                                            "drop_percentage": 77.66834942850879,
                                            "rx_pkts": 99694829,
                                            "rx_pps": 3323162.202351332,
                                            "time_ms": 1542799653708,
                                            "total_tx_pps": 14880946,
                                            "tx_pkts": 446428394,
                                            "tx_pps": 14880952
                                        },
                                        {
                                            "drop_pct": 123392654,
                                            "drop_percentage": 55.27976627291063,
                                            "rx_pkts": 99822208,
                                            "rx_pps": 3327398.2576079904,
                                            "time_ms": 1542799685757,
                                            "total_tx_pps": 7440495,
                                            "tx_pkts": 223214862,
                                            "tx_pps": 7440476
                                        },
                                        {
                                            "drop_pct": 11505441,
                                            "drop_percentage": 10.308865608958758,
                                            "rx_pkts": 100101805,
                                            "rx_pps": 3336723.6642465848,
                                            "time_ms": 1542799717804,
                                            "total_tx_pps": 3720241,
                                            "tx_pkts": 111607246,
                                            "tx_pps": 3720238
                                        },
                                        {
                                            "drop_pct": 0,
                                            "drop_percentage": 0.0,
                                            "rx_pkts": 55803570,
                                            "rx_pps": 1860118.0,
                                            "time_ms": 1542799749848,
                                            "total_tx_pps": 1860119,
                                            "tx_pkts": 55803570,
                                            "tx_pps": 1860118
                                        },
                                        {
                                            "drop_pct": 0,
                                            "drop_percentage": 0.0,
                                            "rx_pkts": 83705402,
                                            "rx_pps": 2790178.0,
                                            "time_ms": 1542799781893,
                                            "total_tx_pps": 2790180,
                                            "tx_pkts": 83705402,
                                            "tx_pps": 2790178
                                        },
                                        {
                                            "drop_pct": 0,
                                            "drop_percentage": 0.0,
                                            "rx_pkts": 97656390,
                                            "rx_pps": 3255208.0,
                                            "time_ms": 1542799813947,
                                            "total_tx_pps": 3255213,
                                            "tx_pkts": 97656390,
                                            "tx_pps": 3255208
                                        },
                                        {
                                            "drop_pct": 3995536,
                                            "drop_percentage": 3.8186703860273497,
                                            "rx_pkts": 100636066,
                                            "rx_pps": 3354537.3928390387,
                                            "time_ms": 1542799845990,
                                            "total_tx_pps": 3487720,
                                            "tx_pkts": 104631602,
                                            "tx_pps": 3487722
                                        },
                                        {
                                            "drop_pct": 0,
                                            "drop_percentage": 0.0,
                                            "rx_pkts": 101143892,
                                            "rx_pps": 3371464.0,
                                            "time_ms": 1542799878033,
                                            "total_tx_pps": 3371463,
                                            "tx_pkts": 101143892,
                                            "tx_pps": 3371464
                                        },
                                        {
                                            "drop_pct": 0,
                                            "drop_percentage": 0.0,
                                            "rx_pkts": 102887656,
                                            "rx_pps": 3429594.0,
                                            "time_ms": 1542799910073,
                                            "total_tx_pps": 3429588,
                                            "tx_pkts": 102887656,
                                            "tx_pps": 3429594
                                        },
                                        {
                                            "drop_pct": 3279685,
                                            "drop_percentage": 3.1608395201947603,
                                            "ndr_pps": 1714797,
                                            "rx_pkts": 100480249,
                                            "rx_pps": 3349335.371067622,
                                            "time_ms": 1542799942116,
                                            "total_tx_pps": 3458664,
                                            "tx_pkts": 103759934,
                                            "tx_pps": 3458658
                                        }
                                    ]
                                },
                                "ndr": {
                                    "duration_sec": 30.0,
                                    "initial_rate_type": "rate_percent",
                                    "l2frame_size": "64",
                                    "load_percent_per_direction": 11.5234375,
                                    "rate_bps": 2304687500.0,
                                    "rate_percent": 23.046875,