{
    "benchmarks": {
        "network": {
            "service_chain": {
                "EXT": {
                    "result": {
                        "bidirectional": true,
                        "compute_nodes": {},
                        "flow_count": 1024,
                        "profile": "traffic_profile_64B",
                        "result": {
                            "64": {
                                "iteration_stats": {
                                    "ndr_pdr": [
                                        {
                                            "drop_pct": 789376579,
                                            "drop_percentage": 96.387596457523,
                                            "rx_pkts": 29584167,
                                            "rx_pps": 1075120.074404603,
                                            "time_ms": 1542975351778,
                                            "total_tx_pps": 27298691,
                                            "tx_pkts": 818960746,
                                            "tx_pps": 29761904
                                        },
                                        {
                                            "drop_pct": 416727261,
                                            "drop_percentage": 93.34694356380925,
                                            "rx_pkts": 29701133,
                                            "rx_pps": 990038.1348024565,
                                            "time_ms": 1542975383823,
                                            "total_tx_pps": 14880946,
                                            "tx_pkts": 446428394,
                                            "tx_pps": 14880952
                                        },
                                        {
                                            "drop_pct": 193666638,
                                            "drop_percentage": 86.76268169911438,
                                            "rx_pkts": 29547576,
                                            "rx_pps": 984919.4912210022,
                                            "time_ms": 1542975415870,
                                            "total_tx_pps": 7440473,
                                            "tx_pkts": 223214214,
                                            "tx_pps": 7440476
                                        },
                                        {
                                            "drop_pct": 82008386,
                                            "drop_percentage": 73.47951705382859,
                                            "rx_pkts": 29598752,
                                            "rx_pps": 986625.0843469885,
                                            "time_ms": 1542975447918,
                                            "total_tx_pps": 3720237,
                                            "tx_pkts": 111607138,
                                            "tx_pps": 3720238
                                        },
                                        {
                                            "drop_pct": 26264562,
                                            "drop_percentage": 47.066096308892064,
                                            "rx_pkts": 29539008,
                                            "rx_pps": 984633.0706609631,
                                            "time_ms": 1542975479960,
                                            "total_tx_pps": 1860119,
                                            "tx_pkts": 55803570,
                                            "tx_pps": 1860118
                                        },
                                        {
                                            "drop_pct": 0,
                                            "drop_percentage": 0.0,
                                            "rx_pkts": 27901786,
                                            "rx_pps": 930058.0,
                                            "time_ms": 1542975512004,
                                            "total_tx_pps": 930059,
                                            "tx_pkts": 27901786,
                                            "tx_pps": 930058
                                        },
                                        {
                                            "drop_pct": 12170263,
                                            "drop_percentage": 29.07881406877648,
                                            "rx_pkts": 29682417,
                                            "rx_pps": 989412.9543841876,
                                            "time_ms": 1542975544050,
                                            "total_tx_pps": 1395089,
                                            "tx_pkts": 41852680,
                                            "tx_pps": 1395088
                                        },
                                        {
                                            "drop_pct": 5411695,
                                            "drop_percentage": 15.516411077782143,
                                            "rx_pkts": 29465539,
                                            "rx_pps": 982184.239076585,
                                            "time_ms": 1542975576094,
                                            "total_tx_pps": 1162574,
                                            "tx_pkts": 34877234,
                                            "tx_pps": 1162574
                                        },
                                        {
                                            "drop_pct": 988385,
                                            "drop_percentage": 3.148774861410707,
                                            "rx_pkts": 30401125,
                                            "rx_pps": 1013369.8648210821,
                                            "time_ms": 1542975608140,
                                            "total_tx_pps": 1046317,
                                            "tx_pkts": 31389510,
                                            "tx_pps": 1046316
                                        },
                                        {
                                            "drop_pct": 0,
                                            "drop_percentage": 0.0,
                                            "rx_pkts": 29645650,
                                            "rx_pps": 988188.0,
                                            "time_ms": 1542975640185,
                                            "total_tx_pps": 988188,
                                            "tx_pkts": 29645650,
                                            "tx_pps": 988188
                                        },
                                        {
                                            "drop_pct": 0,
                                            "drop_percentage": 0.0,
                                            "ndr_pps": 508626,
                                            "rx_pkts": 30517580,
                                            "rx_pps": 1017252.0,
                                            "time_ms": 1542975672230,
                                            "total_tx_pps": 1017252,
                                            "tx_pkts": 30517580,
                                            "tx_pps": 1017252
                                        }
                                    ]
                                },
                                "ndr": {
                                    "duration_sec": 30.0,
                                    "initial_rate_type": "rate_percent",
                                    "l2frame_size": "64",
                                    "load_percent_per_direction": 3.41796875,
                                    "rate_bps": 683593750.0,
                                    "rate_percent": 6.8359375,