{
    "benchmarks": {
        "network": {
            "service_chain": {
                "EXT": {
                    "result": {
                        "bidirectional": true,
                        "compute_nodes": {},
                        "flow_count": 1024,
                        "profile": "traffic_profile_64B",
                        "result": {
                            "64": {
                                "iteration_stats": {
                                    "ndr_pdr": [
                                        {
                                            "drop_pct": 763862165,
                                            "drop_percentage": 93.04763028136001,
                                            "rx_pkts": 57074556,
                                            "rx_pps": 2069157.6013867026,
                                            "time_ms": 1542802217241,
                                            "total_tx_pps": 27364557,
                                            "tx_pkts": 820936721,
                                            "tx_pps": 29761904
                                        },
                                        {
                                            "drop_pct": 389287765,
                                            "drop_percentage": 87.20049401696434,
                                            "rx_pkts": 57140629,
                                            "rx_pps": 1904688.3415726644,
                                            "time_ms": 1542802249285,
                                            "total_tx_pps": 14880946,
                                            "tx_pkts": 446428394,
                                            "tx_pps": 14880952
                                        },
                                        {
                                            "drop_pct": 165466189,
                                            "drop_percentage": 74.12866128958743,
                                            "rx_pkts": 57748673,
                                            "rx_pps": 1924950.747626957,
                                            "time_ms": 1542802281325,
                                            "total_tx_pps": 7440495,
                                            "tx_pkts": 223214862,
                                            "tx_pps": 7440476
                                        },
                                        {
                                            "drop_pct": 54318473,
                                            "drop_percentage": 48.6693068297734,
                                            "rx_pkts": 57288773,
                                            "rx_pps": 1909623.9529821747,
                                            "time_ms": 1542802313367,
                                            "total_tx_pps": 3720241,
                                            "tx_pkts": 111607246,
                                            "tx_pps": 3720238
                                        },
                                        {
                                            "drop_pct": 0,
                                            "drop_percentage": 0.0,
                                            "rx_pkts": 55803570,
                                            "rx_pps": 1860118.0,
                                            "time_ms": 1542802345411,
                                            "total_tx_pps": 1860119,
                                            "tx_pkts": 55803570,
                                            "tx_pps": 1860118
                                        },
                                        {
                                            "drop_pct": 26294529,
                                            "drop_percentage": 31.413180477886,
                                            "rx_pkts": 57410873,
                                            "rx_pps": 1913694.34920573,
                                            "time_ms": 1542802377456,
                                            "total_tx_pps": 2790180,
                                            "tx_pkts": 83705402,
                                            "tx_pps": 2790178
                                        },
                                        {
                                            "drop_pct": 11034462,
                                            "drop_percentage": 15.818988006199683,
                                            "rx_pkts": 58720076,
                                            "rx_pps": 1957333.116753608,
                                            "time_ms": 1542802409499,
                                            "total_tx_pps": 2325151,
                                            "tx_pkts": 69754538,
                                            "tx_pps": 2325148
                                        },
                                        {
                                            "drop_pct": 4357954,
                                            "drop_percentage": 6.941732287277464,
                                            "rx_pkts": 58421102,
                                            "rx_pps": 1947367.0888021,
                                            "time_ms": 1542802441544,
                                            "total_tx_pps": 2092635,
                                            "tx_pkts": 62779056,
                                            "tx_pps": 2092632
                                        },
                                        {
                                            "drop_pct": 1513491,
                                            "drop_percentage": 2.5526348509269248,
                                            "rx_pkts": 57777833,
                                            "rx_pps": 1925926.3374386444,
                                            "time_ms": 1542802473592,
                                            "total_tx_pps": 1976377,
                                            "tx_pkts": 59291324,
                                            "tx_pps": 1976376
                                        },
                                        {
                                            "drop_pct": 0,
                                            "drop_percentage": 0.0,
                                            "rx_pkts": 57547398,
                                            "rx_pps": 1918246.0,
                                            "time_ms": 1542802505637,
                                            "total_tx_pps": 1918246,
                                            "tx_pkts": 57547398,
                                            "tx_pps": 1918246
                                        },
                                        {
                                            "drop_pct": 950155,
                                            "drop_percentage": 1.6264399562404965,
                                            "ndr_pps": 959123,
                                            "rx_pkts": 57469155,
                                            "rx_pps": 1915640.139559334,
                                            "time_ms": 1542802537681,
                                            "total_tx_pps": 1947310,
                                            "tx_pkts": 58419310,
                                            "tx_pps": 1947312
                                        }
                                    ]
                                },
                                "ndr": {
                                    "duration_sec": 30.0,
                                    "initial_rate_type": "rate_percent",
                                    "l2frame_size": "64",
                                    "load_percent_per_direction": 6.4453125,
                                    "rate_bps": 1289062500.0,