{
    "benchmarks": {
        "network": {
            "service_chain": {
                "EXT": {
                    "result": {
                        "bidirectional": true,
                        "compute_nodes": {},
                        "flow_count": 1000,
                        "profile": "traffic_profile_64B",
                        "result": {
                            "64": {
                                "iteration_stats": {
                                    "ndr_pdr": [
                                        {
                                            "drop_pct": 1196127572,
                                            "drop_percentage": 95.9195458643223,
                                            "rx_pkts": 50883724,
                                            "rx_pps": 2898049.7603380396,
                                            "time_ms": 1542017146229,
                                            "total_tx_pps": 41567043,
                                            "tx_pkts": 1247011296,
                                            "tx_pps": 71022726,
                                            "warning": "WARNING: There is a significant difference between requested TX rate (71022726) and actual TX rate (41567043). The traffic generator may not have sufficient CPU to achieve the requested TX rate."
                                        },
                                        {
                                            "drop_pct": 1014278151,
                                            "drop_percentage": 95.21035712971802,
                                            "rx_pkts": 51024177,
                                            "rx_pps": 1700867.4181730244,
                                            "time_ms": 1542017178278,
                                            "total_tx_pps": 35510077,
                                            "tx_pkts": 1065302328,
                                            "tx_pps": 35511362
                                        },
                                        {
                                            "drop_pct": 481043029,
                                            "drop_percentage": 90.30757303379983,
                                            "rx_pkts": 51628831,
                                            "rx_pps": 1720956.316352211,
                                            "time_ms": 1542017210327,
                                            "total_tx_pps": 17755728,
                                            "tx_pkts": 532671860,
                                            "tx_pps": 17755680
                                        },
                                        {
                                            "drop_pct": 214632620,
                                            "drop_percentage": 80.58686163410394,
                                            "rx_pkts": 51704368,
                                            "rx_pps": 1723467.3631028668,
                                            "time_ms": 1542017242376,
                                            "total_tx_pps": 8877899,
                                            "tx_pkts": 266336988,
                                            "tx_pps": 8877840
                                        },
                                        {
                                            "drop_pct": 82487764,
                                            "drop_percentage": 61.94303375271208,
                                            "rx_pkts": 50679372,
                                            "rx_pps": 1689318.286144113,
                                            "time_ms": 1542017274426,
                                            "total_tx_pps": 4438904,
                                            "tx_pkts": 133167136,
                                            "tx_pps": 4438920
                                        },
                                        {
                                            "drop_pct": 16824826,
                                            "drop_percentage": 25.268637303340384,
                                            "rx_pkts": 49759002,
                                            "rx_pps": 1658632.7025072817,
                                            "time_ms": 1542017306471,
                                            "total_tx_pps": 2219460,
                                            "tx_pkts": 66583828,
                                            "tx_pps": 2219460
                                        },
                                        {
                                            "drop_pct": 0,
                                            "drop_percentage": 0.0,
                                            "rx_pkts": 33291876,
                                            "rx_pps": 1109730.0,
                                            "time_ms": 1542017338518,
                                            "total_tx_pps": 1109729,
                                            "tx_pkts": 33291876,
                                            "tx_pps": 1109730
                                        },
                                        {
                                            "drop_pct": 556555,
                                            "drop_percentage": 1.1144948266918542,
                                            "rx_pkts": 49381317,
                                            "rx_pps": 1646042.185984577,
                                            "time_ms": 1542017370570,
                                            "total_tx_pps": 1664595,
                                            "tx_pkts": 49937872,
                                            "tx_pps": 1664594
                                        },
                                        {
                                            "drop_pct": 0,
                                            "drop_percentage": 0.0,
                                            "rx_pkts": 41614888,
                                            "rx_pps": 1387162.0,
                                            "time_ms": 1542017402619,
                                            "total_tx_pps": 1387162,
                                            "tx_pkts": 41614888,
                                            "tx_pps": 1387162
                                        },
                                        {
                                            "drop_pct": 0,
                                            "drop_percentage": 0.0,
                                            "rx_pkts": 45776308,
                                            "rx_pps": 1525878.0,
                                            "time_ms": 1542017434668,
                                            "total_tx_pps": 1525876,
                                            "tx_pkts": 45776308,
                                            "tx_pps": 1525878
                                        },
                                        {
                                            "drop_pct": 284,
                                            "drop_percentage": 0.0005934324248467983,
                                            "ndr_pps": 797618,
                                            "rx_pkts": 47856892,
                                            "rx_pps": 1595226.533352323,
                                            "time_ms": 1542017466717,
                                            "total_tx_pps": 1595239,
                                            "tx_pkts": 47857176,
                                            "tx_pps": 1595236
                                        }
                                    ]
                                },
                                "ndr": {
                                    "actual_l2frame_size": "68",
                                    "duration_sec": 30.0,