{
    "benchmarks": {
        "network": {
            "service_chain": {
                "EXT": {
                    "result": {
                        "bidirectional": true,
                        "compute_nodes": {},
                        "flow_count": 1000,
                        "profile": "traffic_profile_64B",
                        "result": {
                            "64": {
                                "iteration_stats": {
                                    "ndr_pdr": [
                                        {
                                            "drop_pct": 1227113041,
                                            "drop_percentage": 98.2932629243956,
                                            "rx_pkts": 21307252,
                                            "rx_pps": 1212171.1967469219,
                                            "time_ms": 1541766197896,
                                            "total_tx_pps": 41614009,
                                            "tx_pkts": 1248420293,
                                            "tx_pps": 71022726,
                                            "warning": "WARNING: There is a significant difference between requested TX rate (71022726) and actual TX rate (41614009). The traffic generator may not have sufficient CPU to achieve the requested TX rate."
                                        },
                                        {
                                            "drop_pct": 1044999384,
                                            "drop_percentage": 98.09054154684125,
                                            "rx_pkts": 20342256,
                                            "rx_pps": 678074.7035408036,
                                            "time_ms": 1541766229937,
                                            "total_tx_pps": 35511388,
                                            "tx_pkts": 1065341640,
                                            "tx_pps": 35511362
                                        },
                                        {
                                            "drop_pct": 512730468,
                                            "drop_percentage": 96.25634660900876,
                                            "rx_pkts": 19941388,
                                            "rx_pps": 664711.1164135537,
                                            "time_ms": 1541766261986,
                                            "total_tx_pps": 17755728,
                                            "tx_pkts": 532671856,
                                            "tx_pps": 17755680
                                        },
                                        {
                                            "drop_pct": 247406473,
                                            "drop_percentage": 92.8926993189754,
                                            "rx_pkts": 18929283,
                                            "rx_pps": 630974.782780274,
                                            "time_ms": 1541766294035,
                                            "total_tx_pps": 8877858,
                                            "tx_pkts": 266335756,
                                            "tx_pps": 8877840
                                        },
                                        {
                                            "drop_pct": 119239672,
                                            "drop_percentage": 89.54095401538217,
                                            "rx_pkts": 13928076,
                                            "rx_pps": 464268.68402039784,
                                            "time_ms": 1541766326088,
                                            "total_tx_pps": 4438924,
                                            "tx_pkts": 133167748,
                                            "tx_pps": 4438920
                                        },
                                        {
                                            "drop_pct": 56785607,
                                            "drop_percentage": 85.28438829226751,
                                            "rx_pkts": 9798217,
                                            "rx_pps": 326607.11560843955,
                                            "time_ms": 1541766358132,
                                            "total_tx_pps": 2219460,
                                            "tx_pkts": 66583824,
                                            "tx_pps": 2219460
                                        },
                                        {
                                            "drop_pct": 25183613,
                                            "drop_percentage": 75.64484739054308,
                                            "rx_pkts": 8108295,
                                            "rx_pps": 270276.4350529263,
                                            "time_ms": 1541766390173,
                                            "total_tx_pps": 1109730,
                                            "tx_pkts": 33291908,
                                            "tx_pps": 1109730
                                        },
                                        {
                                            "drop_pct": 9618077,
                                            "drop_percentage": 57.780262064852266,
                                            "rx_pkts": 7027879,
                                            "rx_pps": 234262.12669647814,
                                            "time_ms": 1541766422217,
                                            "total_tx_pps": 554865,
                                            "tx_pkts": 16645956,
                                            "tx_pps": 554864
                                        },
                                        {
                                            "drop_pct": 2417530,
                                            "drop_percentage": 29.04644730613314,
                                            "rx_pkts": 5905450,
                                            "rx_pps": 196847.86030964873,
                                            "time_ms": 1541766454263,
                                            "total_tx_pps": 277432,
                                            "tx_pkts": 8322980,
                                            "tx_pps": 277432
                                        },
                                        {
                                            "drop_pct": 82139,
                                            "drop_percentage": 1.9737891830998913,
                                            "rx_pkts": 4079349,
                                            "rx_pps": 135978.03859677116,
                                            "time_ms": 1541766486311,
                                            "total_tx_pps": 138716,
                                            "tx_pkts": 4161488,
                                            "tx_pps": 138716
                                        },
                                        {
                                            "drop_pct": 0,
                                            "drop_percentage": 0.0,
                                            "ndr_pps": 34679,
                                            "rx_pkts": 2080744,
                                            "rx_pps": 69358.0,
                                            "time_ms": 1541766518362,
                                            "total_tx_pps": 69358,
                                            "tx_pkts": 2080744,
                                            "tx_pps": 69358
                                        }
                                    ]
                                },
                                "ndr": {
                                    "actual_l2frame_size": "68",