{
    "benchmarks": {
        "network": {
            "service_chain": {
                "EXT": {
                    "result": {
                        "bidirectional": true,
                        "compute_nodes": {},
                        "flow_count": 1024,
                        "profile": "traffic_profile_IMIX",
                        "result": {
                            "IMIX": {
                                "iteration_stats": {
                                    "ndr_pdr": [
                                        {
                                            "drop_pct": 141883473,
                                            "drop_percentage": 72.23479568591858,
                                            "rx_pkts": 54536371,
                                            "rx_pps": 1817887.325874355,
                                            "time_ms": 1544164746709,
                                            "total_tx_pps": 6547328,
                                            "tx_pkts": 196419844,
                                            "tx_pps": 6547358
                                        },
                                        {
                                            "drop_pct": 42757610,
                                            "drop_percentage": 43.53676218143915,
                                            "rx_pkts": 55452748,
                                            "rx_pps": 1848424.5945539062,
                                            "time_ms": 1544164778754,
                                            "total_tx_pps": 3273678,
                                            "tx_pkts": 98210358,
                                            "tx_pps": 3273678
                                        },
                                        {
                                            "drop_pct": 0,
                                            "drop_percentage": 0.0,
                                            "rx_pkts": 49105274,
                                            "rx_pps": 1636838.0,
                                            "time_ms": 1544164810800,
                                            "total_tx_pps": 1636842,
                                            "tx_pkts": 49105274,
                                            "tx_pps": 1636838
                                        },
                                        {
                                            "drop_pct": 17868219,
                                            "drop_percentage": 24.258315308617707,
                                            "rx_pkts": 55789901,
                                            "rx_pps": 1859653.772719939,
                                            "time_ms": 1544164842844,
                                            "total_tx_pps": 2455270,
                                            "tx_pkts": 73658120,
                                            "tx_pps": 2455258
                                        },
                                        {
                                            "drop_pct": 3046910,
                                            "drop_percentage": 4.963892035694419,
                                            "rx_pkts": 58334562,
                                            "rx_pps": 1944484.386281515,
                                            "time_ms": 1544164874889,
                                            "total_tx_pps": 2046049,
                                            "tx_pkts": 61381472,
                                            "tx_pps": 2046048
                                        },
                                        {
                                            "drop_pct": 0,
                                            "drop_percentage": 0.0,
                                            "rx_pkts": 55243560,
                                            "rx_pps": 1841444.0,
                                            "time_ms": 1544164906933,
                                            "total_tx_pps": 1841452,
                                            "tx_pkts": 55243560,
                                            "tx_pps": 1841444
                                        },
                                        {
                                            "drop_pct": 0,
                                            "drop_percentage": 0.0,
                                            "rx_pkts": 58312656,
                                            "rx_pps": 1943746.0,
                                            "time_ms": 1544164938975,
                                            "total_tx_pps": 1943755,
                                            "tx_pkts": 58312656,
                                            "tx_pps": 1943746
                                        },
                                        {
                                            "drop_pct": 0,
                                            "drop_percentage": 0.0,
                                            "rx_pkts": 59847192,
                                            "rx_pps": 1994898.0,
                                            "time_ms": 1544164971018,
                                            "total_tx_pps": 1994906,
                                            "tx_pkts": 59847192,
                                            "tx_pps": 1994898
                                        },
                                        {
                                            "drop_pct": 0,
                                            "drop_percentage": 0.0,
                                            "rx_pkts": 60614230,
                                            "rx_pps": 2020474.0,
                                            "time_ms": 1544165003062,
                                            "total_tx_pps": 2020474,
                                            "tx_pkts": 60614230,
                                            "tx_pps": 2020474
                                        },
                                        {
                                            "drop_pct": 0,
                                            "drop_percentage": 0.0,
                                            "rx_pkts": 60997840,
                                            "rx_pps": 2033260.0,
                                            "time_ms": 1544165035107,
                                            "total_tx_pps": 2033261,
                                            "tx_pkts": 60997840,
                                            "tx_pps": 2033260
                                        },
                                        {
                                            "drop_pct": 0,
                                            "drop_percentage": 0.0,
                                            "ndr_pps": 1019827,
                                            "rx_pkts": 61189802,
                                            "rx_pps": 2039654.0,
                                            "time_ms": 1544165067149,
                                            "total_tx_pps": 2039660,
                                            "tx_pkts": 61189802,
                                            "tx_pps": 2039654
                                        }
                                    ]
                                },
                                "ndr": {
                                    "duration_sec": 30.0,
                                    "initial_rate_type": "rate_percent",
                                    "l2frame_size": "IMIX",
                                    "load_percent_per_direction": 31.15234375,
                                    "rate_bps": 6230468750.0,
                                    "rate_percent": 62.3046875,
                                    "rate_pps": 2039654,