{
    "benchmarks": {
        "network": {
            "service_chain": {
                "EXT": {
                    "result": {
                        "bidirectional": true,
                        "compute_nodes": {},
                        "flow_count": 1024,
                        "profile": "traffic_profile_IMIX",
                        "result": {
                            "IMIX": {
                                "iteration_stats": {
                                    "ndr_pdr": [
                                        {
                                            "drop_pct": 83380393,
                                            "drop_percentage": 42.450086153209654,
                                            "rx_pkts": 113039451,
                                            "rx_pps": 3767998.8882409353,
                                            "time_ms": 1544163847098,
                                            "total_tx_pps": 6547328,
                                            "tx_pkts": 196419844,
                                            "tx_pps": 6547358
                                        },
                                        {
                                            "drop_pct": 0,
                                            "drop_percentage": 0.0,
                                            "rx_pkts": 98210358,
                                            "rx_pps": 3273678.0,
                                            "time_ms": 1544163879143,
                                            "total_tx_pps": 3273678,
                                            "tx_pkts": 98210358,
                                            "tx_pps": 3273678
                                        },
                                        {
                                            "drop_pct": 34801707,
                                            "drop_percentage": 23.6238502622207,
                                            "rx_pkts": 112514275,
                                            "rx_pps": 3750464.580580605,
                                            "time_ms": 1544163911190,
                                            "total_tx_pps": 4910532,
                                            "tx_pkts": 147315982,
                                            "tx_pps": 4910518
                                        },
                                        {
                                            "drop_pct": 10925635,
                                            "drop_percentage": 8.899735807656583,
                                            "rx_pkts": 111837953,
                                            "rx_pps": 3727912.0890096007,
                                            "time_ms": 1544163943234,
                                            "total_tx_pps": 4092119,
                                            "tx_pkts": 122763588,
                                            "tx_pps": 4092098
                                        },
                                        {
                                            "drop_pct": 0,
                                            "drop_percentage": 0.0,
                                            "rx_pkts": 110486666,
                                            "rx_pps": 3682888.0,
                                            "time_ms": 1544163975278,
                                            "total_tx_pps": 3682888,
                                            "tx_pkts": 110486666,
                                            "tx_pps": 3682888
                                        },
                                        {
                                            "drop_pct": 4084985,
                                            "drop_percentage": 3.5026485264762273,
                                            "rx_pkts": 112540619,
                                            "rx_pps": 3751328.7486921484,
                                            "time_ms": 1544164007323,
                                            "total_tx_pps": 3887520,
                                            "tx_pkts": 116625604,
                                            "tx_pps": 3887494
                                        },
                                        {
                                            "drop_pct": 0,
                                            "drop_percentage": 0.0,
                                            "rx_pkts": 113556162,
                                            "rx_pps": 3785192.0,
                                            "time_ms": 1544164039367,
                                            "total_tx_pps": 3785205,
                                            "tx_pkts": 113556162,
                                            "tx_pps": 3785192
                                        },
                                        {
                                            "drop_pct": 4236197,
                                            "drop_percentage": 3.6807473439464373,
                                            "rx_pkts": 110854479,
                                            "rx_pps": 3695135.9437302984,
                                            "time_ms": 1544164071407,
                                            "total_tx_pps": 3836355,
                                            "tx_pkts": 115090676,
                                            "tx_pps": 3836342
                                        },
                                        {
                                            "drop_pct": 2924353,
                                            "drop_percentage": 2.557965788660801,
                                            "rx_pkts": 111399029,
                                            "rx_pps": 3713287.9094340825,
                                            "time_ms": 1544164103452,
                                            "total_tx_pps": 3810779,
                                            "tx_pkts": 114323382,
                                            "tx_pps": 3810766
                                        },
                                        {
                                            "drop_pct": 3385911,
                                            "drop_percentage": 2.97168774271213,
                                            "rx_pkts": 110553079,
                                            "rx_pps": 3685113.9533030964,
                                            "time_ms": 1544164135499,
                                            "total_tx_pps": 3797966,
                                            "tx_pkts": 113938990,
                                            "tx_pps": 3797978
                                        },
                                        {
                                            "drop_pct": 2807812,
                                            "drop_percentage": 2.4684479058793047,
                                            "ndr_pps": 1892596,
                                            "rx_pkts": 110940264,
                                            "rx_pps": 3697990.724152345,
                                            "time_ms": 1544164167539,
                                            "total_tx_pps": 3791602,
                                            "tx_pkts": 113748076,
                                            "tx_pps": 3791584
                                        }
                                    ]
                                },
                                "ndr": {
                                    "duration_sec": 30.0,
                                    "initial_rate_type": "rate_percent",
                                    "l2frame_size": "IMIX",
                                    "load_percent_per_direction": 57.8125,
                                    "rate_bps": 11562500000.0,