{
    "benchmarks": {
        "network": {
            "service_chain": {
                "EXT": {
                    "result": {
                        "bidirectional": true,
                        "compute_nodes": {},
                        "flow_count": 1024,
                        "profile": "traffic_profile_IMIX",
                        "result": {
                            "IMIX": {
                                "iteration_stats": {
                                    "ndr_pdr": [
                                        {
                                            "drop_pct": 182639764,
                                            "drop_percentage": 92.98437483740187,
                                            "rx_pkts": 13780080,
                                            "rx_pps": 459338.09533338144,
                                            "time_ms": 1544166826784,
                                            "total_tx_pps": 6547328,
                                            "tx_pkts": 196419844,
                                            "tx_pps": 6547358
                                        },
                                        {
                                            "drop_pct": 84510294,
                                            "drop_percentage": 86.0502860604581,
                                            "rx_pkts": 13700064,
                                            "rx_pps": 456668.7163017163,
                                            "time_ms": 1544166858829,
                                            "total_tx_pps": 3273678,
                                            "tx_pkts": 98210358,
                                            "tx_pps": 3273678
                                        },
                                        {
                                            "drop_pct": 35484036,
                                            "drop_percentage": 72.26115060471916,
                                            "rx_pkts": 13621238,
                                            "rx_pps": 454040.02766472695,
                                            "time_ms": 1544166890875,
                                            "total_tx_pps": 1636842,
                                            "tx_pkts": 49105274,
                                            "tx_pps": 1636838
                                        },
                                        {
                                            "drop_pct": 10505967,
                                            "drop_percentage": 42.78941165229474,
                                            "rx_pkts": 14046759,
                                            "rx_pps": 468221.7529435225,
                                            "time_ms": 1544166922919,
                                            "total_tx_pps": 818424,
                                            "tx_pkts": 24552726,
                                            "tx_pps": 818418
                                        },
                                        {
                                            "drop_pct": 0,
                                            "drop_percentage": 0.0,
                                            "rx_pkts": 12276434,
                                            "rx_pps": 409208.0,
                                            "time_ms": 1544166954964,
                                            "total_tx_pps": 409214,
                                            "tx_pkts": 12276434,
                                            "tx_pps": 409208
                                        },
                                        {
                                            "drop_pct": 4318654,
                                            "drop_percentage": 23.452367298600848,
                                            "rx_pkts": 14095922,
                                            "rx_pps": 469860.08618976624,
                                            "time_ms": 1544166987009,
                                            "total_tx_pps": 613819,
                                            "tx_pkts": 18414576,
                                            "tx_pps": 613814
                                        },
                                        {
                                            "drop_pct": 0,
                                            "drop_percentage": 0.0,
                                            "rx_pkts": 15345498,
                                            "rx_pps": 511512.0,
                                            "time_ms": 1544167019054,
                                            "total_tx_pps": 511516,
                                            "tx_pkts": 15345498,
                                            "tx_pps": 511512
                                        },
                                        {
                                            "drop_pct": 2507616,
                                            "drop_percentage": 14.855492219814385,
                                            "rx_pkts": 14372444,
                                            "rx_pps": 479075.790366148,
                                            "time_ms": 1544167051098,
                                            "total_tx_pps": 562668,
                                            "tx_pkts": 16880060,
                                            "tx_pps": 562662
                                        },
                                        {
                                            "drop_pct": 0,
                                            "drop_percentage": 0.0,
                                            "rx_pkts": 16112780,
                                            "rx_pps": 537088.0,
                                            "time_ms": 1544167083142,
                                            "total_tx_pps": 537092,
                                            "tx_pkts": 16112780,
                                            "tx_pps": 537088
                                        },
                                        {
                                            "drop_pct": 0,
                                            "drop_percentage": 0.0,
                                            "rx_pkts": 16496400,
                                            "rx_pps": 549874.0,
                                            "time_ms": 1544167115187,
                                            "total_tx_pps": 549880,
                                            "tx_pkts": 16496400,
                                            "tx_pps": 549874
                                        },
                                        {
                                            "drop_pct": 0,
                                            "drop_percentage": 0.0,
                                            "ndr_pps": 278134,
                                            "rx_pkts": 16688232,
                                            "rx_pps": 556268.0,
                                            "time_ms": 1544167147234,
                                            "total_tx_pps": 556274,
                                            "tx_pkts": 16688232,
                                            "tx_pps": 556268
                                        }
                                    ]
                                },
                                "ndr": {
                                    "duration_sec": 30.0,
                                    "initial_rate_type": "rate_percent",
                                    "l2frame_size": "IMIX",
                                    "load_percent_per_direction": 8.49609375,
                                    "rate_bps": 1699218750.0,
                                    "rate_percent": 16.9921875,
                                    "rate_pps": 556268,