{
    "benchmarks": {
        "network": {
            "service_chain": {
                "EXT": {
                    "result": {
                        "bidirectional": true,
                        "compute_nodes": {},
                        "flow_count": 1024,
                        "profile": "traffic_profile_IMIX",
                        "result": {
                            "IMIX": {
                                "iteration_stats": {
                                    "ndr_pdr": [
                                        {
                                            "drop_pct": 168269010,
                                            "drop_percentage": 85.6680295500082,
                                            "rx_pkts": 28150834,
                                            "rx_pps": 938365.4138151741,
                                            "time_ms": 1544165766465,
                                            "total_tx_pps": 6547328,
                                            "tx_pkts": 196419844,
                                            "tx_pps": 6547358
                                        },
                                        {
                                            "drop_pct": 70081051,
                                            "drop_percentage": 71.35810562873623,
                                            "rx_pkts": 28129307,
                                            "rx_pps": 937643.3948153006,
                                            "time_ms": 1544165798509,
                                            "total_tx_pps": 3273678,
                                            "tx_pkts": 98210358,
                                            "tx_pps": 3273678
                                        },
                                        {
                                            "drop_pct": 21067363,
                                            "drop_percentage": 42.902444653908255,
                                            "rx_pkts": 28037911,
                                            "rx_pps": 934594.4829758612,
                                            "time_ms": 1544165830554,
                                            "total_tx_pps": 1636842,
                                            "tx_pkts": 49105274,
                                            "tx_pps": 1636838
                                        },
                                        {
                                            "drop_pct": 0,
                                            "drop_percentage": 0.0,
                                            "rx_pkts": 24552726,
                                            "rx_pps": 818418.0,
                                            "time_ms": 1544165862601,
                                            "total_tx_pps": 818424,
                                            "tx_pkts": 24552726,
                                            "tx_pps": 818418
                                        },
                                        {
                                            "drop_pct": 8252788,
                                            "drop_percentage": 22.408424763213464,
                                            "rx_pkts": 28576164,
                                            "rx_pps": 952535.9032478578,
                                            "time_ms": 1544165894645,
                                            "total_tx_pps": 1227631,
                                            "tx_pkts": 36828952,
                                            "tx_pps": 1227628
                                        },
                                        {
                                            "drop_pct": 0,
                                            "drop_percentage": 0.0,
                                            "rx_pkts": 30690904,
                                            "rx_pps": 1023024.0,
                                            "time_ms": 1544165926688,
                                            "total_tx_pps": 1023030,
                                            "tx_pkts": 30690904,
                                            "tx_pps": 1023024
                                        },
                                        {
                                            "drop_pct": 0,
                                            "drop_percentage": 0.0,
                                            "rx_pkts": 33759970,
                                            "rx_pps": 1125326.0,
                                            "time_ms": 1544165958733,
                                            "total_tx_pps": 1125332,
                                            "tx_pkts": 33759970,
                                            "tx_pps": 1125326
                                        },
                                        {
                                            "drop_pct": 6707130,
                                            "drop_percentage": 19.003328053757496,
                                            "rx_pkts": 28587372,
                                            "rx_pps": 952908.0261797148,
                                            "time_ms": 1544165990782,
                                            "total_tx_pps": 1176483,
                                            "tx_pkts": 35294502,
                                            "tx_pps": 1176478
                                        },
                                        {
                                            "drop_pct": 5974330,
                                            "drop_percentage": 17.303268590515483,
                                            "rx_pkts": 28552846,
                                            "rx_pps": 951758.3357263855,
                                            "time_ms": 1544166022827,
                                            "total_tx_pps": 1150905,
                                            "tx_pkts": 34527176,
                                            "tx_pps": 1150902
                                        },
                                        {
                                            "drop_pct": 5961415,
                                            "drop_percentage": 17.459810963330213,
                                            "rx_pkts": 28182225,
                                            "rx_pps": 939401.4470528039,
                                            "time_ms": 1544166054873,
                                            "total_tx_pps": 1138121,
                                            "tx_pkts": 34143640,
                                            "tx_pps": 1138114
                                        },
                                        {
                                            "drop_pct": 5370120,
                                            "drop_percentage": 15.816879384704743,
                                            "ndr_pps": 562663,
                                            "rx_pkts": 28581710,
                                            "rx_pps": 952717.2126274194,
                                            "time_ms": 1544166086917,
                                            "total_tx_pps": 1131727,
                                            "tx_pkts": 33951830,
                                            "tx_pps": 1131720
                                        }
                                    ]
                                },
                                "ndr": {
                                    "duration_sec": 30.0,
                                    "initial_rate_type": "rate_percent",
                                    "l2frame_size": "IMIX",
                                    "load_percent_per_direction": 17.1875,
                                    "rate_bps": 3437500000.0,
                                    "rate_percent": 34.375,