{
    "benchmarks": {
        "network": {
            "service_chain": {
                "EXT": {
                    "result": {
                        "bidirectional": true,
                        "compute_nodes": {},
                        "flow_count": 1024,
                        "profile": "traffic_profile_IMIX",
                        "result": {
                            "IMIX": {
                                "iteration_stats": {
                                    "ndr_pdr": [
                                        {
                                            "drop_pct": 177941512,
                                            "drop_percentage": 90.5924311802223,
                                            "rx_pkts": 18478332,
                                            "rx_pps": 615947.2097272205,
                                            "time_ms": 1544166227621,
                                            "total_tx_pps": 6547328,
                                            "tx_pkts": 196419844,
                                            "tx_pps": 6547358
                                        },
                                        {
                                            "drop_pct": 79755458,
                                            "drop_percentage": 81.20880487982744,
                                            "rx_pkts": 18454900,
                                            "rx_pps": 615163.2205861626,
                                            "time_ms": 1544166259666,
                                            "total_tx_pps": 3273678,
                                            "tx_pkts": 98210358,
                                            "tx_pps": 3273678
                                        },
                                        {
                                            "drop_pct": 30696822,
                                            "drop_percentage": 62.51227108517916,
                                            "rx_pkts": 18408452,
                                            "rx_pps": 613613.3922147752,
                                            "time_ms": 1544166291712,
                                            "total_tx_pps": 1636842,
                                            "tx_pkts": 49105274,
                                            "tx_pps": 1636838
                                        },
                                        {
                                            "drop_pct": 6074807,
                                            "drop_percentage": 24.74188405800643,
                                            "rx_pkts": 18477919,
                                            "rx_pps": 615925.9673301448,
                                            "time_ms": 1544166323757,
                                            "total_tx_pps": 818424,
                                            "tx_pkts": 24552726,
                                            "tx_pps": 818418
                                        },
                                        {
                                            "drop_pct": 0,
                                            "drop_percentage": 0.0,
                                            "rx_pkts": 12276434,
                                            "rx_pps": 409208.0,
                                            "time_ms": 1544166355800,
                                            "total_tx_pps": 409214,
                                            "tx_pkts": 12276434,
                                            "tx_pps": 409208
                                        },
                                        {
                                            "drop_pct": 0,
                                            "drop_percentage": 0.0,
                                            "rx_pkts": 18414576,
                                            "rx_pps": 613814.0,
                                            "time_ms": 1544166387845,
                                            "total_tx_pps": 613819,
                                            "tx_pkts": 18414576,
                                            "tx_pps": 613814
                                        },
                                        {
                                            "drop_pct": 0,
                                            "drop_percentage": 0.0,
                                            "rx_pkts": 21483660,
                                            "rx_pps": 716116.0,
                                            "time_ms": 1544166419892,
                                            "total_tx_pps": 716122,
                                            "tx_pkts": 21483660,
                                            "tx_pps": 716116
                                        },
                                        {
                                            "drop_pct": 4643875,
                                            "drop_percentage": 20.174801724236055,
                                            "rx_pkts": 18374319,
                                            "rx_pps": 612473.2023064884,
                                            "time_ms": 1544166451937,
                                            "total_tx_pps": 767273,
                                            "tx_pkts": 23018194,
                                            "tx_pps": 767268
                                        },
                                        {
                                            "drop_pct": 0,
                                            "drop_percentage": 0.0,
                                            "rx_pkts": 22250950,
                                            "rx_pps": 741692.0,
                                            "time_ms": 1544166483982,
                                            "total_tx_pps": 741698,
                                            "tx_pkts": 22250950,
                                            "tx_pps": 741692
                                        },
                                        {
                                            "drop_pct": 4073943,
                                            "drop_percentage": 17.99877426367239,
                                            "rx_pkts": 18560615,
                                            "rx_pps": 618682.8479354446,
                                            "time_ms": 1544166516029,
                                            "total_tx_pps": 754485,
                                            "tx_pkts": 22634558,
                                            "tx_pps": 754480
                                        },
                                        {
                                            "drop_pct": 4031893,
                                            "drop_percentage": 17.965237590334304,
                                            "ndr_pps": 370846,
                                            "rx_pkts": 18410855,
                                            "rx_pps": 613690.5727199716,
                                            "time_ms": 1544166548074,
                                            "total_tx_pps": 748091,
                                            "tx_pkts": 22442748,
                                            "tx_pps": 748086
                                        }
                                    ]
                                },
                                "ndr": {
                                    "duration_sec": 30.0,
                                    "initial_rate_type": "rate_percent",
                                    "l2frame_size": "IMIX",
                                    "load_percent_per_direction": 11.328125,
                                    "rate_bps": 2265625000.0,
                                    "rate_percent": 22.65625,
                                    "rate_pps": 741692,