{
    "benchmarks": {
        "network": {
            "service_chain": {
                "EXT": {
                    "result": {
                        "bidirectional": true,
                        "compute_nodes": {},
                        "flow_count": 1024,
                        "profile": "traffic_profile_IMIX",
                        "result": {
                            "IMIX": {
                                "iteration_stats": {
                                    "ndr_pdr": [
                                        {
                                            "drop_pct": 102300197,
                                            "drop_percentage": 52.08241434098685,
                                            "rx_pkts": 94119647,
                                            "rx_pps": 3137335.87805225,
                                            "time_ms": 1544191760899,
                                            "total_tx_pps": 6547328,
                                            "tx_pkts": 196419844,
                                            "tx_pps": 6547358
                                        },
                                        {
                                            "drop_pct": 3935219,
                                            "drop_percentage": 4.006928678541219,
                                            "rx_pkts": 94275139,
                                            "rx_pps": 3142504.0573749053,
                                            "time_ms": 1544191792945,
                                            "total_tx_pps": 3273678,
                                            "tx_pkts": 98210358,
                                            "tx_pps": 3273678
                                        },
                                        {
                                            "drop_pct": 0,
                                            "drop_percentage": 0.0,
                                            "rx_pkts": 49105274,
                                            "rx_pps": 1636838.0,
                                            "time_ms": 1544191824991,
                                            "total_tx_pps": 1636842,
                                            "tx_pkts": 49105274,
                                            "tx_pps": 1636838
                                        },
                                        {
                                            "drop_pct": 0,
                                            "drop_percentage": 0.0,
                                            "rx_pkts": 73658120,
                                            "rx_pps": 2455258.0,
                                            "time_ms": 1544191857035,
                                            "total_tx_pps": 2455270,
                                            "tx_pkts": 73658120,
                                            "tx_pps": 2455258
                                        },
                                        {
                                            "drop_pct": 0,
                                            "drop_percentage": 0.0,
                                            "rx_pkts": 85934244,
                                            "rx_pps": 2864468.0,
                                            "time_ms": 1544191889082,
                                            "total_tx_pps": 2864474,
                                            "tx_pkts": 85934244,
                                            "tx_pps": 2864468
                                        },
                                        {
                                            "drop_pct": 0,
                                            "drop_percentage": 0.0,
                                            "rx_pkts": 92071984,
                                            "rx_pps": 3069074.0,
                                            "time_ms": 1544191921127,
                                            "total_tx_pps": 3069066,
                                            "tx_pkts": 92071984,
                                            "tx_pps": 3069074
                                        },
                                        {
                                            "drop_pct": 0,
                                            "drop_percentage": 0.0,
                                            "rx_pkts": 95141384,
                                            "rx_pps": 3171376.0,
                                            "time_ms": 1544191953170,
                                            "total_tx_pps": 3171379,
                                            "tx_pkts": 95141384,
                                            "tx_pps": 3171376
                                        },
                                        {
                                            "drop_pct": 2534715,
                                            "drop_percentage": 2.621870918446488,
                                            "rx_pkts": 94141097,
                                            "rx_pps": 3138037.4755292046,
                                            "time_ms": 1544191985214,
                                            "total_tx_pps": 3222527,
                                            "tx_pkts": 96675812,
                                            "tx_pps": 3222528
                                        },
                                        {
                                            "drop_pct": 2463605,
                                            "drop_percentage": 2.5686941834605292,
                                            "rx_pkts": 93445243,
                                            "rx_pps": 3114832.079927975,
                                            "time_ms": 1544192017259,
                                            "total_tx_pps": 3196961,
                                            "tx_pkts": 95908848,
                                            "tx_pps": 3196952
                                        },
                                        {
                                            "drop_pct": 1395140,
                                            "drop_percentage": 1.460504315655523,
                                            "rx_pkts": 94129398,
                                            "rx_pps": 3137659.14736245,
                                            "time_ms": 1544192049306,
                                            "total_tx_pps": 3184151,
                                            "tx_pkts": 95524538,
                                            "tx_pps": 3184164
                                        },
                                        {
                                            "drop_pct": 1399246,
                                            "drop_percentage": 1.467743043313402,
                                            "ndr_pps": 1585688,
                                            "rx_pkts": 93933926,
                                            "rx_pps": 3131128.501892499,
                                            "time_ms": 1544192081349,
                                            "total_tx_pps": 3177772,
                                            "tx_pkts": 95333172,
                                            "tx_pps": 3177770
                                        }
                                    ]
                                },
                                "ndr": {
                                    "duration_sec": 30.0,
                                    "initial_rate_type": "rate_percent",
                                    "l2frame_size": "IMIX",
                                    "load_percent_per_direction": 48.4375,
                                    "rate_bps": 9687500000.0,
                                    "rate_percent": 96.875,
                                    "rate_pps": 3171376,