{
    "benchmarks": {
        "network": {
            "service_chain": {
                "EXT": {
                    "result": {
                        "bidirectional": true,
                        "compute_nodes": {},
                        "flow_count": 1024,
                        "profile": "traffic_profile_IMIX",
                        "result": {
                            "IMIX": {
                                "iteration_stats": {
                                    "ndr_pdr": [
                                        {
                                            "drop_pct": 87570788,
                                            "drop_percentage": 44.58347294074829,
                                            "rx_pkts": 108849056,
                                            "rx_pps": 3628318.417736082,
                                            "time_ms": 1544167900308,
                                            "total_tx_pps": 6547328,
                                            "tx_pkts": 196419844,
                                            "tx_pps": 6547358
                                        },
                                        {
                                            "drop_pct": 0,
                                            "drop_percentage": 0.0,
                                            "rx_pkts": 98210358,
                                            "rx_pps": 3273678.0,
                                            "time_ms": 1544167932356,
                                            "total_tx_pps": 3273678,
                                            "tx_pkts": 98210358,
                                            "tx_pps": 3273678
                                        },
                                        {
                                            "drop_pct": 39203199,
                                            "drop_percentage": 26.611640140986196,
                                            "rx_pkts": 108112783,
                                            "rx_pps": 3603748.6207816475,
                                            "time_ms": 1544167964404,
                                            "total_tx_pps": 4910532,
                                            "tx_pkts": 147315982,
                                            "tx_pps": 4910518
                                        },
                                        {
                                            "drop_pct": 14653864,
                                            "drop_percentage": 11.936653399214757,
                                            "rx_pkts": 108109724,
                                            "rx_pps": 3603638.444983801,
                                            "time_ms": 1544167996448,
                                            "total_tx_pps": 4092119,
                                            "tx_pkts": 122763588,
                                            "tx_pps": 4092098
                                        },
                                        {
                                            "drop_pct": 4141844,
                                            "drop_percentage": 3.7487274708787033,
                                            "rx_pkts": 106344822,
                                            "rx_pps": 3544826.5658223047,
                                            "time_ms": 1544168028494,
                                            "total_tx_pps": 3682888,
                                            "tx_pkts": 110486666,
                                            "tx_pps": 3682888
                                        },
                                        {
                                            "drop_pct": 0,
                                            "drop_percentage": 0.0,
                                            "rx_pkts": 104348950,
                                            "rx_pps": 3478284.0,
                                            "time_ms": 1544168060542,
                                            "total_tx_pps": 3478298,
                                            "tx_pkts": 104348950,
                                            "tx_pps": 3478284
                                        },
                                        {
                                            "drop_pct": 1385277,
                                            "drop_percentage": 1.2896170742810542,
                                            "rx_pkts": 106032423,
                                            "rx_pps": 3534410.151584683,
                                            "time_ms": 1544168092586,
                                            "total_tx_pps": 3580590,
                                            "tx_pkts": 107417700,
                                            "tx_pps": 3580586
                                        },
                                        {
                                            "drop_pct": 486862,
                                            "drop_percentage": 0.4598088953455416,
                                            "rx_pkts": 105396692,
                                            "rx_pps": 3513205.34851265,
                                            "time_ms": 1544168124632,
                                            "total_tx_pps": 3529451,
                                            "tx_pkts": 105883554,
                                            "tx_pps": 3529434
                                        },
                                        {
                                            "drop_pct": 0,
                                            "drop_percentage": 0.0,
                                            "rx_pkts": 105116108,
                                            "rx_pps": 3503860.0,
                                            "time_ms": 1544168156675,
                                            "total_tx_pps": 3503870,
                                            "tx_pkts": 105116108,
                                            "tx_pps": 3503860
                                        },
                                        {
                                            "drop_pct": 0,
                                            "drop_percentage": 0.0,
                                            "rx_pkts": 105499578,
                                            "rx_pps": 3516648.0,
                                            "time_ms": 1544168188723,
                                            "total_tx_pps": 3516652,
                                            "tx_pkts": 105499578,
                                            "tx_pps": 3516648
                                        },
                                        {
                                            "drop_pct": 607335,
                                            "drop_percentage": 0.5746284365587726,
                                            "ndr_pps": 1758324,
                                            "rx_pkts": 105084441,
                                            "rx_pps": 3502795.61032866,
                                            "time_ms": 1544168220767,
                                            "total_tx_pps": 3523059,
                                            "tx_pkts": 105691776,
                                            "tx_pps": 3523040
                                        }
                                    ]
                                },
                                "ndr": {
                                    "duration_sec": 30.0,
                                    "initial_rate_type": "rate_percent",
                                    "l2frame_size": "IMIX",
                                    "load_percent_per_direction": 53.7109375,
                                    "rate_bps": 10742187500.0,
                                    "rate_percent": 107.421875,