{
    "benchmarks": {
        "network": {
            "service_chain": {
                "EXT": {
                    "result": {
                        "bidirectional": true,
                        "compute_nodes": {},
                        "flow_count": 1024,
                        "profile": "traffic_profile_IMIX",
                        "result": {
                            "IMIX": {
                                "iteration_stats": {
                                    "ndr_pdr": [
                                        {
                                            "drop_pct": 83348496,
                                            "drop_percentage": 42.43384695896612,
                                            "rx_pkts": 113071348,
                                            "rx_pps": 3769062.126424375,
                                            "time_ms": 1544167405817,
                                            "total_tx_pps": 6547328,
                                            "tx_pkts": 196419844,
                                            "tx_pps": 6547358
                                        },
                                        {
                                            "drop_pct": 0,
                                            "drop_percentage": 0.0,
                                            "rx_pkts": 98210358,
                                            "rx_pps": 3273678.0,
                                            "time_ms": 1544167437862,
                                            "total_tx_pps": 3273678,
                                            "tx_pkts": 98210358,
                                            "tx_pps": 3273678
                                        },
                                        {
                                            "drop_pct": 35264976,
                                            "drop_percentage": 23.93832327031564,
                                            "rx_pkts": 112051006,
                                            "rx_pps": 3735022.3269129624,
                                            "time_ms": 1544167469908,
                                            "total_tx_pps": 4910532,
                                            "tx_pkts": 147315982,
                                            "tx_pps": 4910518
                                        },
                                        {
                                            "drop_pct": 11061102,
                                            "drop_percentage": 9.010083673996235,
                                            "rx_pkts": 111702486,
                                            "rx_pps": 3723396.546178073,
                                            "time_ms": 1544167501952,
                                            "total_tx_pps": 4092119,
                                            "tx_pkts": 122763588,
                                            "tx_pps": 4092098
                                        },
                                        {
                                            "drop_pct": 0,
                                            "drop_percentage": 0.0,
                                            "rx_pkts": 110486666,
                                            "rx_pps": 3682888.0,
                                            "time_ms": 1544167533997,
                                            "total_tx_pps": 3682888,
                                            "tx_pkts": 110486666,
                                            "tx_pps": 3682888
                                        },
                                        {
                                            "drop_pct": 4995508,
                                            "drop_percentage": 4.283371599944726,
                                            "rx_pkts": 111630096,
                                            "rx_pps": 3720978.186054445,
                                            "time_ms": 1544167566043,
                                            "total_tx_pps": 3887520,
                                            "tx_pkts": 116625604,
                                            "tx_pps": 3887494
                                        },
                                        {
                                            "drop_pct": 2412096,
                                            "drop_percentage": 2.1241436462074157,
                                            "rx_pkts": 111144066,
                                            "rx_pps": 3704789.084635249,
                                            "time_ms": 1544167598090,
                                            "total_tx_pps": 3785205,
                                            "tx_pkts": 113556162,
                                            "tx_pps": 3785192
                                        },
                                        {
                                            "drop_pct": 684925,
                                            "drop_percentage": 0.6114228290613081,
                                            "rx_pkts": 111336571,
                                            "rx_pps": 3711209.2269937187,
                                            "time_ms": 1544167630135,
                                            "total_tx_pps": 3734049,
                                            "tx_pkts": 112021496,
                                            "tx_pps": 3734040
                                        },
                                        {
                                            "drop_pct": 487172,
                                            "drop_percentage": 0.43788999459670935,
                                            "rx_pkts": 110767254,
                                            "rx_pps": 3692225.007190779,
                                            "time_ms": 1544167662179,
                                            "total_tx_pps": 3708480,
                                            "tx_pkts": 111254426,
                                            "tx_pps": 3708464
                                        },
                                        {
                                            "drop_pct": 420173,
                                            "drop_percentage": 0.3789771321760373,
                                            "rx_pkts": 110450105,
                                            "rx_pps": 3681670.2330806823,
                                            "time_ms": 1544167694220,
                                            "total_tx_pps": 3695675,
                                            "tx_pkts": 110870278,
                                            "tx_pps": 3695676
                                        },
                                        {
                                            "drop_pct": 0,
                                            "drop_percentage": 0.0,
                                            "ndr_pps": 1844641,
                                            "rx_pkts": 110677988,
                                            "rx_pps": 3689282.0,
                                            "time_ms": 1544167726264,
                                            "total_tx_pps": 3689266,
                                            "tx_pkts": 110677988,
                                            "tx_pps": 3689282
                                        }
                                    ]
                                },
                                "ndr": {
                                    "duration_sec": 30.0,
                                    "initial_rate_type": "rate_percent",
                                    "l2frame_size": "IMIX",
                                    "load_percent_per_direction": 56.34765625,
                                    "rate_bps": 11269531250.0,