{
    "benchmarks": {
        "network": {
            "service_chain": {
                "EXT": {
                    "result": {
                        "bidirectional": true,
                        "compute_nodes": {},
                        "flow_count": 1024,
                        "profile": "traffic_profile_IMIX",
                        "result": {
                            "IMIX": {
                                "iteration_stats": {
                                    "ndr_pdr": [
                                        {
                                            "drop_pct": 107136371,
                                            "drop_percentage": 54.54457595435215,
                                            "rx_pkts": 89283473,
                                            "rx_pps": 2976129.3426866485,
                                            "time_ms": 1544192367364,
                                            "total_tx_pps": 6547328,
                                            "tx_pkts": 196419844,
                                            "tx_pps": 6547358
                                        },
                                        {
                                            "drop_pct": 9176373,
                                            "drop_percentage": 9.34358980750279,
                                            "rx_pkts": 89033985,
                                            "rx_pps": 2967798.9560615383,
                                            "time_ms": 1544192399409,
                                            "total_tx_pps": 3273678,
                                            "tx_pkts": 98210358,
                                            "tx_pps": 3273678
                                        },
                                        {
                                            "drop_pct": 0,
                                            "drop_percentage": 0.0,
                                            "rx_pkts": 49105274,
                                            "rx_pps": 1636838.0,
                                            "time_ms": 1544192431455,
                                            "total_tx_pps": 1636842,
                                            "tx_pkts": 49105274,
                                            "tx_pps": 1636838
                                        },
                                        {
                                            "drop_pct": 0,
                                            "drop_percentage": 0.0,
                                            "rx_pkts": 73658120,
                                            "rx_pps": 2455258.0,
                                            "time_ms": 1544192463499,
                                            "total_tx_pps": 2455270,
                                            "tx_pkts": 73658120,
                                            "tx_pps": 2455258
                                        },
                                        {
                                            "drop_pct": 0,
                                            "drop_percentage": 0.0,
                                            "rx_pkts": 85934244,
                                            "rx_pps": 2864468.0,
                                            "time_ms": 1544192495544,
                                            "total_tx_pps": 2864474,
                                            "tx_pkts": 85934244,
                                            "tx_pps": 2864468
                                        },
                                        {
                                            "drop_pct": 2487599,
                                            "drop_percentage": 2.7017979758098836,
                                            "rx_pkts": 89584385,
                                            "rx_pps": 2986153.8207918922,
                                            "time_ms": 1544192527589,
                                            "total_tx_pps": 3069066,
                                            "tx_pkts": 92071984,
                                            "tx_pps": 3069074
                                        },
                                        {
                                            "drop_pct": 0,
                                            "drop_percentage": 0.0,
                                            "rx_pkts": 89003198,
                                            "rx_pps": 2966772.0,
                                            "time_ms": 1544192559637,
                                            "total_tx_pps": 2966773,
                                            "tx_pkts": 89003198,
                                            "tx_pps": 2966772
                                        },
                                        {
                                            "drop_pct": 0,
                                            "drop_percentage": 0.0,
                                            "rx_pkts": 90537482,
                                            "rx_pps": 3017922.0,
                                            "time_ms": 1544192591681,
                                            "total_tx_pps": 3017916,
                                            "tx_pkts": 90537482,
                                            "tx_pps": 3017922
                                        },
                                        {
                                            "drop_pct": 0,
                                            "drop_percentage": 0.0,
                                            "rx_pkts": 91304932,
                                            "rx_pps": 3043498.0,
                                            "time_ms": 1544192623727,
                                            "total_tx_pps": 3043497,
                                            "tx_pkts": 91304932,
                                            "tx_pps": 3043498
                                        },
                                        {
                                            "drop_pct": 0,
                                            "drop_percentage": 0.0,
                                            "rx_pkts": 91688814,
                                            "rx_pps": 3056286.0,
                                            "time_ms": 1544192655773,
                                            "total_tx_pps": 3056293,
                                            "tx_pkts": 91688814,
                                            "tx_pps": 3056286
                                        },
                                        {
                                            "drop_pct": 2104384,
                                            "drop_percentage": 2.29035067185364,
                                            "ndr_pps": 1528143,
                                            "rx_pkts": 89776044,
                                            "rx_pps": 2992533.8880432723,
                                            "time_ms": 1544192687815,
                                            "total_tx_pps": 3062680,
                                            "tx_pkts": 91880428,
                                            "tx_pps": 3062680
                                        }
                                    ]
                                },
                                "ndr": {
                                    "duration_sec": 30.0,
                                    "initial_rate_type": "rate_percent",
                                    "l2frame_size": "IMIX",
                                    "load_percent_per_direction": 46.6796875,
                                    "rate_bps": 9335937500.0,
                                    "rate_percent": 93.359375,
                                    "rate_pps": 3056286,