{
    "benchmarks": {
        "network": {
            "service_chain": {
                "EXT": {
                    "result": {
                        "bidirectional": true,
                        "compute_nodes": {},
                        "flow_count": 1024,
                        "profile": "traffic_profile_IMIX",
                        "result": {
                            "IMIX": {
                                "iteration_stats": {
                                    "ndr_pdr": [
                                        {
                                            "drop_pct": 97195750,
                                            "drop_percentage": 49.48367131378029,
                                            "rx_pkts": 99224094,
                                            "rx_pps": 3307484.8875435013,
                                            "time_ms": 1544168353770,
                                            "total_tx_pps": 6547328,
                                            "tx_pkts": 196419844,
                                            "tx_pps": 6547358
                                        },
                                        {
                                            "drop_pct": 0,
                                            "drop_percentage": 0.0,
                                            "rx_pkts": 98210358,
                                            "rx_pps": 3273678.0,
                                            "time_ms": 1544168385814,
                                            "total_tx_pps": 3273678,
                                            "tx_pkts": 98210358,
                                            "tx_pps": 3273678
                                        },
                                        {
                                            "drop_pct": 47309309,
                                            "drop_percentage": 32.114172785407625,
                                            "rx_pkts": 100006673,
                                            "rx_pps": 3333545.764821457,
                                            "time_ms": 1544168417863,
                                            "total_tx_pps": 4910532,
                                            "tx_pkts": 147315982,
                                            "tx_pps": 4910518
                                        },
                                        {
                                            "drop_pct": 23080354,
                                            "drop_percentage": 18.800651215896362,
                                            "rx_pkts": 99683234,
                                            "rx_pps": 3322756.927607329,
                                            "time_ms": 1544168449910,
                                            "total_tx_pps": 4092119,
                                            "tx_pkts": 122763588,
                                            "tx_pps": 4092098
                                        },
                                        {
                                            "drop_pct": 10608524,
                                            "drop_percentage": 9.60163283413765,
                                            "rx_pkts": 99878142,
                                            "rx_pps": 3329270.616547485,
                                            "time_ms": 1544168481956,
                                            "total_tx_pps": 3682888,
                                            "tx_pkts": 110486666,
                                            "tx_pps": 3682888
                                        },
                                        {
                                            "drop_pct": 4737327,
                                            "drop_percentage": 4.539889476607096,
                                            "rx_pkts": 99611623,
                                            "rx_pps": 3320373.7507174914,
                                            "time_ms": 1544168514004,
                                            "total_tx_pps": 3478298,
                                            "tx_pkts": 104348950,
                                            "tx_pps": 3478284
                                        },
                                        {
                                            "drop_pct": 1896505,
                                            "drop_percentage": 1.8725375307763297,
                                            "rx_pkts": 99383441,
                                            "rx_pps": 3312765.4700177466,
                                            "time_ms": 1544168546054,
                                            "total_tx_pps": 3375998,
                                            "tx_pkts": 101279946,
                                            "tx_pps": 3375982
                                        },
                                        {
                                            "drop_pct": 996933,
                                            "drop_percentage": 0.9994814578315497,
                                            "rx_pkts": 98748089,
                                            "rx_pps": 3291598.9406455792,
                                            "time_ms": 1544168578103,
                                            "total_tx_pps": 3324834,
                                            "tx_pkts": 99745022,
                                            "tx_pps": 3324830
                                        },
                                        {
                                            "drop_pct": 0,
                                            "drop_percentage": 0.0,
                                            "rx_pkts": 98978046,
                                            "rx_pps": 3299254.0,
                                            "time_ms": 1544168610148,
                                            "total_tx_pps": 3299268,
                                            "tx_pkts": 98978046,
                                            "tx_pps": 3299254
                                        },
                                        {
                                            "drop_pct": 152764,
                                            "drop_percentage": 0.1537465109282264,
                                            "rx_pkts": 99208190,
                                            "rx_pps": 3306949.8509845226,
                                            "time_ms": 1544168642192,
                                            "total_tx_pps": 3312031,
                                            "tx_pkts": 99360954,
                                            "tx_pps": 3312042
                                        },
                                        {
                                            "drop_pct": 0,
                                            "drop_percentage": 0.0,
                                            "ndr_pps": 1652824,
                                            "rx_pkts": 99169622,
                                            "rx_pps": 3305648.0,
                                            "time_ms": 1544168674236,
                                            "total_tx_pps": 3305654,
                                            "tx_pkts": 99169622,
                                            "tx_pps": 3305648
                                        }
                                    ]
                                },
                                "ndr": {
                                    "duration_sec": 30.0,
                                    "initial_rate_type": "rate_percent",
                                    "l2frame_size": "IMIX",
                                    "load_percent_per_direction": 50.48828125,
                                    "rate_bps": 10097656250.0,