{
    "benchmarks": {
        "network": {
            "service_chain": {
                "EXT": {
                    "result": {
                        "bidirectional": true,
                        "compute_nodes": {},
                        "flow_count": 1024,
                        "profile": "traffic_profile_IMIX",
                        "result": {
                            "IMIX": {
                                "iteration_stats": {
                                    "ndr_pdr": [
                                        {
                                            "drop_pct": 178653457,
                                            "drop_percentage": 90.95489201182748,
                                            "rx_pkts": 17766387,
                                            "rx_pps": 592215.6014722524,
                                            "time_ms": 1544162261451,
                                            "total_tx_pps": 6547328,
                                            "tx_pkts": 196419844,
                                            "tx_pps": 6547358
                                        },
                                        {
                                            "drop_pct": 80529339,
                                            "drop_percentage": 81.99678795590991,
                                            "rx_pkts": 17681019,
                                            "rx_pps": 589367.1919807276,
                                            "time_ms": 1544162293499,
                                            "total_tx_pps": 3273678,
                                            "tx_pkts": 98210358,
                                            "tx_pps": 3273678
                                        },
                                        {
                                            "drop_pct": 31402466,
                                            "drop_percentage": 63.94927355460841,
                                            "rx_pkts": 17702808,
                                            "rx_pps": 590091.9897342188,
                                            "time_ms": 1544162325543,
                                            "total_tx_pps": 1636842,
                                            "tx_pkts": 49105274,
                                            "tx_pps": 1636838
                                        },
                                        {
                                            "drop_pct": 6744901,
                                            "drop_percentage": 27.47108813905226,
                                            "rx_pkts": 17807825,
                                            "rx_pps": 593589.6698741313,
                                            "time_ms": 1544162357585,
                                            "total_tx_pps": 818424,
                                            "tx_pkts": 24552726,
                                            "tx_pps": 818418
                                        },
                                        {
                                            "drop_pct": 0,
                                            "drop_percentage": 0.0,
                                            "rx_pkts": 12276434,
                                            "rx_pps": 409208.0,
                                            "time_ms": 1544162389635,
                                            "total_tx_pps": 409214,
                                            "tx_pkts": 12276434,
                                            "tx_pps": 409208
                                        },
                                        {
                                            "drop_pct": 0,
                                            "drop_percentage": 0.0,
                                            "rx_pkts": 18414576,
                                            "rx_pps": 613814.0,
                                            "time_ms": 1544162421682,
                                            "total_tx_pps": 613819,
                                            "tx_pkts": 18414576,
                                            "tx_pps": 613814
                                        },
                                        {
                                            "drop_pct": 3389231,
                                            "drop_percentage": 15.775854765901155,
                                            "rx_pkts": 18094429,
                                            "rx_pps": 603142.5798846192,
                                            "time_ms": 1544162453726,
                                            "total_tx_pps": 716122,
                                            "tx_pkts": 21483660,
                                            "tx_pps": 716116
                                        },
                                        {
                                            "drop_pct": 298405,
                                            "drop_percentage": 1.4958312923064028,
                                            "rx_pkts": 19650703,
                                            "rx_pps": 655019.2304888018,
                                            "time_ms": 1544162485771,
                                            "total_tx_pps": 664970,
                                            "tx_pkts": 19949108,
                                            "tx_pps": 664966
                                        },
                                        {
                                            "drop_pct": 0,
                                            "drop_percentage": 0.0,
                                            "rx_pkts": 19181858,
                                            "rx_pps": 639390.0,
                                            "time_ms": 1544162517816,
                                            "total_tx_pps": 639395,
                                            "tx_pkts": 19181858,
                                            "tx_pps": 639390
                                        },
                                        {
                                            "drop_pct": 53,
                                            "drop_percentage": 0.0002708853360772144,
                                            "rx_pkts": 19565421,
                                            "rx_pps": 652176.2333454329,
                                            "time_ms": 1544162549858,
                                            "total_tx_pps": 652182,
                                            "tx_pkts": 19565474,
                                            "tx_pps": 652178
                                        },
                                        {
                                            "drop_pct": 58891,
                                            "drop_percentage": 0.2980720748207422,
                                            "ndr_pps": 326089,
                                            "rx_pkts": 19698411,
                                            "rx_pps": 656608.9807754116,
                                            "time_ms": 1544162581903,
                                            "total_tx_pps": 658576,
                                            "tx_pkts": 19757302,
                                            "tx_pps": 658572
                                        }
                                    ]
                                },
                                "ndr": {
                                    "duration_sec": 30.0,
                                    "initial_rate_type": "rate_percent",
                                    "l2frame_size": "IMIX",
                                    "load_percent_per_direction": 9.9609375,
                                    "rate_bps": 1992187500.0,
                                    "rate_percent": 19.921875,