{
    "benchmarks": {
        "network": {
            "service_chain": {
                "EXT": {
                    "result": {
                        "bidirectional": true,
                        "compute_nodes": {},
                        "flow_count": 1024,
                        "profile": "traffic_profile_IMIX",
                        "result": {
                            "IMIX": {
                                "iteration_stats": {
                                    "ndr_pdr": [
                                        {
                                            "drop_pct": 152400429,
                                            "drop_percentage": 77.5891202723896,
                                            "rx_pkts": 44019415,
                                            "rx_pps": 1467320.5267160782,
                                            "time_ms": 1544160902742,
                                            "total_tx_pps": 6547328,
                                            "tx_pkts": 196419844,
                                            "tx_pps": 6547358
                                        },
                                        {
                                            "drop_pct": 54098100,
                                            "drop_percentage": 55.08390469363731,
                                            "rx_pkts": 44112258,
                                            "rx_pps": 1470408.330503428,
                                            "time_ms": 1544160934786,
                                            "total_tx_pps": 3273678,
                                            "tx_pkts": 98210358,
                                            "tx_pps": 3273678
                                        },
                                        {
                                            "drop_pct": 22,
                                            "drop_percentage": 4.480170500626878e-05,
                                            "rx_pkts": 49105252,
                                            "rx_pps": 1636837.2666686678,
                                            "time_ms": 1544160966833,
                                            "total_tx_pps": 1636842,
                                            "tx_pkts": 49105274,
                                            "tx_pps": 1636838
                                        },
                                        {
                                            "drop_pct": 29346468,
                                            "drop_percentage": 39.84145671923204,
                                            "rx_pkts": 44311652,
                                            "rx_pps": 1477047.4465845176,
                                            "time_ms": 1544160998878,
                                            "total_tx_pps": 2455270,
                                            "tx_pkts": 73658120,
                                            "tx_pps": 2455258
                                        },
                                        {
                                            "drop_pct": 13626349,
                                            "drop_percentage": 22.199449697133364,
                                            "rx_pkts": 47755123,
                                            "rx_pps": 1591836.6034607969,
                                            "time_ms": 1544161030923,
                                            "total_tx_pps": 2046049,
                                            "tx_pkts": 61381472,
                                            "tx_pps": 2046048
                                        },
                                        {
                                            "drop_pct": 43271,
                                            "drop_percentage": 0.07832768199587427,
                                            "rx_pkts": 55200289,
                                            "rx_pps": 1840001.639599548,
                                            "time_ms": 1544161062968,
                                            "total_tx_pps": 1841452,
                                            "tx_pkts": 55243560,
                                            "tx_pps": 1841444
                                        },
                                        {
                                            "drop_pct": 32,
                                            "drop_percentage": 6.133263158580694e-05,
                                            "rx_pkts": 52174478,
                                            "rx_pps": 1739140.9333384442,
                                            "time_ms": 1544161095012,
                                            "total_tx_pps": 1739150,
                                            "tx_pkts": 52174510,
                                            "tx_pps": 1739142
                                        },
                                        {
                                            "drop_pct": 1252,
                                            "drop_percentage": 0.0023310823617573202,
                                            "rx_pkts": 53707704,
                                            "rx_pps": 1790250.266818964,
                                            "time_ms": 1544161127056,
                                            "total_tx_pps": 1790298,
                                            "tx_pkts": 53708956,
                                            "tx_pps": 1790292
                                        },
                                        {
                                            "drop_pct": 674,
                                            "drop_percentage": 0.0012731029943722424,
                                            "rx_pkts": 52940840,
                                            "rx_pps": 1764693.533347762,
                                            "time_ms": 1544161159100,
                                            "total_tx_pps": 1764717,
                                            "tx_pkts": 52941514,
                                            "tx_pps": 1764716
                                        },
                                        {
                                            "drop_pct": 614,
                                            "drop_percentage": 0.0011682307894340489,
                                            "rx_pkts": 52557494,
                                            "rx_pps": 1751909.5334143308,
                                            "time_ms": 1544161191148,
                                            "total_tx_pps": 1751936,
                                            "tx_pkts": 52558108,
                                            "tx_pps": 1751930
                                        },
                                        {
                                            "drop_pct": 2008,
                                            "drop_percentage": 0.0038345268743808997,
                                            "ndr_pps": 869571,
                                            "rx_pkts": 52364296,
                                            "rx_pps": 1745469.066952978,
                                            "time_ms": 1544161223197,
                                            "total_tx_pps": 1745543,
                                            "tx_pkts": 52366304,
                                            "tx_pps": 1745536
                                        }
                                    ]
                                },
                                "ndr": {
                                    "duration_sec": 30.0,
                                    "initial_rate_type": "rate_percent",
                                    "l2frame_size": "IMIX",
                                    "load_percent_per_direction": 26.5625,