{
    "benchmarks": {
        "network": {
            "service_chain": {
                "EXT": {
                    "result": {
                        "bidirectional": true,
                        "compute_nodes": {},
                        "flow_count": 1024,
                        "profile": "traffic_profile_IMIX",
                        "result": {
                            "IMIX": {
                                "iteration_stats": {
                                    "ndr_pdr": [
                                        {
                                            "drop_pct": 93572577,
                                            "drop_percentage": 47.639064920548456,
                                            "rx_pkts": 102847267,
                                            "rx_pps": 3428257.871799277,
                                            "time_ms": 1544160308523,
                                            "total_tx_pps": 6547328,
                                            "tx_pkts": 196419844,
                                            "tx_pps": 6547358
                                        },
                                        {
                                            "drop_pct": 100539,
                                            "drop_percentage": 0.10237107576779224,
                                            "rx_pkts": 98109819,
                                            "rx_pps": 3270326.7006142265,
                                            "time_ms": 1544160340569,
                                            "total_tx_pps": 3273678,
                                            "tx_pkts": 98210358,
                                            "tx_pps": 3273678
                                        },
                                        {
                                            "drop_pct": 0,
                                            "drop_percentage": 0.0,
                                            "rx_pkts": 49105274,
                                            "rx_pps": 1636838.0,
                                            "time_ms": 1544160372616,
                                            "total_tx_pps": 1636842,
                                            "tx_pkts": 49105274,
                                            "tx_pps": 1636838
                                        },
                                        {
                                            "drop_pct": 0,
                                            "drop_percentage": 0.0,
                                            "rx_pkts": 73658120,
                                            "rx_pps": 2455258.0,
                                            "time_ms": 1544160404658,
                                            "total_tx_pps": 2455270,
                                            "tx_pkts": 73658120,
                                            "tx_pps": 2455258
                                        },
                                        {
                                            "drop_pct": 0,
                                            "drop_percentage": 0.0,
                                            "rx_pkts": 85934244,
                                            "rx_pps": 2864468.0,
                                            "time_ms": 1544160436704,
                                            "total_tx_pps": 2864474,
                                            "tx_pkts": 85934244,
                                            "tx_pps": 2864468
                                        },
                                        {
                                            "drop_pct": 1332,
                                            "drop_percentage": 0.0014466941431391335,
                                            "rx_pkts": 92070652,
                                            "rx_pps": 3069029.5998861934,
                                            "time_ms": 1544160468747,
                                            "total_tx_pps": 3069066,
                                            "tx_pkts": 92071984,
                                            "tx_pps": 3069074
                                        },
                                        {
                                            "drop_pct": 146,
                                            "drop_percentage": 0.000164039049473256,
                                            "rx_pkts": 89003052,
                                            "rx_pps": 2966767.133335411,
                                            "time_ms": 1544160500791,
                                            "total_tx_pps": 2966773,
                                            "tx_pkts": 89003198,
                                            "tx_pps": 2966772
                                        },
                                        {
                                            "drop_pct": 312,
                                            "drop_percentage": 0.00034460865611438146,
                                            "rx_pkts": 90537170,
                                            "rx_pps": 3017911.5999795534,
                                            "time_ms": 1544160532835,
                                            "total_tx_pps": 3017916,
                                            "tx_pkts": 90537482,
                                            "tx_pps": 3017922
                                        },
                                        {
                                            "drop_pct": 194,
                                            "drop_percentage": 0.00021247483104198578,
                                            "rx_pkts": 91304738,
                                            "rx_pps": 3043491.533332767,
                                            "time_ms": 1544160564878,
                                            "total_tx_pps": 3043497,
                                            "tx_pkts": 91304932,
                                            "tx_pps": 3043498
                                        },
                                        {
                                            "drop_pct": 1105,
                                            "drop_percentage": 0.0012051633692197175,
                                            "rx_pkts": 91687709,
                                            "rx_pps": 3056249.1667606696,
                                            "time_ms": 1544160596923,
                                            "total_tx_pps": 3056293,
                                            "tx_pkts": 91688814,
                                            "tx_pps": 3056286
                                        },
                                        {
                                            "drop_pct": 2897,
                                            "drop_percentage": 0.0031662368329849963,
                                            "ndr_pps": 1521749,
                                            "rx_pkts": 91493733,
                                            "rx_pps": 3049795.4331961297,
                                            "time_ms": 1544160628967,
                                            "total_tx_pps": 3049887,
                                            "tx_pkts": 91496630,
                                            "tx_pps": 3049892
                                        }
                                    ]
                                },
                                "ndr": {
                                    "duration_sec": 30.0,
                                    "initial_rate_type": "rate_percent",
                                    "l2frame_size": "IMIX",
                                    "load_percent_per_direction": 46.484375,
                                    "rate_bps": 9296875000.0,
                                    "rate_percent": 92.96875,