{
    "benchmarks": {
        "network": {
            "service_chain": {
                "EXT": {
                    "result": {
                        "bidirectional": true,
                        "compute_nodes": {},
                        "flow_count": 1024,
                        "profile": "traffic_profile_IMIX",
                        "result": {
                            "IMIX": {
                                "iteration_stats": {
                                    "ndr_pdr": [
                                        {
                                            "drop_pct": 183132623,
                                            "drop_percentage": 93.23529602233062,
                                            "rx_pkts": 13287221,
                                            "rx_pps": 442909.3870582546,
                                            "time_ms": 1544163317390,
                                            "total_tx_pps": 6547328,
                                            "tx_pkts": 196419844,
                                            "tx_pps": 6547358
                                        },
                                        {
                                            "drop_pct": 84945241,
                                            "drop_percentage": 86.49315889877928,
                                            "rx_pkts": 13265117,
                                            "rx_pps": 442170.48562562023,
                                            "time_ms": 1544163349433,
                                            "total_tx_pps": 3273678,
                                            "tx_pkts": 98210358,
                                            "tx_pps": 3273678
                                        },
                                        {
                                            "drop_pct": 35754983,
                                            "drop_percentage": 72.81291822137068,
                                            "rx_pkts": 13350291,
                                            "rx_pps": 445008.4856436806,
                                            "time_ms": 1544163381480,
                                            "total_tx_pps": 1636842,
                                            "tx_pkts": 49105274,
                                            "tx_pps": 1636838
                                        },
                                        {
                                            "drop_pct": 11157694,
                                            "drop_percentage": 45.44380937578988,
                                            "rx_pkts": 13395032,
                                            "rx_pps": 446497.68418284797,
                                            "time_ms": 1544163413524,
                                            "total_tx_pps": 818424,
                                            "tx_pkts": 24552726,
                                            "tx_pps": 818418
                                        },
                                        {
                                            "drop_pct": 0,
                                            "drop_percentage": 0.0,
                                            "rx_pkts": 12276434,
                                            "rx_pps": 409208.0,
                                            "time_ms": 1544163445576,
                                            "total_tx_pps": 409214,
                                            "tx_pkts": 12276434,
                                            "tx_pps": 409208
                                        },
                                        {
                                            "drop_pct": 4954721,
                                            "drop_percentage": 26.906516880975158,
                                            "rx_pkts": 13459855,
                                            "rx_pps": 448658.0324722111,
                                            "time_ms": 1544163477626,
                                            "total_tx_pps": 613819,
                                            "tx_pkts": 18414576,
                                            "tx_pps": 613814
                                        },
                                        {
                                            "drop_pct": 1893205,
                                            "drop_percentage": 12.337201438493556,
                                            "rx_pkts": 13452293,
                                            "rx_pps": 448405.7341779329,
                                            "time_ms": 1544163509677,
                                            "total_tx_pps": 511516,
                                            "tx_pkts": 15345498,
                                            "tx_pps": 511512
                                        },
                                        {
                                            "drop_pct": 0,
                                            "drop_percentage": 0.0,
                                            "rx_pkts": 13810960,
                                            "rx_pps": 460360.0,
                                            "time_ms": 1544163541716,
                                            "total_tx_pps": 460365,
                                            "tx_pkts": 13810960,
                                            "tx_pps": 460360
                                        },
                                        {
                                            "drop_pct": 0,
                                            "drop_percentage": 0.0,
                                            "rx_pkts": 14578238,
                                            "rx_pps": 485936.0,
                                            "time_ms": 1544163573768,
                                            "total_tx_pps": 485941,
                                            "tx_pkts": 14578238,
                                            "tx_pps": 485936
                                        },
                                        {
                                            "drop_pct": 0,
                                            "drop_percentage": 0.0,
                                            "rx_pkts": 14961872,
                                            "rx_pps": 498724.0,
                                            "time_ms": 1544163605810,
                                            "total_tx_pps": 498729,
                                            "tx_pkts": 14961872,
                                            "tx_pps": 498724
                                        },
                                        {
                                            "drop_pct": 1639366,
                                            "drop_percentage": 10.818269885598745,
                                            "ndr_pps": 249362,
                                            "rx_pkts": 13514314,
                                            "rx_pps": 450472.97151926137,
                                            "time_ms": 1544163637856,
                                            "total_tx_pps": 505122,
                                            "tx_pkts": 15153680,
                                            "tx_pps": 505118
                                        }
                                    ]
                                },
                                "ndr": {
                                    "duration_sec": 30.0,
                                    "initial_rate_type": "rate_percent",
                                    "l2frame_size": "IMIX",
                                    "load_percent_per_direction": 7.6171875,
                                    "rate_bps": 1523437500.0,
                                    "rate_percent": 15.234375,