{
    "benchmarks": {
        "network": {
            "service_chain": {
                "EXT": {
                    "result": {
                        "bidirectional": true,
                        "compute_nodes": {},
                        "flow_count": 1024,
                        "profile": "traffic_profile_64B",
                        "result": {
                            "64": {
                                "iteration_stats": {
                                    "ndr_pdr": [
                                        {
                                            "drop_pct": 718258031,
                                            "drop_percentage": 87.56759912947673,
                                            "rx_pkts": 101974610,
                                            "rx_pps": 3700119.2119802996,
                                            "time_ms": 1543313809871,
                                            "total_tx_pps": 27341088,
                                            "tx_pkts": 820232641,
                                            "tx_pps": 29761904
                                        },
                                        {
                                            "drop_pct": 346184261,
                                            "drop_percentage": 77.54530493620302,
                                            "rx_pkts": 100244135,
                                            "rx_pps": 3341472.394189997,
                                            "time_ms": 1543313841916,
                                            "total_tx_pps": 14880946,
                                            "tx_pkts": 446428396,
                                            "tx_pps": 14880952
                                        },
                                        {
                                            "drop_pct": 121745104,
                                            "drop_percentage": 54.54124355183457,
                                            "rx_pkts": 101471486,
                                            "rx_pps": 3382347.8634242015,
                                            "time_ms": 1543313873966,
                                            "total_tx_pps": 7440553,
                                            "tx_pkts": 223216590,
                                            "tx_pps": 7440476
                                        },
                                        {
                                            "drop_pct": 9415460,
                                            "drop_percentage": 8.436244212383052,
                                            "rx_pkts": 102191788,
                                            "rx_pps": 3406389.6370381247,
                                            "time_ms": 1543313906012,
                                            "total_tx_pps": 3720241,
                                            "tx_pkts": 111607248,
                                            "tx_pps": 3720238
                                        },
                                        {
                                            "drop_pct": 0,
                                            "drop_percentage": 0.0,
                                            "rx_pkts": 55803464,
                                            "rx_pps": 1860118.0,
                                            "time_ms": 1543313938055,
                                            "total_tx_pps": 1860115,
                                            "tx_pkts": 55803464,
                                            "tx_pps": 1860118
                                        },
                                        {
                                            "drop_pct": 0,
                                            "drop_percentage": 0.0,
                                            "rx_pkts": 83704920,
                                            "rx_pps": 2790178.0,
                                            "time_ms": 1543313970099,
                                            "total_tx_pps": 2790164,
                                            "tx_pkts": 83704920,
                                            "tx_pps": 2790178
                                        },
                                        {
                                            "drop_pct": 0,
                                            "drop_percentage": 0.0,
                                            "rx_pkts": 97655732,
                                            "rx_pps": 3255208.0,
                                            "time_ms": 1543314002146,
                                            "total_tx_pps": 3255191,
                                            "tx_pkts": 97655732,
                                            "tx_pps": 3255208
                                        },
                                        {
                                            "drop_pct": 4664282,
                                            "drop_percentage": 4.457813721368545,
                                            "rx_pkts": 99967322,
                                            "rx_pps": 3332245.8501208103,
                                            "time_ms": 1543314034189,
                                            "total_tx_pps": 3487720,
                                            "tx_pkts": 104631604,
                                            "tx_pps": 3487722
                                        },
                                        {
                                            "drop_pct": 0,
                                            "drop_percentage": 0.0,
                                            "rx_pkts": 101143540,
                                            "rx_pps": 3371464.0,
                                            "time_ms": 1543314066235,
                                            "total_tx_pps": 3371451,
                                            "tx_pkts": 101143540,
                                            "tx_pps": 3371464
                                        },
                                        {
                                            "drop_pct": 0,
                                            "drop_percentage": 0.0,
                                            "rx_pkts": 102888024,
                                            "rx_pps": 3429594.0,
                                            "time_ms": 1543314098282,
                                            "total_tx_pps": 3429600,
                                            "tx_pkts": 102888024,
                                            "tx_pps": 3429594
                                        },
                                        {
                                            "drop_pct": 2281520,
                                            "drop_percentage": 2.198844841230434,
                                            "ndr_pps": 1714797,
                                            "rx_pkts": 101478416,
                                            "rx_pps": 3382607.476991196,
                                            "time_ms": 1543314130324,
                                            "total_tx_pps": 3458664,
                                            "tx_pkts": 103759936,
                                            "tx_pps": 3458658
                                        }
                                    ]
                                },
                                "ndr": {
                                    "duration_sec": 30.0,
                                    "initial_rate_type": "rate_percent",
                                    "l2frame_size": "64",
                                    "load_percent_per_direction": 11.5234375,
                                    "rate_bps": 2304687500.0,
                                    "rate_percent": 23.046875,