{
    "benchmarks": {
        "network": {
            "service_chain": {
                "EXT": {
                    "result": {
                        "bidirectional": true,
                        "compute_nodes": {},
                        "flow_count": 1024,
                        "profile": "traffic_profile_64B",
                        "result": {
                            "64": {
                                "iteration_stats": {
                                    "ndr_pdr": [
                                        {
                                            "drop_pct": 760465709,
                                            "drop_percentage": 92.93664713147209,
                                            "rx_pkts": 57796766,
                                            "rx_pps": 2102188.2999125244,
                                            "time_ms": 1543314349182,
                                            "total_tx_pps": 27275415,
                                            "tx_pkts": 818262475,
                                            "tx_pps": 29761904
                                        },
                                        {
                                            "drop_pct": 389302624,
                                            "drop_percentage": 87.20382204361391,
                                            "rx_pkts": 57125772,
                                            "rx_pps": 1904193.0995243948,
                                            "time_ms": 1543314381225,
                                            "total_tx_pps": 14880946,
                                            "tx_pkts": 446428396,
                                            "tx_pps": 14880952
                                        },
                                        {
                                            "drop_pct": 166184033,
                                            "drop_percentage": 74.44967822508174,
                                            "rx_pkts": 57032557,
                                            "rx_pps": 1901065.559585567,
                                            "time_ms": 1543314413271,
                                            "total_tx_pps": 7440553,
                                            "tx_pkts": 223216590,
                                            "tx_pps": 7440476
                                        },
                                        {
                                            "drop_pct": 54396386,
                                            "drop_percentage": 48.739115939853654,
                                            "rx_pkts": 57210862,
                                            "rx_pps": 1907026.8879415072,
                                            "time_ms": 1543314445317,
                                            "total_tx_pps": 3720241,
                                            "tx_pkts": 111607248,
                                            "tx_pps": 3720238
                                        },
                                        {
                                            "drop_pct": 0,
                                            "drop_percentage": 0.0,
                                            "rx_pkts": 55803464,
                                            "rx_pps": 1860118.0,
                                            "time_ms": 1543314477364,
                                            "total_tx_pps": 1860115,
                                            "tx_pkts": 55803464,
                                            "tx_pps": 1860118
                                        },
                                        {
                                            "drop_pct": 25276360,
                                            "drop_percentage": 30.1969824473878,
                                            "rx_pkts": 58428560,
                                            "rx_pps": 1947628.439089124,
                                            "time_ms": 1543314509407,
                                            "total_tx_pps": 2790164,
                                            "tx_pkts": 83704920,
                                            "tx_pps": 2790178
                                        },
                                        {
                                            "drop_pct": 11454904,
                                            "drop_percentage": 16.421732549594623,
                                            "rx_pkts": 58299636,
                                            "rx_pps": 1943318.4140577517,
                                            "time_ms": 1543314541451,
                                            "total_tx_pps": 2325151,
                                            "tx_pkts": 69754540,
                                            "tx_pps": 2325148
                                        },
                                        {
                                            "drop_pct": 5211635,
                                            "drop_percentage": 8.301586144083767,
                                            "rx_pkts": 57567151,
                                            "rx_pps": 1918910.3518413368,
                                            "time_ms": 1543314573496,
                                            "total_tx_pps": 2092626,
                                            "tx_pkts": 62778786,
                                            "tx_pps": 2092632
                                        },
                                        {
                                            "drop_pct": 956841,
                                            "drop_percentage": 1.6137991863413943,
                                            "rx_pkts": 58334365,
                                            "rx_pps": 1944481.2601929533,
                                            "time_ms": 1543314605542,
                                            "total_tx_pps": 1976373,
                                            "tx_pkts": 59291206,
                                            "tx_pps": 1976376
                                        },
                                        {
                                            "drop_pct": 0,
                                            "drop_percentage": 0.0,
                                            "rx_pkts": 57547514,
                                            "rx_pps": 1918246.0,
                                            "time_ms": 1543314637587,
                                            "total_tx_pps": 1918250,
                                            "tx_pkts": 57547514,
                                            "tx_pps": 1918246
                                        },
                                        {
                                            "drop_pct": 604361,
                                            "drop_percentage": 1.034522624984012,
                                            "ndr_pps": 959123,
                                            "rx_pkts": 57814951,
                                            "rx_pps": 1927166.6167809716,
                                            "time_ms": 1543314669634,
                                            "total_tx_pps": 1947310,
                                            "tx_pkts": 58419312,
                                            "tx_pps": 1947312
                                        }
                                    ]
                                },
                                "ndr": {
                                    "duration_sec": 30.0,
                                    "initial_rate_type": "rate_percent",
                                    "l2frame_size": "64",
                                    "load_percent_per_direction": 6.4453125,
                                    "rate_bps": 1289062500.0,