{
    "benchmarks": {
        "network": {
            "service_chain": {
                "EXT": {
                    "result": {
                        "bidirectional": true,
                        "compute_nodes": {},
                        "flow_count": 1024,
                        "profile": "traffic_profile_64B",
                        "result": {
                            "64": {
                                "iteration_stats": {
                                    "ndr_pdr": [
                                        {
                                            "drop_pct": 781135917,
                                            "drop_percentage": 95.16734425051533,
                                            "rx_pkts": 39666558,
                                            "rx_pps": 1438290.3648121087,
                                            "time_ms": 1542802891937,
                                            "total_tx_pps": 27360082,
                                            "tx_pkts": 820802475,
                                            "tx_pps": 29761904
                                        },
                                        {
                                            "drop_pct": 406573418,
                                            "drop_percentage": 91.07248182784718,
                                            "rx_pkts": 39854976,
                                            "rx_pps": 1328499.693989338,
                                            "time_ms": 1542802923982,
                                            "total_tx_pps": 14880946,
                                            "tx_pkts": 446428394,
                                            "tx_pps": 14880952
                                        },
                                        {
                                            "drop_pct": 184294863,
                                            "drop_percentage": 82.56388546386306,
                                            "rx_pkts": 38919999,
                                            "rx_pps": 1297329.9173937803,
                                            "time_ms": 1542802956031,
                                            "total_tx_pps": 7440495,
                                            "tx_pkts": 223214862,
                                            "tx_pps": 7440476
                                        },
                                        {
                                            "drop_pct": 72510592,
                                            "drop_percentage": 64.96943038985121,
                                            "rx_pkts": 39096654,
                                            "rx_pps": 1303220.5622532072,
                                            "time_ms": 1542802988080,
                                            "total_tx_pps": 3720241,
                                            "tx_pkts": 111607246,
                                            "tx_pps": 3720238
                                        },
                                        {
                                            "drop_pct": 15656076,
                                            "drop_percentage": 28.055688910225637,
                                            "rx_pkts": 40147494,
                                            "rx_pps": 1338249.080556889,
                                            "time_ms": 1542803020126,
                                            "total_tx_pps": 1860119,
                                            "tx_pkts": 55803570,
                                            "tx_pps": 1860118
                                        },
                                        {
                                            "drop_pct": 0,
                                            "drop_percentage": 0.0,
                                            "rx_pkts": 27901780,
                                            "rx_pps": 930058.0,
                                            "time_ms": 1542803052173,
                                            "total_tx_pps": 930059,
                                            "tx_pkts": 27901780,
                                            "tx_pps": 930058
                                        },
                                        {
                                            "drop_pct": 1809607,
                                            "drop_percentage": 4.323755830692163,
                                            "rx_pkts": 40043057,
                                            "rx_pps": 1334767.8012567132,
                                            "time_ms": 1542803084218,
                                            "total_tx_pps": 1395088,
                                            "tx_pkts": 41852664,
                                            "tx_pps": 1395088
                                        },
                                        {
                                            "drop_pct": 0,
                                            "drop_percentage": 0.0,
                                            "rx_pkts": 34877212,
                                            "rx_pps": 1162574.0,
                                            "time_ms": 1542803116265,
                                            "total_tx_pps": 1162573,
                                            "tx_pkts": 34877212,
                                            "tx_pps": 1162574
                                        },
                                        {
                                            "drop_pct": 0,
                                            "drop_percentage": 0.0,
                                            "rx_pkts": 38364968,
                                            "rx_pps": 1278830.0,
                                            "time_ms": 1542803148309,
                                            "total_tx_pps": 1278832,
                                            "tx_pkts": 38364968,
                                            "tx_pps": 1278830
                                        },
                                        {
                                            "drop_pct": 149886,
                                            "drop_percentage": 0.3736983908974027,
                                            "rx_pkts": 39958930,
                                            "rx_pps": 1331963.801993058,
                                            "time_ms": 1542803180354,
                                            "total_tx_pps": 1336960,
                                            "tx_pkts": 40108816,
                                            "tx_pps": 1336960
                                        },
                                        {
                                            "drop_pct": 0,
                                            "drop_percentage": 0.0,
                                            "ndr_pps": 653948,
                                            "rx_pkts": 39236860,
                                            "rx_pps": 1307896.0,
                                            "time_ms": 1542803212393,
                                            "total_tx_pps": 1307895,
                                            "tx_pkts": 39236860,
                                            "tx_pps": 1307896
                                        }
                                    ]
                                },
                                "ndr": {
                                    "duration_sec": 30.0,
                                    "initial_rate_type": "rate_percent",
                                    "l2frame_size": "64",
                                    "load_percent_per_direction": 4.39453125,
                                    "rate_bps": 878906250.0,
                                    "rate_percent": 8.7890625,