{
    "benchmarks": {
        "network": {
            "service_chain": {
                "EXT": {
                    "result": {
                        "bidirectional": true,
                        "compute_nodes": {},
                        "flow_count": 1024,
                        "profile": "traffic_profile_64B",
                        "result": {
                            "64": {
                                "iteration_stats": {
                                    "ndr_pdr": [
                                        {
                                            "drop_pct": 649231230,
                                            "drop_percentage": 79.05955756600396,
                                            "rx_pkts": 171961362,
                                            "rx_pps": 6232274.374381164,
                                            "time_ms": 1542976059177,
                                            "total_tx_pps": 27373086,
                                            "tx_pkts": 821192592,
                                            "tx_pps": 29761904
                                        },
                                        {
                                            "drop_pct": 275721732,
                                            "drop_percentage": 61.76169251456707,
                                            "rx_pkts": 170706662,
                                            "rx_pps": 5690224.18251968,
                                            "time_ms": 1542976091223,
                                            "total_tx_pps": 14880946,
                                            "tx_pkts": 446428394,
                                            "tx_pps": 14880952
                                        },
                                        {
                                            "drop_pct": 53187249,
                                            "drop_percentage": 23.827895207426174,
                                            "rx_pkts": 170026965,
                                            "rx_pps": 5667567.175786305,
                                            "time_ms": 1542976123266,
                                            "total_tx_pps": 7440473,
                                            "tx_pkts": 223214214,
                                            "tx_pps": 7440476
                                        },
                                        {
                                            "drop_pct": 0,
                                            "drop_percentage": 0.0,
                                            "rx_pkts": 111607138,
                                            "rx_pps": 3720238.0,
                                            "time_ms": 1542976155311,
                                            "total_tx_pps": 3720237,
                                            "tx_pkts": 111607138,
                                            "tx_pps": 3720238
                                        },
                                        {
                                            "drop_pct": 9989,
                                            "drop_percentage": 0.005966763175830458,
                                            "rx_pkts": 167400711,
                                            "rx_pps": 5580023.033373112,
                                            "time_ms": 1542976187357,
                                            "total_tx_pps": 5580356,
                                            "tx_pkts": 167410700,
                                            "tx_pps": 5580356
                                        },
                                        {
                                            "drop_pct": 0,
                                            "drop_percentage": 0.0,
                                            "rx_pkts": 139508928,
                                            "rx_pps": 4650296.0,
                                            "time_ms": 1542976219400,
                                            "total_tx_pps": 4650297,
                                            "tx_pkts": 139508928,
                                            "tx_pps": 4650296
                                        },
                                        {
                                            "drop_pct": 0,
                                            "drop_percentage": 0.0,
                                            "rx_pkts": 153459842,
                                            "rx_pps": 5115326.0,
                                            "time_ms": 1542976251445,
                                            "total_tx_pps": 5115328,
                                            "tx_pkts": 153459842,
                                            "tx_pps": 5115326
                                        },
                                        {
                                            "drop_pct": 0,
                                            "drop_percentage": 0.0,
                                            "rx_pkts": 160435294,
                                            "rx_pps": 5347842.0,
                                            "time_ms": 1542976283490,
                                            "total_tx_pps": 5347843,
                                            "tx_pkts": 160435294,
                                            "tx_pps": 5347842
                                        },
                                        {
                                            "drop_pct": 0,
                                            "drop_percentage": 0.0,
                                            "rx_pkts": 163923040,
                                            "rx_pps": 5464098.0,
                                            "time_ms": 1542976315533,
                                            "total_tx_pps": 5464101,
                                            "tx_pkts": 163923040,
                                            "tx_pps": 5464098
                                        },
                                        {
                                            "drop_pct": 0,
                                            "drop_percentage": 0.0,
                                            "rx_pkts": 165666798,
                                            "rx_pps": 5522228.0,
                                            "time_ms": 1542976347577,
                                            "total_tx_pps": 5522226,
                                            "tx_pkts": 165666798,
                                            "tx_pps": 5522228
                                        },
                                        {
                                            "drop_pct": 0,
                                            "drop_percentage": 0.0,
                                            "ndr_pps": 2775646,
                                            "rx_pkts": 166538804,
                                            "rx_pps": 5551292.0,
                                            "time_ms": 1542976379623,
                                            "total_tx_pps": 5551293,
                                            "tx_pkts": 166538804,
                                            "tx_pps": 5551292
                                        }
                                    ]
                                },
                                "ndr": {
                                    "duration_sec": 30.0,
                                    "initial_rate_type": "rate_percent",
                                    "l2frame_size": "64",
                                    "load_percent_per_direction": 18.65234375,
                                    "rate_bps": 3730468750.0,
                                    "rate_percent": 37.3046875,
                                    "rate_pps": 5551292,