{
    "benchmarks": {
        "network": {
            "service_chain": {
                "EXT": {
                    "result": {
                        "bidirectional": true,
                        "compute_nodes": {},
                        "flow_count": 1024,
                        "profile": "traffic_profile_64B",
                        "result": {
                            "64": {
                                "iteration_stats": {
                                    "ndr_pdr": [
                                        {
                                            "drop_pct": 654280918,
                                            "drop_percentage": 79.69787414891854,
                                            "rx_pkts": 166670613,
                                            "rx_pps": 6042299.205758046,
                                            "time_ms": 1542805281383,
                                            "total_tx_pps": 27365051,
                                            "tx_pkts": 820951531,
                                            "tx_pps": 29761904
                                        },
                                        {
                                            "drop_pct": 279564413,
                                            "drop_percentage": 62.62245340066788,
                                            "rx_pkts": 166863981,
                                            "rx_pps": 5562134.768224245,
                                            "time_ms": 1542805313427,
                                            "total_tx_pps": 14880946,
                                            "tx_pkts": 446428394,
                                            "tx_pps": 14880952
                                        },
                                        {
                                            "drop_pct": 56170624,
                                            "drop_percentage": 25.164374583624276,
                                            "rx_pkts": 167044238,
                                            "rx_pps": 5568126.748555336,
                                            "time_ms": 1542805345471,
                                            "total_tx_pps": 7440495,
                                            "tx_pkts": 223214862,
                                            "tx_pps": 7440476
                                        },
                                        {
                                            "drop_pct": 0,
                                            "drop_percentage": 0.0,
                                            "rx_pkts": 111607246,
                                            "rx_pps": 3720238.0,
                                            "time_ms": 1542805377518,
                                            "total_tx_pps": 3720241,
                                            "tx_pkts": 111607246,
                                            "tx_pps": 3720238
                                        },
                                        {
                                            "drop_pct": 258607,
                                            "drop_percentage": 0.15447436936978265,
                                            "rx_pkts": 167152337,
                                            "rx_pps": 5571735.780260411,
                                            "time_ms": 1542805409564,
                                            "total_tx_pps": 5580364,
                                            "tx_pkts": 167410944,
                                            "tx_pps": 5580356
                                        },
                                        {
                                            "drop_pct": 0,
                                            "drop_percentage": 0.0,
                                            "rx_pkts": 139509012,
                                            "rx_pps": 4650296.0,
                                            "time_ms": 1542805441611,
                                            "total_tx_pps": 4650300,
                                            "tx_pkts": 139509012,
                                            "tx_pps": 4650296
                                        },
                                        {
                                            "drop_pct": 0,
                                            "drop_percentage": 0.0,
                                            "rx_pkts": 153459842,
                                            "rx_pps": 5115326.0,
                                            "time_ms": 1542805473655,
                                            "total_tx_pps": 5115328,
                                            "tx_pkts": 153459842,
                                            "tx_pps": 5115326
                                        },
                                        {
                                            "drop_pct": 0,
                                            "drop_percentage": 0.0,
                                            "rx_pkts": 160434848,
                                            "rx_pps": 5347842.0,
                                            "time_ms": 1542805505696,
                                            "total_tx_pps": 5347828,
                                            "tx_pkts": 160434848,
                                            "tx_pps": 5347842
                                        },
                                        {
                                            "drop_pct": 0,
                                            "drop_percentage": 0.0,
                                            "rx_pkts": 163923040,
                                            "rx_pps": 5464098.0,
                                            "time_ms": 1542805537743,
                                            "total_tx_pps": 5464101,
                                            "tx_pkts": 163923040,
                                            "tx_pps": 5464098
                                        },
                                        {
                                            "drop_pct": 0,
                                            "drop_percentage": 0.0,
                                            "rx_pkts": 165667154,
                                            "rx_pps": 5522228.0,
                                            "time_ms": 1542805569789,
                                            "total_tx_pps": 5522238,
                                            "tx_pkts": 165667154,
                                            "tx_pps": 5522228
                                        },
                                        {
                                            "drop_pct": 0,
                                            "drop_percentage": 0.0,
                                            "ndr_pps": 2775646,
                                            "rx_pkts": 166538324,
                                            "rx_pps": 5551292.0,
                                            "time_ms": 1542805601833,
                                            "total_tx_pps": 5551277,
                                            "tx_pkts": 166538324,
                                            "tx_pps": 5551292
                                        }
                                    ]
                                },
                                "ndr": {
                                    "duration_sec": 30.0,
                                    "initial_rate_type": "rate_percent",
                                    "l2frame_size": "64",
                                    "load_percent_per_direction": 18.65234375,
                                    "rate_bps": 3730468750.0,
                                    "rate_percent": 37.3046875,
                                    "rate_pps": 5551292,