{
    "benchmarks": {
        "network": {
            "service_chain": {
                "EXT": {
                    "result": {
                        "bidirectional": true,
                        "compute_nodes": {},
                        "flow_count": 1024,
                        "profile": "traffic_profile_64B",
                        "result": {
                            "64": {
                                "iteration_stats": {
                                    "ndr_pdr": [
                                        {
                                            "drop_pct": 649675497,
                                            "drop_percentage": 79.22221210435409,
                                            "rx_pkts": 170391855,
                                            "rx_pps": 6183865.2868257575,
                                            "time_ms": 1542806561345,
                                            "total_tx_pps": 27335578,
                                            "tx_pkts": 820067352,
                                            "tx_pps": 29761904
                                        },
                                        {
                                            "drop_pct": 275618025,
                                            "drop_percentage": 61.738462137334395,
                                            "rx_pkts": 170810369,
                                            "rx_pps": 5693681.083805095,
                                            "time_ms": 1542806593392,
                                            "total_tx_pps": 14880946,
                                            "tx_pkts": 446428394,
                                            "tx_pps": 14880952
                                        },
                                        {
                                            "drop_pct": 53408008,
                                            "drop_percentage": 23.92672581093637,
                                            "rx_pkts": 169806854,
                                            "rx_pps": 5660213.708451474,
                                            "time_ms": 1542806625436,
                                            "total_tx_pps": 7440495,
                                            "tx_pkts": 223214862,
                                            "tx_pps": 7440476
                                        },
                                        {
                                            "drop_pct": 0,
                                            "drop_percentage": 0.0,
                                            "rx_pkts": 111607246,
                                            "rx_pps": 3720238.0,
                                            "time_ms": 1542806657482,
                                            "total_tx_pps": 3720241,
                                            "tx_pkts": 111607246,
                                            "tx_pps": 3720238
                                        },
                                        {
                                            "drop_pct": 0,
                                            "drop_percentage": 0.0,
                                            "rx_pkts": 167410944,
                                            "rx_pps": 5580356.0,
                                            "time_ms": 1542806689526,
                                            "total_tx_pps": 5580364,
                                            "tx_pkts": 167410944,
                                            "tx_pps": 5580356
                                        },
                                        {
                                            "drop_pct": 22469964,
                                            "drop_percentage": 11.504639121318185,
                                            "rx_pkts": 172842238,
                                            "rx_pps": 5761416.133903441,
                                            "time_ms": 1542806721569,
                                            "total_tx_pps": 6510406,
                                            "tx_pkts": 195312202,
                                            "tx_pps": 6510416
                                        },
                                        {
                                            "drop_pct": 13491779,
                                            "drop_percentage": 7.439145885606338,
                                            "rx_pkts": 167870157,
                                            "rx_pps": 5595660.916111979,
                                            "time_ms": 1542806753616,
                                            "total_tx_pps": 6045397,
                                            "tx_pkts": 181361936,
                                            "tx_pps": 6045386
                                        },
                                        {
                                            "drop_pct": 3626310,
                                            "drop_percentage": 2.07946804300009,
                                            "rx_pkts": 170760116,
                                            "rx_pps": 5691995.1843795,
                                            "time_ms": 1542806785663,
                                            "total_tx_pps": 5812880,
                                            "tx_pkts": 174386426,
                                            "tx_pps": 5812872
                                        },
                                        {
                                            "drop_pct": 2932252,
                                            "drop_percentage": 1.7157832560288828,
                                            "rx_pkts": 167966490,
                                            "rx_pps": 5598872.450827403,
                                            "time_ms": 1542806817710,
                                            "total_tx_pps": 5696624,
                                            "tx_pkts": 170898742,
                                            "tx_pps": 5696614
                                        },
                                        {
                                            "drop_pct": 151519,
                                            "drop_percentage": 0.08957448716375885,
                                            "rx_pkts": 169002673,
                                            "rx_pps": 5633433.356873189,
                                            "time_ms": 1542806849753,
                                            "total_tx_pps": 5638473,
                                            "tx_pkts": 169154192,
                                            "tx_pps": 5638484
                                        },
                                        {
                                            "drop_pct": 8728,
                                            "drop_percentage": 0.00518650272801843,
                                            "ndr_pps": 2790178,
                                            "rx_pkts": 168274226,
                                            "rx_pps": 5609129.067278674,
                                            "time_ms": 1542806881796,
                                            "total_tx_pps": 5609431,
                                            "tx_pkts": 168282954,
                                            "tx_pps": 5609420
                                        }
                                    ]
                                },
                                "ndr": {
                                    "duration_sec": 30.0,
                                    "initial_rate_type": "rate_percent",
                                    "l2frame_size": "64",
                                    "load_percent_per_direction": 18.75,
                                    "rate_bps": 3750000000.0,