{
    "benchmarks": {
        "network": {
            "service_chain": {
                "EXT": {
                    "result": {
                        "bidirectional": true,
                        "compute_nodes": {},
                        "flow_count": 1024,
                        "profile": "traffic_profile_64B",
                        "result": {
                            "64": {
                                "iteration_stats": {
                                    "ndr_pdr": [
                                        {
                                            "drop_pct": 651752750,
                                            "drop_percentage": 79.39655167131424,
                                            "rx_pkts": 169130193,
                                            "rx_pps": 6131978.51227306,
                                            "time_ms": 1542807080954,
                                            "total_tx_pps": 27362764,
                                            "tx_pkts": 820882943,
                                            "tx_pps": 29761904
                                        },
                                        {
                                            "drop_pct": 277121854,
                                            "drop_percentage": 62.075319967215165,
                                            "rx_pkts": 169306540,
                                            "rx_pps": 5643553.431832296,
                                            "time_ms": 1542807112997,
                                            "total_tx_pps": 14880946,
                                            "tx_pkts": 446428394,
                                            "tx_pps": 14880952
                                        },
                                        {
                                            "drop_pct": 55003543,
                                            "drop_percentage": 24.641523645499912,
                                            "rx_pkts": 168211319,
                                            "rx_pps": 5607029.347122253,
                                            "time_ms": 1542807145040,
                                            "total_tx_pps": 7440495,
                                            "tx_pkts": 223214862,
                                            "tx_pps": 7440476
                                        },
                                        {
                                            "drop_pct": 0,
                                            "drop_percentage": 0.0,
                                            "rx_pkts": 111607246,
                                            "rx_pps": 3720238.0,
                                            "time_ms": 1542807177086,
                                            "total_tx_pps": 3720241,
                                            "tx_pkts": 111607246,
                                            "tx_pps": 3720238
                                        },
                                        {
                                            "drop_pct": 10447,
                                            "drop_percentage": 0.006240332770598319,
                                            "rx_pkts": 167400497,
                                            "rx_pps": 5580007.767215815,
                                            "time_ms": 1542807209132,
                                            "total_tx_pps": 5580364,
                                            "tx_pkts": 167410944,
                                            "tx_pps": 5580356
                                        },
                                        {
                                            "drop_pct": 0,
                                            "drop_percentage": 0.0,
                                            "rx_pkts": 139509012,
                                            "rx_pps": 4650296.0,
                                            "time_ms": 1542807241178,
                                            "total_tx_pps": 4650300,
                                            "tx_pkts": 139509012,
                                            "tx_pps": 4650296
                                        },
                                        {
                                            "drop_pct": 0,
                                            "drop_percentage": 0.0,
                                            "rx_pkts": 153459842,
                                            "rx_pps": 5115326.0,
                                            "time_ms": 1542807273222,
                                            "total_tx_pps": 5115328,
                                            "tx_pkts": 153459842,
                                            "tx_pps": 5115326
                                        },
                                        {
                                            "drop_pct": 0,
                                            "drop_percentage": 0.0,
                                            "rx_pkts": 160434848,
                                            "rx_pps": 5347842.0,
                                            "time_ms": 1542807305269,
                                            "total_tx_pps": 5347828,
                                            "tx_pkts": 160434848,
                                            "tx_pps": 5347842
                                        },
                                        {
                                            "drop_pct": 0,
                                            "drop_percentage": 0.0,
                                            "rx_pkts": 163923040,
                                            "rx_pps": 5464098.0,
                                            "time_ms": 1542807337315,
                                            "total_tx_pps": 5464101,
                                            "tx_pkts": 163923040,
                                            "tx_pps": 5464098
                                        },
                                        {
                                            "drop_pct": 0,
                                            "drop_percentage": 0.0,
                                            "rx_pkts": 165667154,
                                            "rx_pps": 5522228.0,
                                            "time_ms": 1542807369356,
                                            "total_tx_pps": 5522238,
                                            "tx_pkts": 165667154,
                                            "tx_pps": 5522228
                                        },
                                        {
                                            "drop_pct": 0,
                                            "drop_percentage": 0.0,
                                            "ndr_pps": 2775646,
                                            "rx_pkts": 166538324,
                                            "rx_pps": 5551292.0,
                                            "time_ms": 1542807401402,
                                            "total_tx_pps": 5551277,
                                            "tx_pkts": 166538324,
                                            "tx_pps": 5551292
                                        }
                                    ]
                                },
                                "ndr": {
                                    "duration_sec": 30.0,
                                    "initial_rate_type": "rate_percent",
                                    "l2frame_size": "64",
                                    "load_percent_per_direction": 18.65234375,
                                    "rate_bps": 3730468750.0,
                                    "rate_percent": 37.3046875,
                                    "rate_pps": 5551292,