{
    "benchmarks": {
        "network": {
            "service_chain": {
                "EXT": {
                    "result": {
                        "bidirectional": true,
                        "compute_nodes": {},
                        "flow_count": 1024,
                        "profile": "traffic_profile_64B",
                        "result": {
                            "64": {
                                "iteration_stats": {
                                    "ndr_pdr": [
                                        {
                                            "drop_pct": 654073313,
                                            "drop_percentage": 79.669916080111,
                                            "rx_pkts": 166905728,
                                            "rx_pps": 6050620.059356803,
                                            "time_ms": 1543315310925,
                                            "total_tx_pps": 27365968,
                                            "tx_pkts": 820979041,
                                            "tx_pps": 29761904
                                        },
                                        {
                                            "drop_pct": 274339631,
                                            "drop_percentage": 61.4521014922178,
                                            "rx_pkts": 172088765,
                                            "rx_pps": 5736294.273951786,
                                            "time_ms": 1543315342968,
                                            "total_tx_pps": 14880946,
                                            "tx_pkts": 446428396,
                                            "tx_pps": 14880952
                                        },
                                        {
                                            "drop_pct": 54577139,
                                            "drop_percentage": 24.450305866602477,
                                            "rx_pkts": 168639451,
                                            "rx_pps": 5621256.86006885,
                                            "time_ms": 1543315375011,
                                            "total_tx_pps": 7440553,
                                            "tx_pkts": 223216590,
                                            "tx_pps": 7440476
                                        },
                                        {
                                            "drop_pct": 0,
                                            "drop_percentage": 0.0,
                                            "rx_pkts": 111607248,
                                            "rx_pps": 3720238.0,
                                            "time_ms": 1543315407054,
                                            "total_tx_pps": 3720241,
                                            "tx_pkts": 111607248,
                                            "tx_pps": 3720238
                                        },
                                        {
                                            "drop_pct": 1333905,
                                            "drop_percentage": 0.7967802005204934,
                                            "rx_pkts": 166078011,
                                            "rx_pps": 5535892.828273443,
                                            "time_ms": 1543315439098,
                                            "total_tx_pps": 5580397,
                                            "tx_pkts": 167411916,
                                            "tx_pps": 5580356
                                        },
                                        {
                                            "drop_pct": 0,
                                            "drop_percentage": 0.0,
                                            "rx_pkts": 139509688,
                                            "rx_pps": 4650296.0,
                                            "time_ms": 1543315471144,
                                            "total_tx_pps": 4650322,
                                            "tx_pkts": 139509688,
                                            "tx_pps": 4650296
                                        },
                                        {
                                            "drop_pct": 0,
                                            "drop_percentage": 0.0,
                                            "rx_pkts": 153458214,
                                            "rx_pps": 5115326.0,
                                            "time_ms": 1543315503189,
                                            "total_tx_pps": 5115273,
                                            "tx_pkts": 153458214,
                                            "tx_pps": 5115326
                                        },
                                        {
                                            "drop_pct": 0,
                                            "drop_percentage": 0.0,
                                            "rx_pkts": 160433960,
                                            "rx_pps": 5347842.0,
                                            "time_ms": 1543315535235,
                                            "total_tx_pps": 5347798,
                                            "tx_pkts": 160433960,
                                            "tx_pps": 5347842
                                        },
                                        {
                                            "drop_pct": 0,
                                            "drop_percentage": 0.0,
                                            "rx_pkts": 163923042,
                                            "rx_pps": 5464098.0,
                                            "time_ms": 1543315567278,
                                            "total_tx_pps": 5464101,
                                            "tx_pkts": 163923042,
                                            "tx_pps": 5464098
                                        },
                                        {
                                            "drop_pct": 0,
                                            "drop_percentage": 0.0,
                                            "rx_pkts": 165668106,
                                            "rx_pps": 5522228.0,
                                            "time_ms": 1543315599319,
                                            "total_tx_pps": 5522270,
                                            "tx_pkts": 165668106,
                                            "tx_pps": 5522228
                                        },
                                        {
                                            "drop_pct": 0,
                                            "drop_percentage": 0.0,
                                            "ndr_pps": 2775646,
                                            "rx_pkts": 166539286,
                                            "rx_pps": 5551292.0,
                                            "time_ms": 1543315631362,
                                            "total_tx_pps": 5551309,
                                            "tx_pkts": 166539286,
                                            "tx_pps": 5551292
                                        }
                                    ]
                                },
                                "ndr": {
                                    "duration_sec": 30.0,
                                    "initial_rate_type": "rate_percent",
                                    "l2frame_size": "64",
                                    "load_percent_per_direction": 18.65234375,
                                    "rate_bps": 3730468750.0,
                                    "rate_percent": 37.3046875,
                                    "rate_pps": 5551292,