{
    "benchmarks": {
        "network": {
            "service_chain": {
                "EXT": {
                    "result": {
                        "bidirectional": true,
                        "compute_nodes": {},
                        "flow_count": 1024,
                        "profile": "traffic_profile_64B",
                        "result": {
                            "64": {
                                "iteration_stats": {
                                    "ndr_pdr": [
                                        {
                                            "drop_pct": 652656482,
                                            "drop_percentage": 79.44198628520549,
                                            "rx_pkts": 168894580,
                                            "rx_pps": 6118456.306103977,
                                            "time_ms": 1543316024269,
                                            "total_tx_pps": 27385035,
                                            "tx_pkts": 821551062,
                                            "tx_pps": 29761904
                                        },
                                        {
                                            "drop_pct": 277863688,
                                            "drop_percentage": 62.24149057041613,
                                            "rx_pkts": 168564708,
                                            "rx_pps": 5618825.664131849,
                                            "time_ms": 1543316056310,
                                            "total_tx_pps": 14880946,
                                            "tx_pkts": 446428396,
                                            "tx_pps": 14880952
                                        },
                                        {
                                            "drop_pct": 55183236,
                                            "drop_percentage": 24.721834519557888,
                                            "rx_pkts": 168033354,
                                            "rx_pps": 5601053.835812581,
                                            "time_ms": 1543316088353,
                                            "total_tx_pps": 7440553,
                                            "tx_pkts": 223216590,
                                            "tx_pps": 7440476
                                        },
                                        {
                                            "drop_pct": 0,
                                            "drop_percentage": 0.0,
                                            "rx_pkts": 111607248,
                                            "rx_pps": 3720238.0,
                                            "time_ms": 1543316120396,
                                            "total_tx_pps": 3720241,
                                            "tx_pkts": 111607248,
                                            "tx_pps": 3720238
                                        },
                                        {
                                            "drop_pct": 0,
                                            "drop_percentage": 0.0,
                                            "rx_pkts": 167411916,
                                            "rx_pps": 5580356.0,
                                            "time_ms": 1543316152441,
                                            "total_tx_pps": 5580397,
                                            "tx_pkts": 167411916,
                                            "tx_pps": 5580356
                                        },
                                        {
                                            "drop_pct": 28673148,
                                            "drop_percentage": 14.680674024855097,
                                            "rx_pkts": 166639056,
                                            "rx_pps": 5554643.04937799,
                                            "time_ms": 1543316184483,
                                            "total_tx_pps": 6510406,
                                            "tx_pkts": 195312204,
                                            "tx_pps": 6510416
                                        },
                                        {
                                            "drop_pct": 12729598,
                                            "drop_percentage": 7.018979854726238,
                                            "rx_pkts": 168630062,
                                            "rx_pps": 5621061.574519559,
                                            "time_ms": 1543316216526,
                                            "total_tx_pps": 6045322,
                                            "tx_pkts": 181359660,
                                            "tx_pps": 6045386
                                        },
                                        {
                                            "drop_pct": 2156943,
                                            "drop_percentage": 1.2368754981322285,
                                            "rx_pkts": 172229485,
                                            "rx_pps": 5740974.010494211,
                                            "time_ms": 1543316248572,
                                            "total_tx_pps": 5812880,
                                            "tx_pkts": 174386428,
                                            "tx_pps": 5812872
                                        },
                                        {
                                            "drop_pct": 3507962,
                                            "drop_percentage": 2.052655226067665,
                                            "rx_pkts": 167390782,
                                            "rx_pps": 5579682.155020097,
                                            "time_ms": 1543316280614,
                                            "total_tx_pps": 5696624,
                                            "tx_pkts": 170898744,
                                            "tx_pps": 5696614
                                        },
                                        {
                                            "drop_pct": 740836,
                                            "drop_percentage": 0.4379674652807641,
                                            "rx_pkts": 168412368,
                                            "rx_pps": 5613789.2745449385,
                                            "time_ms": 1543316312660,
                                            "total_tx_pps": 5638440,
                                            "tx_pkts": 169153204,
                                            "tx_pps": 5638484
                                        },
                                        {
                                            "drop_pct": 100571,
                                            "drop_percentage": 0.0597633819084701,
                                            "ndr_pps": 2790178,
                                            "rx_pkts": 168181405,
                                            "rx_pps": 5606067.62090255,
                                            "time_ms": 1543316344704,
                                            "total_tx_pps": 5609399,
                                            "tx_pkts": 168281976,
                                            "tx_pps": 5609420
                                        }
                                    ]
                                },
                                "ndr": {
                                    "duration_sec": 30.0,
                                    "initial_rate_type": "rate_percent",
                                    "l2frame_size": "64",
                                    "load_percent_per_direction": 18.75,
                                    "rate_bps": 3750000000.0,