{
    "benchmarks": {
        "network": {
            "service_chain": {
                "EXT": {
                    "result": {
                        "bidirectional": true,
                        "compute_nodes": {},
                        "flow_count": 1024,
                        "profile": "traffic_profile_64B",
                        "result": {
                            "64": {
                                "iteration_stats": {
                                    "ndr_pdr": [
                                        {
                                            "drop_pct": 727311326,
                                            "drop_percentage": 88.62120821459042,
                                            "rx_pkts": 93385368,
                                            "rx_pps": 3386545.0875334833,
                                            "time_ms": 1542961980599,
                                            "total_tx_pps": 27356556,
                                            "tx_pkts": 820696694,
                                            "tx_pps": 29761904
                                        },
                                        {
                                            "drop_pct": 352997143,
                                            "drop_percentage": 79.07135320023508,
                                            "rx_pkts": 93431467,
                                            "rx_pps": 3114381.8845225535,
                                            "time_ms": 1542962012647,
                                            "total_tx_pps": 14880953,
                                            "tx_pkts": 446428610,
                                            "tx_pps": 14880952
                                        },
                                        {
                                            "drop_pct": 129883958,
                                            "drop_percentage": 58.18800998133193,
                                            "rx_pkts": 93330340,
                                            "rx_pps": 3111011.0824613934,
                                            "time_ms": 1542962044694,
                                            "total_tx_pps": 7440476,
                                            "tx_pkts": 223214298,
                                            "tx_pps": 7440476
                                        },
                                        {
                                            "drop_pct": 17673518,
                                            "drop_percentage": 15.835471682073118,
                                            "rx_pkts": 93933628,
                                            "rx_pps": 3131120.7650042768,
                                            "time_ms": 1542962076741,
                                            "total_tx_pps": 3720238,
                                            "tx_pkts": 111607146,
                                            "tx_pps": 3720238
                                        },
                                        {
                                            "drop_pct": 0,
                                            "drop_percentage": 0.0,
                                            "rx_pkts": 55803574,
                                            "rx_pps": 1860118.0,
                                            "time_ms": 1542962108786,
                                            "total_tx_pps": 1860119,
                                            "tx_pkts": 55803574,
                                            "tx_pps": 1860118
                                        },
                                        {
                                            "drop_pct": 367170,
                                            "drop_percentage": 0.43864575550826745,
                                            "rx_pkts": 83338188,
                                            "rx_pps": 2777939.0026318748,
                                            "time_ms": 1542962140826,
                                            "total_tx_pps": 2790178,
                                            "tx_pkts": 83705358,
                                            "tx_pps": 2790178
                                        },
                                        {
                                            "drop_pct": 66542,
                                            "drop_percentage": 0.09539460612042801,
                                            "rx_pkts": 69687926,
                                            "rx_pps": 2322929.934223683,
                                            "time_ms": 1542962172870,
                                            "total_tx_pps": 2325148,
                                            "tx_pkts": 69754468,
                                            "tx_pps": 2325148
                                        },
                                        {
                                            "drop_pct": 0,
                                            "drop_percentage": 0.0,
                                            "rx_pkts": 62779020,
                                            "rx_pps": 2092632.0,
                                            "time_ms": 1542962204916,
                                            "total_tx_pps": 2092634,
                                            "tx_pkts": 62779020,
                                            "tx_pps": 2092632
                                        },
                                        {
                                            "drop_pct": 0,
                                            "drop_percentage": 0.0,
                                            "rx_pkts": 66266744,
                                            "rx_pps": 2208890.0,
                                            "time_ms": 1542962236960,
                                            "total_tx_pps": 2208891,
                                            "tx_pkts": 66266744,
                                            "tx_pps": 2208890
                                        },
                                        {
                                            "drop_pct": 6,
                                            "drop_percentage": 8.822153415307018e-06,
                                            "rx_pkts": 68010600,
                                            "rx_pps": 2267019.8000000175,
                                            "time_ms": 1542962269007,
                                            "total_tx_pps": 2267020,
                                            "tx_pkts": 68010606,
                                            "tx_pps": 2267020
                                        },
                                        {
                                            "drop_pct": 0,
                                            "drop_percentage": 0.0,
                                            "ndr_pps": 1148042,
                                            "rx_pkts": 68882536,
                                            "rx_pps": 2296084.0,
                                            "time_ms": 1542962301051,
                                            "total_tx_pps": 2296084,
                                            "tx_pkts": 68882536,
                                            "tx_pps": 2296084
                                        }
                                    ]
                                },
                                "ndr": {
                                    "duration_sec": 30.0,
                                    "initial_rate_type": "rate_percent",
                                    "l2frame_size": "64",
                                    "load_percent_per_direction": 7.71484375,
                                    "rate_bps": 1542968750.0,
                                    "rate_percent": 15.4296875,