{
    "benchmarks": {
        "network": {
            "service_chain": {
                "EXT": {
                    "result": {
                        "bidirectional": true,
                        "compute_nodes": {},
                        "flow_count": 1024,
                        "profile": "traffic_profile_64B",
                        "result": {
                            "64": {
                                "iteration_stats": {
                                    "ndr_pdr": [
                                        {
                                            "drop_pct": 796268562,
                                            "drop_percentage": 96.92084569406916,
                                            "rx_pkts": 25297280,
                                            "rx_pps": 916414.9485430036,
                                            "time_ms": 1543318621704,
                                            "total_tx_pps": 27385528,
                                            "tx_pkts": 821565842,
                                            "tx_pps": 29761904
                                        },
                                        {
                                            "drop_pct": 421611481,
                                            "drop_percentage": 94.44100885553884,
                                            "rx_pkts": 24816915,
                                            "rx_pps": 827230.8038915158,
                                            "time_ms": 1543318653751,
                                            "total_tx_pps": 14880946,
                                            "tx_pkts": 446428396,
                                            "tx_pps": 14880952
                                        },
                                        {
                                            "drop_pct": 197060668,
                                            "drop_percentage": 88.28226790849193,
                                            "rx_pkts": 26155922,
                                            "rx_pps": 871855.0440129559,
                                            "time_ms": 1543318685795,
                                            "total_tx_pps": 7440553,
                                            "tx_pkts": 223216590,
                                            "tx_pps": 7440476
                                        },
                                        {
                                            "drop_pct": 85658754,
                                            "drop_percentage": 76.75017127919864,
                                            "rx_pkts": 25948494,
                                            "rx_pps": 864948.963006166,
                                            "time_ms": 1543318717839,
                                            "total_tx_pps": 3720241,
                                            "tx_pkts": 111607248,
                                            "tx_pps": 3720238
                                        },
                                        {
                                            "drop_pct": 34432245,
                                            "drop_percentage": 61.702701825105336,
                                            "rx_pkts": 21371219,
                                            "rx_pps": 712374.9368648871,
                                            "time_ms": 1543318749884,
                                            "total_tx_pps": 1860115,
                                            "tx_pkts": 55803464,
                                            "tx_pps": 1860118
                                        },
                                        {
                                            "drop_pct": 14752531,
                                            "drop_percentage": 52.87297581420807,
                                            "rx_pkts": 13149305,
                                            "rx_pps": 438308.65860189276,
                                            "time_ms": 1543318781929,
                                            "total_tx_pps": 930061,
                                            "tx_pkts": 27901836,
                                            "tx_pps": 930058
                                        },
                                        {
                                            "drop_pct": 6854844,
                                            "drop_percentage": 49.13548254650738,
                                            "rx_pkts": 7096060,
                                            "rx_pps": 236534.24822362766,
                                            "time_ms": 1543318813978,
                                            "total_tx_pps": 465030,
                                            "tx_pkts": 13950904,
                                            "tx_pps": 465028
                                        },
                                        {
                                            "drop_pct": 2624774,
                                            "drop_percentage": 37.628730009180764,
                                            "rx_pkts": 4350678,
                                            "rx_pps": 145021.93470645344,
                                            "time_ms": 1543318846023,
                                            "total_tx_pps": 232515,
                                            "tx_pkts": 6975452,
                                            "tx_pps": 232514
                                        },
                                        {
                                            "drop_pct": 619322,
                                            "drop_percentage": 17.757186200980236,
                                            "rx_pkts": 2868404,
                                            "rx_pps": 95612.20561018841,
                                            "time_ms": 1543318878066,
                                            "total_tx_pps": 116257,
                                            "tx_pkts": 3487726,
                                            "tx_pps": 116256
                                        },
                                        {
                                            "drop_pct": -334484,
                                            "drop_percentage": -19.18062417711473,
                                            "rx_pkts": 2078348,
                                            "rx_pps": 69277.31322167326,
                                            "time_ms": 1543318910109,
                                            "total_tx_pps": 58128,
                                            "tx_pkts": 1743864,
                                            "tx_pps": 58128
                                        },
                                        {
                                            "drop_pct": 142811,
                                            "drop_percentage": 5.459561831274304,
                                            "ndr_pps": 29064,
                                            "rx_pkts": 2472985,
                                            "rx_pps": 82431.6988480753,
                                            "time_ms": 1543318942149,
                                            "total_tx_pps": 87193,
                                            "tx_pkts": 2615796,
                                            "tx_pps": 87192
                                        }
                                    ]
                                },
                                "ndr": {
                                    "duration_sec": 30.0,
                                    "initial_rate_type": "rate_percent",
                                    "l2frame_size": "64",
                                    "load_percent_per_direction": 0.1953125,
                                    "rate_bps": 39062500.0,