{
    "benchmarks": {
        "network": {
            "service_chain": {
                "EXT": {
                    "result": {
                        "bidirectional": true,
                        "compute_nodes": {},
                        "flow_count": 1024,
                        "profile": "traffic_profile_64B",
                        "result": {
                            "64": {
                                "iteration_stats": {
                                    "ndr_pdr": [
                                        {
                                            "drop_pct": 791926827,
                                            "drop_percentage": 96.5168477540205,
                                            "rx_pkts": 28579484,
                                            "rx_pps": 1036652.4276222617,
                                            "time_ms": 1542973190787,
                                            "total_tx_pps": 27350210,
                                            "tx_pkts": 820506311,
                                            "tx_pps": 29761904
                                        },
                                        {
                                            "drop_pct": 417856010,
                                            "drop_percentage": 93.59978344029793,
                                            "rx_pkts": 28572384,
                                            "rx_pps": 952413.1541453169,
                                            "time_ms": 1542973222833,
                                            "total_tx_pps": 14880946,
                                            "tx_pkts": 446428394,
                                            "tx_pps": 14880952
                                        },
                                        {
                                            "drop_pct": 194630371,
                                            "drop_percentage": 87.19443422182783,
                                            "rx_pkts": 28583843,
                                            "rx_pps": 952795.0483891133,
                                            "time_ms": 1542973254881,
                                            "total_tx_pps": 7440473,
                                            "tx_pkts": 223214214,
                                            "tx_pps": 7440476
                                        },
                                        {
                                            "drop_pct": 82988402,
                                            "drop_percentage": 74.35761142804326,
                                            "rx_pkts": 28618736,
                                            "rx_pps": 953957.8837615921,
                                            "time_ms": 1542973286925,
                                            "total_tx_pps": 3720237,
                                            "tx_pkts": 111607138,
                                            "tx_pps": 3720238
                                        },
                                        {
                                            "drop_pct": 27146320,
                                            "drop_percentage": 48.64620668534289,
                                            "rx_pkts": 28657250,
                                            "rx_pps": 955241.1531287335,
                                            "time_ms": 1542973318972,
                                            "total_tx_pps": 1860119,
                                            "tx_pkts": 55803570,
                                            "tx_pps": 1860118
                                        },
                                        {
                                            "drop_pct": 14830,
                                            "drop_percentage": 0.053150719455736635,
                                            "rx_pkts": 27886956,
                                            "rx_pps": 929563.6674816443,
                                            "time_ms": 1542973351017,
                                            "total_tx_pps": 930059,
                                            "tx_pkts": 27901786,
                                            "tx_pps": 930058
                                        },
                                        {
                                            "drop_pct": 0,
                                            "drop_percentage": 0.0,
                                            "rx_pkts": 13950894,
                                            "rx_pps": 465028.0,
                                            "time_ms": 1542973383061,
                                            "total_tx_pps": 465029,
                                            "tx_pkts": 13950894,
                                            "tx_pps": 465028
                                        },
                                        {
                                            "drop_pct": 0,
                                            "drop_percentage": 0.0,
                                            "rx_pkts": 20926340,
                                            "rx_pps": 697544.0,
                                            "time_ms": 1542973415107,
                                            "total_tx_pps": 697544,
                                            "tx_pkts": 20926340,
                                            "tx_pps": 697544
                                        },
                                        {
                                            "drop_pct": 0,
                                            "drop_percentage": 0.0,
                                            "rx_pkts": 24414064,
                                            "rx_pps": 813802.0,
                                            "time_ms": 1542973447153,
                                            "total_tx_pps": 813802,
                                            "tx_pkts": 24414064,
                                            "tx_pps": 813802
                                        },
                                        {
                                            "drop_pct": 2492,
                                            "drop_percentage": 0.009526749177285692,
                                            "rx_pkts": 26155434,
                                            "rx_pps": 871846.9334158986,
                                            "time_ms": 1542973479198,
                                            "total_tx_pps": 871930,
                                            "tx_pkts": 26157926,
                                            "tx_pps": 871930
                                        },
                                        {
                                            "drop_pct": 62,
                                            "drop_percentage": 0.00024519502772958027,
                                            "ndr_pps": 421433,
                                            "rx_pkts": 25285932,
                                            "rx_pps": 842863.9333344776,
                                            "time_ms": 1542973511247,
                                            "total_tx_pps": 842866,
                                            "tx_pkts": 25285994,
                                            "tx_pps": 842866
                                        }
                                    ]
                                },
                                "ndr": {
                                    "duration_sec": 30.0,
                                    "initial_rate_type": "rate_percent",
                                    "l2frame_size": "64",
                                    "load_percent_per_direction": 2.83203125,
                                    "rate_bps": 566406250.0,
                                    "rate_percent": 5.6640625,