{
    "benchmarks": {
        "network": {
            "service_chain": {
                "EXT": {
                    "result": {
                        "bidirectional": true,
                        "compute_nodes": {},
                        "flow_count": 1024,
                        "profile": "traffic_profile_64B",
                        "result": {
                            "64": {
                                "iteration_stats": {
                                    "ndr_pdr": [
                                        {
                                            "drop_pct": 662469980,
                                            "drop_percentage": 80.61667411975733,
                                            "rx_pkts": 159283072,
                                            "rx_pps": 5768846.840484977,
                                            "time_ms": 1542964209792,
                                            "total_tx_pps": 27391768,
                                            "tx_pkts": 821753052,
                                            "tx_pps": 29761904
                                        },
                                        {
                                            "drop_pct": 287385757,
                                            "drop_percentage": 64.3744042944488,
                                            "rx_pkts": 159042851,
                                            "rx_pps": 5301427.796657136,
                                            "time_ms": 1542964241835,
                                            "total_tx_pps": 14880953,
                                            "tx_pkts": 446428608,
                                            "tx_pps": 14880952
                                        },
                                        {
                                            "drop_pct": 63855416,
                                            "drop_percentage": 28.607228638269664,
                                            "rx_pkts": 159358852,
                                            "rx_pps": 5311962.018904419,
                                            "time_ms": 1542964273880,
                                            "total_tx_pps": 7440475,
                                            "tx_pkts": 223214268,
                                            "tx_pps": 7440476
                                        },
                                        {
                                            "drop_pct": 28234,
                                            "drop_percentage": 0.025297665100954384,
                                            "rx_pkts": 111578904,
                                            "rx_pps": 3719296.866649802,
                                            "time_ms": 1542964305927,
                                            "total_tx_pps": 3720237,
                                            "tx_pkts": 111607138,
                                            "tx_pps": 3720238
                                        },
                                        {
                                            "drop_pct": 0,
                                            "drop_percentage": 0.0,
                                            "rx_pkts": 55803572,
                                            "rx_pps": 1860118.0,
                                            "time_ms": 1542964337970,
                                            "total_tx_pps": 1860119,
                                            "tx_pkts": 55803572,
                                            "tx_pps": 1860118
                                        },
                                        {
                                            "drop_pct": 0,
                                            "drop_percentage": 0.0,
                                            "rx_pkts": 83705356,
                                            "rx_pps": 2790178.0,
                                            "time_ms": 1542964370015,
                                            "total_tx_pps": 2790178,
                                            "tx_pkts": 83705356,
                                            "tx_pps": 2790178
                                        },
                                        {
                                            "drop_pct": 0,
                                            "drop_percentage": 0.0,
                                            "rx_pkts": 97656246,
                                            "rx_pps": 3255208.0,
                                            "time_ms": 1542964402063,
                                            "total_tx_pps": 3255208,
                                            "tx_pkts": 97656246,
                                            "tx_pps": 3255208
                                        },
                                        {
                                            "drop_pct": 0,
                                            "drop_percentage": 0.0,
                                            "rx_pkts": 104631696,
                                            "rx_pps": 3487722.0,
                                            "time_ms": 1542964434108,
                                            "total_tx_pps": 3487723,
                                            "tx_pkts": 104631696,
                                            "tx_pps": 3487722
                                        },
                                        {
                                            "drop_pct": 0,
                                            "drop_percentage": 0.0,
                                            "rx_pkts": 108119416,
                                            "rx_pps": 3603980.0,
                                            "time_ms": 1542964466152,
                                            "total_tx_pps": 3603980,
                                            "tx_pkts": 108119416,
                                            "tx_pps": 3603980
                                        },
                                        {
                                            "drop_pct": 0,
                                            "drop_percentage": 0.0,
                                            "rx_pkts": 109863282,
                                            "rx_pps": 3662108.0,
                                            "time_ms": 1542964498194,
                                            "total_tx_pps": 3662109,
                                            "tx_pkts": 109863282,
                                            "tx_pps": 3662108
                                        },
                                        {
                                            "drop_pct": 31795,
                                            "drop_percentage": 0.028712636457041814,
                                            "ndr_pps": 1831054,
                                            "rx_pkts": 110703421,
                                            "rx_pps": 3690112.167202636,
                                            "time_ms": 1542964530241,
                                            "total_tx_pps": 3691173,
                                            "tx_pkts": 110735216,
                                            "tx_pps": 3691172
                                        }
                                    ]
                                },
                                "ndr": {
                                    "duration_sec": 30.0,
                                    "initial_rate_type": "rate_percent",
                                    "l2frame_size": "64",
                                    "load_percent_per_direction": 12.3046875,
                                    "rate_bps": 2460937500.0,
                                    "rate_percent": 24.609375,
                                    "rate_pps": 3662108,