{
    "benchmarks": {
        "network": {
            "service_chain": {
                "EXT": {
                    "result": {
                        "bidirectional": true,
                        "compute_nodes": {},
                        "flow_count": 1024,
                        "profile": "traffic_profile_64B",
                        "result": {
                            "64": {
                                "iteration_stats": {
                                    "ndr_pdr": [
                                        {
                                            "drop_pct": 775541347,
                                            "drop_percentage": 94.48910705529251,
                                            "rx_pkts": 45231937,
                                            "rx_pps": 1640146.6677466172,
                                            "time_ms": 1542965226037,
                                            "total_tx_pps": 27359109,
                                            "tx_pkts": 820773284,
                                            "tx_pps": 29761904
                                        },
                                        {
                                            "drop_pct": 401242260,
                                            "drop_percentage": 89.87830196123232,
                                            "rx_pkts": 45186134,
                                            "rx_pps": 1506205.0267339593,
                                            "time_ms": 1542965258079,
                                            "total_tx_pps": 14880946,
                                            "tx_pkts": 446428394,
                                            "tx_pps": 14880952
                                        },
                                        {
                                            "drop_pct": 178005716,
                                            "drop_percentage": 79.74654780440119,
                                            "rx_pkts": 45208606,
                                            "rx_pps": 1506953.2497850026,
                                            "time_ms": 1542965290126,
                                            "total_tx_pps": 7440477,
                                            "tx_pkts": 223214322,
                                            "tx_pps": 7440476
                                        },
                                        {
                                            "drop_pct": 66357619,
                                            "drop_percentage": 59.4564292115438,
                                            "rx_pkts": 45249519,
                                            "rx_pps": 1508317.3270290473,
                                            "time_ms": 1542965322170,
                                            "total_tx_pps": 3720237,
                                            "tx_pkts": 111607138,
                                            "tx_pps": 3720238
                                        },
                                        {
                                            "drop_pct": 2254979,
                                            "drop_percentage": 4.040922471447615,
                                            "rx_pkts": 53548591,
                                            "rx_pps": 1784952.073742558,
                                            "time_ms": 1542965354211,
                                            "total_tx_pps": 1860119,
                                            "tx_pkts": 55803570,
                                            "tx_pps": 1860118
                                        },
                                        {
                                            "drop_pct": 0,
                                            "drop_percentage": 0.0,
                                            "rx_pkts": 27901786,
                                            "rx_pps": 930058.0,
                                            "time_ms": 1542965386256,
                                            "total_tx_pps": 930059,
                                            "tx_pkts": 27901786,
                                            "tx_pps": 930058
                                        },
                                        {
                                            "drop_pct": 10043,
                                            "drop_percentage": 0.02399607384760068,
                                            "rx_pkts": 41842637,
                                            "rx_pps": 1394753.2336532811,
                                            "time_ms": 1542965418302,
                                            "total_tx_pps": 1395089,
                                            "tx_pkts": 41852680,
                                            "tx_pps": 1395088
                                        },
                                        {
                                            "drop_pct": 0,
                                            "drop_percentage": 0.0,
                                            "rx_pkts": 34877234,
                                            "rx_pps": 1162574.0,
                                            "time_ms": 1542965450350,
                                            "total_tx_pps": 1162574,
                                            "tx_pkts": 34877234,
                                            "tx_pps": 1162574
                                        },
                                        {
                                            "drop_pct": 0,
                                            "drop_percentage": 0.0,
                                            "rx_pkts": 38364956,
                                            "rx_pps": 1278830.0,
                                            "time_ms": 1542965482396,
                                            "total_tx_pps": 1278831,
                                            "tx_pkts": 38364956,
                                            "tx_pps": 1278830
                                        },
                                        {
                                            "drop_pct": 0,
                                            "drop_percentage": 0.0,
                                            "rx_pkts": 40108816,
                                            "rx_pps": 1336960.0,
                                            "time_ms": 1542965514446,
                                            "total_tx_pps": 1336960,
                                            "tx_pkts": 40108816,
                                            "tx_pps": 1336960
                                        },
                                        {
                                            "drop_pct": 0,
                                            "drop_percentage": 0.0,
                                            "ndr_pps": 683012,
                                            "rx_pkts": 40980748,
                                            "rx_pps": 1366024.0,
                                            "time_ms": 1542965546493,
                                            "total_tx_pps": 1366024,
                                            "tx_pkts": 40980748,
                                            "tx_pps": 1366024
                                        }
                                    ]
                                },
                                "ndr": {
                                    "duration_sec": 30.0,
                                    "initial_rate_type": "rate_percent",
                                    "l2frame_size": "64",
                                    "load_percent_per_direction": 4.58984375,
                                    "rate_bps": 917968750.0,
                                    "rate_percent": 9.1796875,
                                    "rate_pps": 1366024,