{
    "benchmarks": {
        "network": {
            "service_chain": {
                "EXT": {
                    "result": {
                        "bidirectional": true,
                        "compute_nodes": {},
                        "flow_count": 1024,
                        "profile": "traffic_profile_64B",
                        "result": {
                            "64": {
                                "iteration_stats": {
                                    "ndr_pdr": [
                                        {
                                            "drop_pct": 733223368,
                                            "drop_percentage": 89.26949869735638,
                                            "rx_pkts": 88135975,
                                            "rx_pps": 3193601.496411543,
                                            "time_ms": 1543317722207,
                                            "total_tx_pps": 27378644,
                                            "tx_pkts": 821359343,
                                            "tx_pps": 29761904
                                        },
                                        {
                                            "drop_pct": 358487307,
                                            "drop_percentage": 80.30118832315496,
                                            "rx_pkts": 87941089,
                                            "rx_pps": 2931370.710201706,
                                            "time_ms": 1543317754249,
                                            "total_tx_pps": 14880946,
                                            "tx_pkts": 446428396,
                                            "tx_pps": 14880952
                                        },
                                        {
                                            "drop_pct": 136131395,
                                            "drop_percentage": 60.986235386894855,
                                            "rx_pkts": 87085195,
                                            "rx_pps": 2902809.792734581,
                                            "time_ms": 1543317786292,
                                            "total_tx_pps": 7440553,
                                            "tx_pkts": 223216590,
                                            "tx_pps": 7440476
                                        },
                                        {
                                            "drop_pct": 55295162,
                                            "drop_percentage": 49.54441847719424,
                                            "rx_pkts": 56312086,
                                            "rx_pps": 1877067.7169323983,
                                            "time_ms": 1543317818335,
                                            "total_tx_pps": 3720241,
                                            "tx_pkts": 111607248,
                                            "tx_pps": 3720238
                                        },
                                        {
                                            "drop_pct": 27338367,
                                            "drop_percentage": 48.99044797649121,
                                            "rx_pkts": 28465097,
                                            "rx_pps": 948837.8589086512,
                                            "time_ms": 1543317850380,
                                            "total_tx_pps": 1860115,
                                            "tx_pkts": 55803464,
                                            "tx_pps": 1860118
                                        },
                                        {
                                            "drop_pct": 13370984,
                                            "drop_percentage": 47.92152028991927,
                                            "rx_pkts": 14530852,
                                            "rx_pps": 484360.0668219826,
                                            "time_ms": 1543317882424,
                                            "total_tx_pps": 930061,
                                            "tx_pkts": 27901836,
                                            "tx_pps": 930058
                                        },
                                        {
                                            "drop_pct": 6388680,
                                            "drop_percentage": 45.794021663399015,
                                            "rx_pkts": 7562224,
                                            "rx_pps": 252072.97693912883,
                                            "time_ms": 1543317914467,
                                            "total_tx_pps": 465030,
                                            "tx_pkts": 13950904,
                                            "tx_pps": 465028
                                        },
                                        {
                                            "drop_pct": 2882207,
                                            "drop_percentage": 41.31928654945945,
                                            "rx_pkts": 4093245,
                                            "rx_pps": 136440.87407238985,
                                            "time_ms": 1543317946512,
                                            "total_tx_pps": 232515,
                                            "tx_pkts": 6975452,
                                            "tx_pps": 232514
                                        },
                                        {
                                            "drop_pct": 1144521,
                                            "drop_percentage": 32.81567990146015,
                                            "rx_pkts": 2343205,
                                            "rx_pps": 78105.80317375848,
                                            "time_ms": 1543317978558,
                                            "total_tx_pps": 116257,
                                            "tx_pkts": 3487726,
                                            "tx_pps": 116256
                                        },
                                        {
                                            "drop_pct": 271876,
                                            "drop_percentage": 15.590435951427406,
                                            "rx_pkts": 1471988,
                                            "rx_pps": 49065.59139015428,
                                            "time_ms": 1543318010602,
                                            "total_tx_pps": 58128,
                                            "tx_pkts": 1743864,
                                            "tx_pps": 58128
                                        },
                                        {
                                            "drop_pct": 35,
                                            "drop_percentage": 0.004014065284757791,
                                            "ndr_pps": 0,
                                            "rx_pkts": 871899,
                                            "rx_pps": 29062.833352065634,
                                            "time_ms": 1543318042647,
                                            "total_tx_pps": 29064,
                                            "tx_pkts": 871934,
                                            "tx_pps": 29064
                                        }
                                    ]
                                },
                                "ndr": {
                                    "duration_sec": 0,
                                    "initial_rate_type": 0,
                                    "l2frame_size": 0,
                                    "load_percent_per_direction": 0,
                                    "rate_bps": 0,