{
    "benchmarks": {
        "network": {
            "service_chain": {
                "EXT": {
                    "result": {
                        "bidirectional": true,
                        "compute_nodes": {},
                        "flow_count": 1024,
                        "profile": "traffic_profile_64B",
                        "result": {
                            "64": {
                                "iteration_stats": {
                                    "ndr_pdr": [
                                        {
                                            "drop_pct": 816472903,
                                            "drop_percentage": 99.39684249930382,
                                            "rx_pkts": 4954501,
                                            "rx_pps": 179511.15632599776,
                                            "time_ms": 1543319622247,
                                            "total_tx_pps": 27380913,
                                            "tx_pkts": 821427404,
                                            "tx_pps": 29761904
                                        },
                                        {
                                            "drop_pct": 441143748,
                                            "drop_percentage": 98.81623838282904,
                                            "rx_pkts": 5284648,
                                            "rx_pps": 176154.99804563407,
                                            "time_ms": 1543319654297,
                                            "total_tx_pps": 14880946,
                                            "tx_pkts": 446428396,
                                            "tx_pps": 14880952
                                        },
                                        {
                                            "drop_pct": 217676171,
                                            "drop_percentage": 97.51791791102983,
                                            "rx_pkts": 5540419,
                                            "rx_pps": 184678.72213012443,
                                            "time_ms": 1543319686340,
                                            "total_tx_pps": 7440553,
                                            "tx_pkts": 223216590,
                                            "tx_pps": 7440476
                                        },
                                        {
                                            "drop_pct": 106113280,
                                            "drop_percentage": 95.07740930947423,
                                            "rx_pkts": 5493968,
                                            "rx_pps": 183132.08945340195,
                                            "time_ms": 1543319718386,
                                            "total_tx_pps": 3720241,
                                            "tx_pkts": 111607248,
                                            "tx_pps": 3720238
                                        },
                                        {
                                            "drop_pct": 50003362,
                                            "drop_percentage": 89.60619720668237,
                                            "rx_pkts": 5800102,
                                            "rx_pps": 193336.9966430041,
                                            "time_ms": 1543319750432,
                                            "total_tx_pps": 1860115,
                                            "tx_pkts": 55803464,
                                            "tx_pps": 1860118
                                        },
                                        {
                                            "drop_pct": 23211776,
                                            "drop_percentage": 83.19085525411303,
                                            "rx_pkts": 4690060,
                                            "rx_pps": 156334.79544070142,
                                            "time_ms": 1543319782475,
                                            "total_tx_pps": 930061,
                                            "tx_pkts": 27901836,
                                            "tx_pps": 930058
                                        },
                                        {
                                            "drop_pct": 10389178,
                                            "drop_percentage": 74.4695684236663,
                                            "rx_pkts": 3561726,
                                            "rx_pps": 118723.65535079307,
                                            "time_ms": 1543319814519,
                                            "total_tx_pps": 465030,
                                            "tx_pkts": 13950904,
                                            "tx_pps": 465028
                                        },
                                        {
                                            "drop_pct": 3929778,
                                            "drop_percentage": 56.33725241030975,
                                            "rx_pkts": 3045674,
                                            "rx_pps": 101522.00093069239,
                                            "time_ms": 1543319846558,
                                            "total_tx_pps": 232515,
                                            "tx_pkts": 6975452,
                                            "tx_pps": 232514
                                        },
                                        {
                                            "drop_pct": 1029921,
                                            "drop_percentage": 29.529871325901176,
                                            "rx_pkts": 2457805,
                                            "rx_pps": 81925.75279136031,
                                            "time_ms": 1543319878604,
                                            "total_tx_pps": 116257,
                                            "tx_pkts": 3487726,
                                            "tx_pps": 116256
                                        },
                                        {
                                            "drop_pct": -446216,
                                            "drop_percentage": -25.58777519347839,
                                            "rx_pkts": 2190080,
                                            "rx_pps": 73001.66196446512,
                                            "time_ms": 1543319910644,
                                            "total_tx_pps": 58128,
                                            "tx_pkts": 1743864,
                                            "tx_pps": 58128
                                        },
                                        {
                                            "drop_pct": 318693,
                                            "drop_percentage": 12.183404210420079,
                                            "ndr_pps": 29064,
                                            "rx_pkts": 2297103,
                                            "rx_pps": 76569.04620085053,
                                            "time_ms": 1543319942686,
                                            "total_tx_pps": 87193,
                                            "tx_pkts": 2615796,
                                            "tx_pps": 87192
                                        }
                                    ]
                                },
                                "ndr": {
                                    "duration_sec": 30.0,
                                    "initial_rate_type": "rate_percent",
                                    "l2frame_size": "64",
                                    "load_percent_per_direction": 0.1953125,
                                    "rate_bps": 39062500.0,