{
    "benchmarks": {
        "network": {
            "service_chain": {
                "EXT": {
                    "result": {
                        "bidirectional": true,
                        "compute_nodes": {},
                        "flow_count": 1000,
                        "profile": "traffic_profile_64B",
                        "result": {
                            "64": {
                                "iteration_stats": {
                                    "ndr_pdr": [
                                        {
                                            "drop_pct": 1180214217,
                                            "drop_percentage": 96.09875502085723,
                                            "rx_pkts": 47912221,
                                            "rx_pps": 2770770.5321253296,
                                            "time_ms": 1541769890780,
                                            "total_tx_pps": 40937547,
                                            "tx_pkts": 1228126438,
                                            "tx_pps": 71022726,
                                            "warning": "WARNING: There is a significant difference between requested TX rate (71022726) and actual TX rate (40937547). The traffic generator may not have sufficient CPU to achieve the requested TX rate."
                                        },
                                        {
                                            "drop_pct": 1017484963,
                                            "drop_percentage": 95.50618600502872,
                                            "rx_pkts": 47875309,
                                            "rx_pps": 1595814.5553609119,
                                            "time_ms": 1541769922819,
                                            "total_tx_pps": 35512009,
                                            "tx_pkts": 1065360272,
                                            "tx_pps": 35511362
                                        },
                                        {
                                            "drop_pct": 484846231,
                                            "drop_percentage": 91.02173665154025,
                                            "rx_pkts": 47824589,
                                            "rx_pps": 1594151.7097097978,
                                            "time_ms": 1541769954853,
                                            "total_tx_pps": 17755694,
                                            "tx_pkts": 532670820,
                                            "tx_pps": 17755680
                                        },
                                        {
                                            "drop_pct": 218632870,
                                            "drop_percentage": 82.089138946361,
                                            "rx_pkts": 47703058,
                                            "rx_pps": 1590097.5869643844,
                                            "time_ms": 1541769986888,
                                            "total_tx_pps": 8877864,
                                            "tx_pkts": 266335928,
                                            "tx_pps": 8877840
                                        },
                                        {
                                            "drop_pct": 85277117,
                                            "drop_percentage": 64.03730259935507,
                                            "rx_pkts": 47890761,
                                            "rx_pps": 1596355.3674567079,
                                            "time_ms": 1541770018931,
                                            "total_tx_pps": 4438929,
                                            "tx_pkts": 133167878,
                                            "tx_pps": 4438920
                                        },
                                        {
                                            "drop_pct": 13508428,
                                            "drop_percentage": 20.287837262217575,
                                            "rx_pkts": 53075446,
                                            "rx_pps": 1769179.5670999857,
                                            "time_ms": 1541770050970,
                                            "total_tx_pps": 2219462,
                                            "tx_pkts": 66583874,
                                            "tx_pps": 2219460
                                        },
                                        {
                                            "drop_pct": 0,
                                            "drop_percentage": 0.0,
                                            "rx_pkts": 33291912,
                                            "rx_pps": 1109730.0,
                                            "time_ms": 1541770083001,
                                            "total_tx_pps": 1109730,
                                            "tx_pkts": 33291912,
                                            "tx_pps": 1109730
                                        },
                                        {
                                            "drop_pct": 0,
                                            "drop_percentage": 0.0,
                                            "rx_pkts": 49937874,
                                            "rx_pps": 1664594.0,
                                            "time_ms": 1541770115035,
                                            "total_tx_pps": 1664595,
                                            "tx_pkts": 49937874,
                                            "tx_pps": 1664594
                                        },
                                        {
                                            "drop_pct": 4396,
                                            "drop_percentage": 0.007545382920802624,
                                            "rx_pkts": 58256398,
                                            "rx_pps": 1941879.4667018787,
                                            "time_ms": 1541770147067,
                                            "total_tx_pps": 1942026,
                                            "tx_pkts": 58260794,
                                            "tx_pps": 1942026
                                        },
                                        {
                                            "drop_pct": 0,
                                            "drop_percentage": 0.0,
                                            "rx_pkts": 54099312,
                                            "rx_pps": 1803310.0,
                                            "time_ms": 1541770179102,
                                            "total_tx_pps": 1803310,
                                            "tx_pkts": 54099312,
                                            "tx_pps": 1803310
                                        },
                                        {
                                            "drop_pct": 0,
                                            "drop_percentage": 0.0,
                                            "ndr_pps": 936334,
                                            "rx_pkts": 56180112,
                                            "rx_pps": 1872668.0,
                                            "time_ms": 1541770211135,
                                            "total_tx_pps": 1872670,
                                            "tx_pkts": 56180112,
                                            "tx_pps": 1872668
                                        }
                                    ]
                                },
                                "ndr": {
                                    "actual_l2frame_size": "68",
                                    "duration_sec": 30.0,