{
    "benchmarks": {
        "network": {
            "service_chain": {
                "EXT": {
                    "result": {
                        "bidirectional": true,
                        "compute_nodes": {},
                        "flow_count": 1024,
                        "profile": "traffic_profile_64B",
                        "result": {
                            "64": {
                                "iteration_stats": {
                                    "ndr_pdr": [
                                        {
                                            "drop_pct": 1171971302,
                                            "drop_percentage": 94.96469302495116,
                                            "rx_pkts": 62141361,
                                            "rx_pps": 3746508.0700483494,
                                            "time_ms": 1542365151552,
                                            "total_tx_pps": 41137088,
                                            "tx_pkts": 1234112663,
                                            "tx_pps": 74404760,
                                            "warning": "WARNING: There is a significant difference between requested TX rate (74404760) and actual TX rate (41137088). The traffic generator may not have sufficient CPU to achieve the requested TX rate."
                                        },
                                        {
                                            "drop_pct": 1053676311,
                                            "drop_percentage": 94.40963436882843,
                                            "rx_pkts": 62392317,
                                            "rx_pps": 2079749.0654978442,
                                            "time_ms": 1542365183591,
                                            "total_tx_pps": 37202287,
                                            "tx_pkts": 1116068628,
                                            "tx_pps": 37202380
                                        },
                                        {
                                            "drop_pct": 495712689,
                                            "drop_percentage": 88.83215167912553,
                                            "rx_pkts": 62320275,
                                            "rx_pps": 2077352.6850776696,
                                            "time_ms": 1542365215631,
                                            "total_tx_pps": 18601098,
                                            "tx_pkts": 558032964,
                                            "tx_pps": 18601190
                                        },
                                        {
                                            "drop_pct": 216643665,
                                            "drop_percentage": 77.64589353500203,
                                            "rx_pkts": 62371303,
                                            "rx_pps": 2079064.6846372131,
                                            "time_ms": 1542365247678,
                                            "total_tx_pps": 9300498,
                                            "tx_pkts": 279014968,
                                            "tx_pps": 9300594
                                        },
                                        {
                                            "drop_pct": 77247351,
                                            "drop_percentage": 55.3720381645919,
                                            "rx_pkts": 62258713,
                                            "rx_pps": 2075332.3241135094,
                                            "time_ms": 1542365279717,
                                            "total_tx_pps": 4650202,
                                            "tx_pkts": 139506064,
                                            "tx_pps": 4650296
                                        },
                                        {
                                            "drop_pct": 7435228,
                                            "drop_percentage": 10.659579346185108,
                                            "rx_pkts": 62316380,
                                            "rx_pps": 2077297.0040237638,
                                            "time_ms": 1542365311756,
                                            "total_tx_pps": 2325053,
                                            "tx_pkts": 69751608,
                                            "tx_pps": 2325148
                                        },
                                        {
                                            "drop_pct": 0,
                                            "drop_percentage": 0.0,
                                            "rx_pkts": 34874376,
                                            "rx_pps": 1162574.0,
                                            "time_ms": 1542365343806,
                                            "total_tx_pps": 1162479,
                                            "tx_pkts": 34874376,
                                            "tx_pps": 1162574
                                        },
                                        {
                                            "drop_pct": 0,
                                            "drop_percentage": 0.0,
                                            "rx_pkts": 52312994,
                                            "rx_pps": 1743860.0,
                                            "time_ms": 1542365375844,
                                            "total_tx_pps": 1743766,
                                            "tx_pkts": 52312994,
                                            "tx_pps": 1743860
                                        },
                                        {
                                            "drop_pct": 0,
                                            "drop_percentage": 0.0,
                                            "rx_pkts": 61032298,
                                            "rx_pps": 2034504.0,
                                            "time_ms": 1542365407882,
                                            "total_tx_pps": 2034409,
                                            "tx_pkts": 61032298,
                                            "tx_pps": 2034504
                                        },
                                        {
                                            "drop_pct": 3942809,
                                            "drop_percentage": 6.029501917911856,
                                            "rx_pkts": 61449143,
                                            "rx_pps": 2048393.3495228586,
                                            "time_ms": 1542365439925,
                                            "total_tx_pps": 2179731,
                                            "tx_pkts": 65391952,
                                            "tx_pps": 2179826
                                        },
                                        {
                                            "drop_pct": 333251,
                                            "drop_percentage": 0.5271947180768854,
                                            "ndr_pps": 1017252,
                                            "rx_pkts": 62878877,
                                            "rx_pps": 2096057.1321468882,
                                            "time_ms": 1542365471962,
                                            "total_tx_pps": 2107070,
                                            "tx_pkts": 63212128,
                                            "tx_pps": 2107166
                                        }
                                    ]
                                },
                                "ndr": {
                                    "duration_sec": 30.0,