{
    "benchmarks": {
        "network": {
            "service_chain": {
                "EXT": {
                    "result": {
                        "bidirectional": true,
                        "compute_nodes": {},
                        "flow_count": 1024,
                        "profile": "traffic_profile_64B",
                        "result": {
                            "64": {
                                "iteration_stats": {
                                    "ndr_pdr": [
                                        {
                                            "drop_pct": 1158815989,
                                            "drop_percentage": 92.4600966164199,
                                            "rx_pkts": 94498718,
                                            "rx_pps": 5610047.01678465,
                                            "time_ms": 1542623012464,
                                            "total_tx_pps": 41777156,
                                            "tx_pkts": 1253314707,
                                            "tx_pps": 74404760,
                                            "warning": "WARNING: There is a significant difference between requested TX rate (74404760) and actual TX rate (41777156). The traffic generator may not have sufficient CPU to achieve the requested TX rate."
                                        },
                                        {
                                            "drop_pct": 1021551453,
                                            "drop_percentage": 91.52996836980387,
                                            "rx_pkts": 94532679,
                                            "rx_pps": 3151053.35318576,
                                            "time_ms": 1542623044513,
                                            "total_tx_pps": 37202804,
                                            "tx_pkts": 1116084132,
                                            "tx_pps": 37202380
                                        },
                                        {
                                            "drop_pct": 463069596,
                                            "drop_percentage": 82.9834317135954,
                                            "rx_pkts": 94956972,
                                            "rx_pps": 3165284.198433865,
                                            "time_ms": 1542623076563,
                                            "total_tx_pps": 18600885,
                                            "tx_pkts": 558026568,
                                            "tx_pps": 18601190
                                        },
                                        {
                                            "drop_pct": 184118105,
                                            "drop_percentage": 65.98948152965795,
                                            "rx_pkts": 94893187,
                                            "rx_pps": 3163180.240221524,
                                            "time_ms": 1542623108610,
                                            "total_tx_pps": 9300376,
                                            "tx_pkts": 279011292,
                                            "tx_pps": 9300594
                                        },
                                        {
                                            "drop_pct": 64894562,
                                            "drop_percentage": 46.518392218319,
                                            "rx_pkts": 74608458,
                                            "rx_pps": 2487053.0674072,
                                            "time_ms": 1542623140659,
                                            "total_tx_pps": 4650100,
                                            "tx_pkts": 139503020,
                                            "tx_pps": 4650296
                                        },
                                        {
                                            "drop_pct": 29987374,
                                            "drop_percentage": 42.99339056729291,
                                            "rx_pkts": 39761426,
                                            "rx_pps": 1325488.0390924,
                                            "time_ms": 1542623172710,
                                            "total_tx_pps": 2324960,
                                            "tx_pkts": 69748800,
                                            "tx_pps": 2325148
                                        },
                                        {
                                            "drop_pct": 12430627,
                                            "drop_percentage": 35.64692375969301,
                                            "rx_pkts": 22440901,
                                            "rx_pps": 748152.1325699866,
                                            "time_ms": 1542623204759,
                                            "total_tx_pps": 1162384,
                                            "tx_pkts": 34871528,
                                            "tx_pps": 1162574
                                        },
                                        {
                                            "drop_pct": 3708058,
                                            "drop_percentage": 21.270450116526742,
                                            "rx_pkts": 13724850,
                                            "rx_pps": 457643.85133564635,
                                            "time_ms": 1542623236803,
                                            "total_tx_pps": 581096,
                                            "tx_pkts": 17432908,
                                            "tx_pps": 581286
                                        },
                                        {
                                            "drop_pct": 22870,
                                            "drop_percentage": 0.2624632757987514,
                                            "rx_pkts": 8690730,
                                            "rx_pps": 289879.171485953,
                                            "time_ms": 1542623268851,
                                            "total_tx_pps": 290453,
                                            "tx_pkts": 8713600,
                                            "tx_pps": 290642
                                        },
                                        {
                                            "drop_pct": 0,
                                            "drop_percentage": 0.0,
                                            "rx_pkts": 4353944,
                                            "rx_pps": 145320.0,
                                            "time_ms": 1542623300899,
                                            "total_tx_pps": 145131,
                                            "tx_pkts": 4353944,
                                            "tx_pps": 145320
                                        },
                                        {
                                            "drop_pct": 0,
                                            "drop_percentage": 0.0,
                                            "ndr_pps": 108991,
                                            "rx_pkts": 6533772,
                                            "rx_pps": 217982.0,
                                            "time_ms": 1542623332952,
                                            "total_tx_pps": 217792,
                                            "tx_pkts": 6533772,
                                            "tx_pps": 217982
                                        }
                                    ]
                                },
                                "ndr": {
                                    "duration_sec": 30.0,
                                    "initial_rate_type": "rate_percent",