{
    "benchmarks": {
        "network": {
            "service_chain": {
                "EXT": {
                    "result": {
                        "bidirectional": true,
                        "compute_nodes": {},
                        "flow_count": 1024,
                        "profile": "traffic_profile_64B",
                        "result": {
                            "64": {
                                "iteration_stats": {
                                    "ndr_pdr": [
                                        {
                                            "drop_pct": 1250529533,
                                            "drop_percentage": 99.56470392005875,
                                            "rx_pkts": 5467305,
                                            "rx_pps": 323881.0035696973,
                                            "time_ms": 1542624648166,
                                            "total_tx_pps": 41866561,
                                            "tx_pkts": 1255996838,
                                            "tx_pps": 74404760,
                                            "warning": "WARNING: There is a significant difference between requested TX rate (74404760) and actual TX rate (41866561). The traffic generator may not have sufficient CPU to achieve the requested TX rate."
                                        },
                                        {
                                            "drop_pct": 1110630654,
                                            "drop_percentage": 99.5113739328748,
                                            "rx_pkts": 5453478,
                                            "rx_pps": 181780.52627097053,
                                            "time_ms": 1542624680201,
                                            "total_tx_pps": 37202804,
                                            "tx_pkts": 1116084132,
                                            "tx_pps": 37202380
                                        },
                                        {
                                            "drop_pct": 552615660,
                                            "drop_percentage": 99.03034939368693,
                                            "rx_pkts": 5410908,
                                            "rx_pps": 180366.5516164456,
                                            "time_ms": 1542624712245,
                                            "total_tx_pps": 18600885,
                                            "tx_pkts": 558026568,
                                            "tx_pps": 18601190
                                        },
                                        {
                                            "drop_pct": 273199712,
                                            "drop_percentage": 97.91708071800907,
                                            "rx_pkts": 5811580,
                                            "rx_pps": 193723.86576569107,
                                            "time_ms": 1542624744288,
                                            "total_tx_pps": 9300376,
                                            "tx_pkts": 279011292,
                                            "tx_pps": 9300594
                                        },
                                        {
                                            "drop_pct": 134098361,
                                            "drop_percentage": 96.12577634520026,
                                            "rx_pkts": 5404659,
                                            "rx_pps": 180162.8676502059,
                                            "time_ms": 1542624776328,
                                            "total_tx_pps": 4650100,
                                            "tx_pkts": 139503020,
                                            "tx_pps": 4650296
                                        },
                                        {
                                            "drop_pct": 64343377,
                                            "drop_percentage": 92.25015627509003,
                                            "rx_pkts": 5405423,
                                            "rx_pps": 180195.33637286958,
                                            "time_ms": 1542624808378,
                                            "total_tx_pps": 2324960,
                                            "tx_pkts": 69748800,
                                            "tx_pps": 2325148
                                        },
                                        {
                                            "drop_pct": 29629906,
                                            "drop_percentage": 84.96876305506315,
                                            "rx_pkts": 5241622,
                                            "rx_pps": 174749.25260023013,
                                            "time_ms": 1542624840420,
                                            "total_tx_pps": 1162384,
                                            "tx_pkts": 34871528,
                                            "tx_pps": 1162574
                                        },
                                        {
                                            "drop_pct": 12402766,
                                            "drop_percentage": 71.1457090234171,
                                            "rx_pkts": 5030142,
                                            "rx_pps": 167725.9538461397,
                                            "time_ms": 1542624872470,
                                            "total_tx_pps": 581096,
                                            "tx_pkts": 17432908,
                                            "tx_pps": 581286
                                        },
                                        {
                                            "drop_pct": 3723922,
                                            "drop_percentage": 42.736894050679396,
                                            "rx_pkts": 4989678,
                                            "rx_pps": 166430.63639322438,
                                            "time_ms": 1542624904521,
                                            "total_tx_pps": 290453,
                                            "tx_pkts": 8713600,
                                            "tx_pps": 290642
                                        },
                                        {
                                            "drop_pct": 186348,
                                            "drop_percentage": 4.279981552358046,
                                            "rx_pkts": 4167596,
                                            "rx_pps": 139100.33080811327,
                                            "time_ms": 1542624936569,
                                            "total_tx_pps": 145131,
                                            "tx_pkts": 4353944,
                                            "tx_pps": 145320
                                        },
                                        {
                                            "drop_pct": 740,
                                            "drop_percentage": 0.03403675970047652,
                                            "ndr_pps": 0,
                                            "rx_pkts": 2173380,
                                            "rx_pps": 72635.26889040164,
                                            "time_ms": 1542624968614,
                                            "total_tx_pps": 72470,
                                            "tx_pkts": 2174120,
                                            "tx_pps": 72660
                                        }
                                    ]
                                },
                                "ndr": {
                                    "duration_sec": 0,