{
    "benchmarks": {
        "network": {
            "service_chain": {
                "EXT": {
                    "result": {
                        "bidirectional": true,
                        "compute_nodes": {},
                        "flow_count": 1024,
                        "profile": "traffic_profile_64B",
                        "result": {
                            "64": {
                                "iteration_stats": {
                                    "ndr_pdr": [
                                        {
                                            "drop_pct": 1140160554,
                                            "drop_percentage": 92.53081753100372,
                                            "rx_pkts": 92034929,
                                            "rx_pps": 5557427.290018756,
                                            "time_ms": 1542614005199,
                                            "total_tx_pps": 41073182,
                                            "tx_pkts": 1232195483,
                                            "tx_pps": 74404760,
                                            "warning": "WARNING: There is a significant difference between requested TX rate (74404760) and actual TX rate (41073182). The traffic generator may not have sufficient CPU to achieve the requested TX rate."
                                        },
                                        {
                                            "drop_pct": 1024270234,
                                            "drop_percentage": 91.77495394045607,
                                            "rx_pkts": 91797048,
                                            "rx_pps": 3059912.890246558,
                                            "time_ms": 1542614037233,
                                            "total_tx_pps": 37202242,
                                            "tx_pkts": 1116067282,
                                            "tx_pps": 37202380
                                        },
                                        {
                                            "drop_pct": 465809286,
                                            "drop_percentage": 83.4720739493499,
                                            "rx_pkts": 92232780,
                                            "rx_pps": 3074390.9277409203,
                                            "time_ms": 1542614069274,
                                            "total_tx_pps": 18601402,
                                            "tx_pkts": 558042066,
                                            "tx_pps": 18601190
                                        },
                                        {
                                            "drop_pct": 187176416,
                                            "drop_percentage": 67.08512702929227,
                                            "rx_pkts": 91836868,
                                            "rx_pps": 3061278.700621265,
                                            "time_ms": 1542614101322,
                                            "total_tx_pps": 9300442,
                                            "tx_pkts": 279013284,
                                            "tx_pps": 9300594
                                        },
                                        {
                                            "drop_pct": 47369148,
                                            "drop_percentage": 33.95500422972128,
                                            "rx_pkts": 92136498,
                                            "rx_pps": 3071287.7965054405,
                                            "time_ms": 1542614133359,
                                            "total_tx_pps": 4650188,
                                            "tx_pkts": 139505646,
                                            "tx_pps": 4650296
                                        },
                                        {
                                            "drop_pct": 6,
                                            "drop_percentage": 8.601964315897964e-06,
                                            "rx_pkts": 69751504,
                                            "rx_pps": 2325147.799991599,
                                            "time_ms": 1542614165399,
                                            "total_tx_pps": 2325050,
                                            "tx_pkts": 69751510,
                                            "tx_pps": 2325148
                                        },
                                        {
                                            "drop_pct": 11605329,
                                            "drop_percentage": 11.091930776003887,
                                            "rx_pkts": 93023245,
                                            "rx_pps": 3100866.290100542,
                                            "time_ms": 1542614197438,
                                            "total_tx_pps": 3487619,
                                            "tx_pkts": 104628574,
                                            "tx_pps": 3487722
                                        },
                                        {
                                            "drop_pct": 18571,
                                            "drop_percentage": 0.02129944629009316,
                                            "rx_pkts": 87171489,
                                            "rx_pps": 2905816.9452252244,
                                            "time_ms": 1542614229486,
                                            "total_tx_pps": 2906335,
                                            "tx_pkts": 87190060,
                                            "tx_pps": 2906436
                                        },
                                        {
                                            "drop_pct": 0,
                                            "drop_percentage": 0.0,
                                            "rx_pkts": 78471090,
                                            "rx_pps": 2615792.0,
                                            "time_ms": 1542614261526,
                                            "total_tx_pps": 2615703,
                                            "tx_pkts": 78471090,
                                            "tx_pps": 2615792
                                        },
                                        {
                                            "drop_pct": 4352,
                                            "drop_percentage": 0.005254083595222599,
                                            "rx_pkts": 82826458,
                                            "rx_pps": 2760968.928762281,
                                            "time_ms": 1542614293566,
                                            "total_tx_pps": 2761027,
                                            "tx_pkts": 82830810,
                                            "tx_pps": 2761114
                                        },
                                        {
                                            "drop_pct": 56612,
                                            "drop_percentage": 0.07019388152177439,
                                            "ndr_pps": 1307896,
                                            "rx_pkts": 80594292,
                                            "rx_pps": 2686564.8711883505,
                                            "time_ms": 1542614325604,
                                            "total_tx_pps": 2688363,
                                            "tx_pkts": 80650904,
                                            "tx_pps": 2688452
                                        }
                                    ]
                                },
                                "ndr": {
                                    "duration_sec": 30.0,