{
    "benchmarks": {
        "network": {
            "service_chain": {
                "EXT": {
                    "result": {
                        "bidirectional": true,
                        "compute_nodes": {},
                        "flow_count": 1000,
                        "profile": "traffic_profile_64B",
                        "result": {
                            "64": {
                                "iteration_stats": {
                                    "ndr_pdr": [
                                        {
                                            "drop_pct": 1138074476,
                                            "drop_percentage": 92.69722801191519,
                                            "rx_pkts": 89658543,
                                            "rx_pps": 5186627.739502231,
                                            "time_ms": 1542009768398,
                                            "total_tx_pps": 40924433,
                                            "tx_pkts": 1227733019,
                                            "tx_pps": 71022726,
                                            "warning": "WARNING: There is a significant difference between requested TX rate (71022726) and actual TX rate (40924433). The traffic generator may not have sufficient CPU to achieve the requested TX rate."
                                        },
                                        {
                                            "drop_pct": 976520208,
                                            "drop_percentage": 91.65764767194449,
                                            "rx_pkts": 88879388,
                                            "rx_pps": 2962482.9345312202,
                                            "time_ms": 1542009800437,
                                            "total_tx_pps": 35513319,
                                            "tx_pkts": 1065399596,
                                            "tx_pps": 35511362
                                        },
                                        {
                                            "drop_pct": 443839811,
                                            "drop_percentage": 83.32654483788944,
                                            "rx_pkts": 88811353,
                                            "rx_pps": 2960485.3435278316,
                                            "time_ms": 1542009832475,
                                            "total_tx_pps": 17755038,
                                            "tx_pkts": 532651164,
                                            "tx_pps": 17755680
                                        },
                                        {
                                            "drop_pct": 178121462,
                                            "drop_percentage": 66.87849513957805,
                                            "rx_pkts": 88214468,
                                            "rx_pps": 2940474.2071004845,
                                            "time_ms": 1542009864512,
                                            "total_tx_pps": 8877864,
                                            "tx_pkts": 266335930,
                                            "tx_pps": 8877840
                                        },
                                        {
                                            "drop_pct": 44718434,
                                            "drop_percentage": 33.58034070731475,
                                            "rx_pkts": 88450060,
                                            "rx_pps": 2948315.5402748645,
                                            "time_ms": 1542009896554,
                                            "total_tx_pps": 4438949,
                                            "tx_pkts": 133168494,
                                            "tx_pps": 4438920
                                        },
                                        {
                                            "drop_pct": 0,
                                            "drop_percentage": 0.0,
                                            "rx_pkts": 66583568,
                                            "rx_pps": 2219460.0,
                                            "time_ms": 1542009928592,
                                            "total_tx_pps": 2219452,
                                            "tx_pkts": 66583568,
                                            "tx_pps": 2219460
                                        },
                                        {
                                            "drop_pct": 11698920,
                                            "drop_percentage": 11.713531459142134,
                                            "rx_pkts": 88176340,
                                            "rx_pps": 2939224.282015386,
                                            "time_ms": 1542009960629,
                                            "total_tx_pps": 3329175,
                                            "tx_pkts": 99875260,
                                            "tx_pps": 3329190
                                        },
                                        {
                                            "drop_pct": 2940,
                                            "drop_percentage": 0.003532396958178487,
                                            "rx_pkts": 83226664,
                                            "rx_pps": 2774225.999863414,
                                            "time_ms": 1542009992668,
                                            "total_tx_pps": 2774320,
                                            "tx_pkts": 83229604,
                                            "tx_pps": 2774324
                                        },
                                        {
                                            "drop_pct": 0,
                                            "drop_percentage": 0.0,
                                            "rx_pkts": 74906950,
                                            "rx_pps": 2496892.0,
                                            "time_ms": 1542010024712,
                                            "total_tx_pps": 2496898,
                                            "tx_pkts": 74906950,
                                            "tx_pps": 2496892
                                        },
                                        {
                                            "drop_pct": 2351,
                                            "drop_percentage": 0.0029733650235951883,
                                            "rx_pkts": 79066313,
                                            "rx_pps": 2635529.6337535693,
                                            "time_ms": 1542010056752,
                                            "total_tx_pps": 2635622,
                                            "tx_pkts": 79068664,
                                            "tx_pps": 2635608
                                        },
                                        {
                                            "drop_pct": 1156,
                                            "drop_percentage": 0.0015015473341364967,
                                            "ndr_pps": 1248446,
                                            "rx_pkts": 76986094,
                                            "rx_pps": 2566211.4665415375,
                                            "time_ms": 1542010088792,
                                            "total_tx_pps": 2566241,
                                            "tx_pkts": 76987250,
                                            "tx_pps": 2566250
                                        }
                                    ]
                                },
                                "ndr": {
                                    "actual_l2frame_size": "68",