{
    "benchmarks": {
        "network": {
            "service_chain": {
                "EXT": {
                    "result": {
                        "bidirectional": true,
                        "compute_nodes": {},
                        "flow_count": 1000,
                        "profile": "traffic_profile_64B",
                        "result": {
                            "64": {
                                "iteration_stats": {
                                    "ndr_pdr": [
                                        {
                                            "drop_pct": 1088354252,
                                            "drop_percentage": 88.57050312027289,
                                            "rx_pkts": 140445646,
                                            "rx_pps": 8117540.252067136,
                                            "time_ms": 1541759180817,
                                            "total_tx_pps": 40959996,
                                            "tx_pkts": 1228799898,
                                            "tx_pps": 71022726,
                                            "warning": "WARNING: There is a significant difference between requested TX rate (71022726) and actual TX rate (40959996). The traffic generator may not have sufficient CPU to achieve the requested TX rate."
                                        },
                                        {
                                            "drop_pct": 921926716,
                                            "drop_percentage": 86.5366149114297,
                                            "rx_pkts": 143433556,
                                            "rx_pps": 4781031.416256222,
                                            "time_ms": 1541759212855,
                                            "total_tx_pps": 35512009,
                                            "tx_pkts": 1065360272,
                                            "tx_pps": 35511362
                                        },
                                        {
                                            "drop_pct": 389946977,
                                            "drop_percentage": 73.2059955902972,
                                            "rx_pkts": 142723843,
                                            "rx_pps": 4757457.682172717,
                                            "time_ms": 1541759244894,
                                            "total_tx_pps": 17755694,
                                            "tx_pkts": 532670820,
                                            "tx_pps": 17755680
                                        },
                                        {
                                            "drop_pct": 123309314,
                                            "drop_percentage": 46.29841528552618,
                                            "rx_pkts": 143026614,
                                            "rx_pps": 4767540.768415442,
                                            "time_ms": 1541759276935,
                                            "total_tx_pps": 8877864,
                                            "tx_pkts": 266335928,
                                            "tx_pps": 8877840
                                        },
                                        {
                                            "drop_pct": 0,
                                            "drop_percentage": 0.0,
                                            "rx_pkts": 133167878,
                                            "rx_pps": 4438920.0,
                                            "time_ms": 1541759308978,
                                            "total_tx_pps": 4438929,
                                            "tx_pkts": 133167878,
                                            "tx_pps": 4438920
                                        },
                                        {
                                            "drop_pct": 56054960,
                                            "drop_percentage": 28.06237753082601,
                                            "rx_pkts": 143696326,
                                            "rx_pps": 4789880.266962987,
                                            "time_ms": 1541759341015,
                                            "total_tx_pps": 6658376,
                                            "tx_pkts": 199751286,
                                            "tx_pps": 6658380
                                        },
                                        {
                                            "drop_pct": 23712478,
                                            "drop_percentage": 14.245183306317772,
                                            "rx_pkts": 142747142,
                                            "rx_pps": 4758234.636473999,
                                            "time_ms": 1541759373051,
                                            "total_tx_pps": 5548654,
                                            "tx_pkts": 166459620,
                                            "tx_pps": 5548650
                                        },
                                        {
                                            "drop_pct": 5653349,
                                            "drop_percentage": 3.773586127303444,
                                            "rx_pkts": 144160351,
                                            "rx_pps": 4805339.259748501,
                                            "time_ms": 1541759405079,
                                            "total_tx_pps": 4993790,
                                            "tx_pkts": 149813700,
                                            "tx_pps": 4993784
                                        },
                                        {
                                            "drop_pct": 4123,
                                            "drop_percentage": 0.002913973137987774,
                                            "rx_pkts": 141486543,
                                            "rx_pps": 4716214.566769627,
                                            "time_ms": 1541759437117,
                                            "total_tx_pps": 4716355,
                                            "tx_pkts": 141490666,
                                            "tx_pps": 4716352
                                        },
                                        {
                                            "drop_pct": 0,
                                            "drop_percentage": 0.0,
                                            "rx_pkts": 137329002,
                                            "rx_pps": 4577636.0,
                                            "time_ms": 1541759469154,
                                            "total_tx_pps": 4577633,
                                            "tx_pkts": 137329002,
                                            "tx_pps": 4577636
                                        },
                                        {
                                            "drop_pct": 482,
                                            "drop_percentage": 0.00034574267391358613,
                                            "ndr_pps": 2323497,
                                            "rx_pkts": 139409558,
                                            "rx_pps": 4646977.933358688,
                                            "time_ms": 1541759501188,
                                            "total_tx_pps": 4647001,
                                            "tx_pkts": 139410040,
                                            "tx_pps": 4646994
                                        }
                                    ]
                                },
                                "ndr": {
                                    "actual_l2frame_size": "68",