{
    "benchmarks": {
        "network": {
            "service_chain": {
                "EXT": {
                    "result": {
                        "bidirectional": true,
                        "compute_nodes": {},
                        "flow_count": 1024,
                        "profile": "traffic_profile_64B",
                        "result": {
                            "64": {
                                "iteration_stats": {
                                    "ndr_pdr": [
                                        {
                                            "drop_pct": 1081307806,
                                            "drop_percentage": 87.42614302780758,
                                            "rx_pkts": 155516522,
                                            "rx_pps": 9355548.102903035,
                                            "time_ms": 1542367215251,
                                            "total_tx_pps": 41227477,
                                            "tx_pkts": 1236824328,
                                            "tx_pps": 74404760,
                                            "warning": "WARNING: There is a significant difference between requested TX rate (74404760) and actual TX rate (41227477). The traffic generator may not have sufficient CPU to achieve the requested TX rate."
                                        },
                                        {
                                            "drop_pct": 959123956,
                                            "drop_percentage": 85.93782589881141,
                                            "rx_pkts": 156943324,
                                            "rx_pps": 5231463.445385763,
                                            "time_ms": 1542367247284,
                                            "total_tx_pps": 37202242,
                                            "tx_pkts": 1116067280,
                                            "tx_pps": 37202380
                                        },
                                        {
                                            "drop_pct": 398051612,
                                            "drop_percentage": 71.33124363233917,
                                            "rx_pkts": 159981014,
                                            "rx_pps": 5332729.84258569,
                                            "time_ms": 1542367279323,
                                            "total_tx_pps": 18601087,
                                            "tx_pkts": 558032626,
                                            "tx_pps": 18601190
                                        },
                                        {
                                            "drop_pct": 124569499,
                                            "drop_percentage": 44.6461707387684,
                                            "rx_pkts": 154445469,
                                            "rx_pps": 5148234.923040351,
                                            "time_ms": 1542367311355,
                                            "total_tx_pps": 9300498,
                                            "tx_pkts": 279014968,
                                            "tx_pps": 9300594
                                        },
                                        {
                                            "drop_pct": 0,
                                            "drop_percentage": 0.0,
                                            "rx_pkts": 139506064,
                                            "rx_pps": 4650296.0,
                                            "time_ms": 1542367343388,
                                            "total_tx_pps": 4650202,
                                            "tx_pkts": 139506064,
                                            "tx_pps": 4650296
                                        },
                                        {
                                            "drop_pct": 55494026,
                                            "drop_percentage": 26.519108783269605,
                                            "rx_pkts": 153766498,
                                            "rx_pps": 5125619.887141772,
                                            "time_ms": 1542367375426,
                                            "total_tx_pps": 6975350,
                                            "tx_pkts": 209260524,
                                            "tx_pps": 6975446
                                        },
                                        {
                                            "drop_pct": 19351715,
                                            "drop_percentage": 11.09722733022182,
                                            "rx_pkts": 155031619,
                                            "rx_pps": 5167804.379745189,
                                            "time_ms": 1542367407460,
                                            "total_tx_pps": 5812777,
                                            "tx_pkts": 174383334,
                                            "tx_pps": 5812872
                                        },
                                        {
                                            "drop_pct": 2925836,
                                            "drop_percentage": 1.8642468312462837,
                                            "rx_pkts": 154018832,
                                            "rx_pps": 5134054.361056012,
                                            "time_ms": 1542367439498,
                                            "total_tx_pps": 5231488,
                                            "tx_pkts": 156944668,
                                            "tx_pps": 5231584
                                        },
                                        {
                                            "drop_pct": 0,
                                            "drop_percentage": 0.0,
                                            "rx_pkts": 148225378,
                                            "rx_pps": 4940940.0,
                                            "time_ms": 1542367471528,
                                            "total_tx_pps": 4940845,
                                            "tx_pkts": 148225378,
                                            "tx_pps": 4940940
                                        },
                                        {
                                            "drop_pct": 0,
                                            "drop_percentage": 0.0,
                                            "rx_pkts": 152585042,
                                            "rx_pps": 5086262.0,
                                            "time_ms": 1542367503560,
                                            "total_tx_pps": 5086168,
                                            "tx_pkts": 152585042,
                                            "tx_pps": 5086262
                                        },
                                        {
                                            "drop_pct": 0,
                                            "drop_percentage": 0.0,
                                            "ndr_pps": 2579461,
                                            "rx_pkts": 154764844,
                                            "rx_pps": 5158922.0,
                                            "time_ms": 1542367535597,
                                            "total_tx_pps": 5158828,
                                            "tx_pkts": 154764844,
                                            "tx_pps": 5158922
                                        }
                                    ]
                                },
                                "ndr": {
                                    "duration_sec": 30.0,
                                    "initial_rate_type": "rate_percent",