{
    "benchmarks": {
        "network": {
            "service_chain": {
                "EXT": {
                    "result": {
                        "bidirectional": true,
                        "compute_nodes": {},
                        "flow_count": 1024,
                        "profile": "traffic_profile_64B",
                        "result": {
                            "64": {
                                "iteration_stats": {
                                    "ndr_pdr": [
                                        {
                                            "drop_pct": 1159097579,
                                            "drop_percentage": 92.47950963822808,
                                            "rx_pkts": 94258525,
                                            "rx_pps": 5595602.804499528,
                                            "time_ms": 1542625097413,
                                            "total_tx_pps": 41778536,
                                            "tx_pkts": 1253356104,
                                            "tx_pps": 74404760,
                                            "warning": "WARNING: There is a significant difference between requested TX rate (74404760) and actual TX rate (41778536). The traffic generator may not have sufficient CPU to achieve the requested TX rate."
                                        },
                                        {
                                            "drop_pct": 1021678748,
                                            "drop_percentage": 91.54137387198334,
                                            "rx_pkts": 94405384,
                                            "rx_pps": 3146810.2349240445,
                                            "time_ms": 1542625129462,
                                            "total_tx_pps": 37202804,
                                            "tx_pkts": 1116084132,
                                            "tx_pps": 37202380
                                        },
                                        {
                                            "drop_pct": 463151487,
                                            "drop_percentage": 82.99810682132252,
                                            "rx_pkts": 94875081,
                                            "rx_pps": 3162554.453762837,
                                            "time_ms": 1542625161507,
                                            "total_tx_pps": 18600885,
                                            "tx_pkts": 558026568,
                                            "tx_pps": 18601190
                                        },
                                        {
                                            "drop_pct": 183943451,
                                            "drop_percentage": 65.92633493556816,
                                            "rx_pkts": 95070165,
                                            "rx_pps": 3169053.2485626433,
                                            "time_ms": 1542625193554,
                                            "total_tx_pps": 9300453,
                                            "tx_pkts": 279013616,
                                            "tx_pps": 9300594
                                        },
                                        {
                                            "drop_pct": 64841611,
                                            "drop_percentage": 46.48021143411746,
                                            "rx_pkts": 74662081,
                                            "rx_pps": 2488828.586887693,
                                            "time_ms": 1542625225608,
                                            "total_tx_pps": 4650123,
                                            "tx_pkts": 139503692,
                                            "tx_pps": 4650296
                                        },
                                        {
                                            "drop_pct": 29965058,
                                            "drop_percentage": 42.96149923055122,
                                            "rx_pkts": 39783574,
                                            "rx_pps": 1326229.5598708228,
                                            "time_ms": 1542625257656,
                                            "total_tx_pps": 2324954,
                                            "tx_pkts": 69748632,
                                            "tx_pps": 2325148
                                        },
                                        {
                                            "drop_pct": 12395107,
                                            "drop_percentage": 35.54506415663805,
                                            "rx_pkts": 22476421,
                                            "rx_pps": 749336.3258316069,
                                            "time_ms": 1542625289710,
                                            "total_tx_pps": 1162384,
                                            "tx_pkts": 34871528,
                                            "tx_pps": 1162574
                                        },
                                        {
                                            "drop_pct": 3763370,
                                            "drop_percentage": 21.587725197551574,
                                            "rx_pkts": 13669546,
                                            "rx_pps": 455799.57570816035,
                                            "time_ms": 1542625321758,
                                            "total_tx_pps": 581097,
                                            "tx_pkts": 17432916,
                                            "tx_pps": 581286
                                        },
                                        {
                                            "drop_pct": 21430,
                                            "drop_percentage": 0.2459374981350983,
                                            "rx_pkts": 8692166,
                                            "rx_pps": 289927.2023366702,
                                            "time_ms": 1542625353806,
                                            "total_tx_pps": 290453,
                                            "tx_pkts": 8713596,
                                            "tx_pps": 290642
                                        },
                                        {
                                            "drop_pct": 0,
                                            "drop_percentage": 0.0,
                                            "rx_pkts": 4353944,
                                            "rx_pps": 145320.0,
                                            "time_ms": 1542625385856,
                                            "total_tx_pps": 145131,
                                            "tx_pkts": 4353944,
                                            "tx_pps": 145320
                                        },
                                        {
                                            "drop_pct": 0,
                                            "drop_percentage": 0.0,
                                            "ndr_pps": 108991,
                                            "rx_pkts": 6533772,
                                            "rx_pps": 217982.0,
                                            "time_ms": 1542625417907,
                                            "total_tx_pps": 217792,
                                            "tx_pkts": 6533772,
                                            "tx_pps": 217982
                                        }
                                    ]
                                },
                                "ndr": {
                                    "duration_sec": 30.0,