{
    "benchmarks": {
        "network": {
            "service_chain": {
                "EXT": {
                    "result": {
                        "bidirectional": true,
                        "compute_nodes": {},
                        "flow_count": 1000,
                        "profile": "traffic_profile_64B",
                        "result": {
                            "64": {
                                "iteration_stats": {
                                    "ndr_pdr": [
                                        {
                                            "drop_pct": 1225627138,
                                            "drop_percentage": 99.77185142864613,
                                            "rx_pkts": 2802645,
                                            "rx_pps": 162037.3347055736,
                                            "time_ms": 1541773783357,
                                            "total_tx_pps": 40947659,
                                            "tx_pkts": 1228429783,
                                            "tx_pps": 71022726,
                                            "warning": "WARNING: There is a significant difference between requested TX rate (71022726) and actual TX rate (40947659). The traffic generator may not have sufficient CPU to achieve the requested TX rate."
                                        },
                                        {
                                            "drop_pct": 1062488842,
                                            "drop_percentage": 99.73047333606598,
                                            "rx_pkts": 2871430,
                                            "rx_pps": 95712.58931613193,
                                            "time_ms": 1541773815396,
                                            "total_tx_pps": 35512009,
                                            "tx_pkts": 1065360272,
                                            "tx_pps": 35511362
                                        },
                                        {
                                            "drop_pct": 529782604,
                                            "drop_percentage": 99.45778595493555,
                                            "rx_pkts": 2888216,
                                            "rx_pps": 96273.79075670039,
                                            "time_ms": 1541773847437,
                                            "total_tx_pps": 17755694,
                                            "tx_pkts": 532670820,
                                            "tx_pps": 17755680
                                        },
                                        {
                                            "drop_pct": 263567303,
                                            "drop_percentage": 98.960476334984,
                                            "rx_pkts": 2768625,
                                            "rx_pps": 92287.24774225696,
                                            "time_ms": 1541773879467,
                                            "total_tx_pps": 8877864,
                                            "tx_pkts": 266335928,
                                            "tx_pps": 8877840
                                        },
                                        {
                                            "drop_pct": 130325767,
                                            "drop_percentage": 97.86576834993195,
                                            "rx_pkts": 2842111,
                                            "rx_pps": 94736.83556120047,
                                            "time_ms": 1541773911506,
                                            "total_tx_pps": 4438929,
                                            "tx_pkts": 133167878,
                                            "tx_pps": 4438920
                                        },
                                        {
                                            "drop_pct": 63778849,
                                            "drop_percentage": 95.78723070393892,
                                            "rx_pkts": 2805025,
                                            "rx_pps": 93500.72941835731,
                                            "time_ms": 1541773943540,
                                            "total_tx_pps": 2219462,
                                            "tx_pkts": 66583874,
                                            "tx_pps": 2219460
                                        },
                                        {
                                            "drop_pct": 30643492,
                                            "drop_percentage": 92.0448546181427,
                                            "rx_pkts": 2648420,
                                            "rx_pps": 88280.63484608509,
                                            "time_ms": 1541773975572,
                                            "total_tx_pps": 1109730,
                                            "tx_pkts": 33291912,
                                            "tx_pps": 1109730
                                        },
                                        {
                                            "drop_pct": 14098206,
                                            "drop_percentage": 84.69449092554262,
                                            "rx_pkts": 2547748,
                                            "rx_pps": 84924.75987089718,
                                            "time_ms": 1541774007606,
                                            "total_tx_pps": 554865,
                                            "tx_pkts": 16645954,
                                            "tx_pps": 554864
                                        },
                                        {
                                            "drop_pct": 5767850,
                                            "drop_percentage": 69.3003153438589,
                                            "rx_pkts": 2555128,
                                            "rx_pps": 85170.74913522537,
                                            "time_ms": 1541774039645,
                                            "total_tx_pps": 277432,
                                            "tx_pkts": 8322978,
                                            "tx_pps": 277432
                                        },
                                        {
                                            "drop_pct": 1705927,
                                            "drop_percentage": 40.99317792425309,
                                            "rx_pkts": 2455563,
                                            "rx_pps": 81851.90331059309,
                                            "time_ms": 1541774071683,
                                            "total_tx_pps": 138716,
                                            "tx_pkts": 4161490,
                                            "tx_pps": 138716
                                        },
                                        {
                                            "drop_pct": 80365,
                                            "drop_percentage": 3.862320400779721,
                                            "ndr_pps": 0,
                                            "rx_pkts": 2000379,
                                            "rx_pps": 66679.1718164272,
                                            "time_ms": 1541774103716,
                                            "total_tx_pps": 69358,
                                            "tx_pkts": 2080744,
                                            "tx_pps": 69358
                                        }
                                    ]
                                },
                                "ndr": {
                                    "actual_l2frame_size": "68",