{
    "benchmarks": {
        "network": {
            "service_chain": {
                "EXT": {
                    "result": {
                        "bidirectional": true,
                        "compute_nodes": {},
                        "flow_count": 1024,
                        "profile": "traffic_profile_64B",
                        "result": {
                            "64": {
                                "iteration_stats": {
                                    "ndr_pdr": [
                                        {
                                            "drop_pct": 1093186570,
                                            "drop_percentage": 88.29082534590175,
                                            "rx_pkts": 144978965,
                                            "rx_pps": 8712183.299362632,
                                            "time_ms": 1542371572206,
                                            "total_tx_pps": 41272184,
                                            "tx_pkts": 1238165535,
                                            "tx_pps": 74404760,
                                            "warning": "WARNING: There is a significant difference between requested TX rate (74404760) and actual TX rate (41272184). The traffic generator may not have sufficient CPU to achieve the requested TX rate."
                                        },
                                        {
                                            "drop_pct": 971303606,
                                            "drop_percentage": 87.02912659530705,
                                            "rx_pkts": 144763674,
                                            "rx_pps": 4825473.61333281,
                                            "time_ms": 1542371604243,
                                            "total_tx_pps": 37202242,
                                            "tx_pkts": 1116067280,
                                            "tx_pps": 37202380
                                        },
                                        {
                                            "drop_pct": 412924347,
                                            "drop_percentage": 73.99645249415937,
                                            "rx_pkts": 145108279,
                                            "rx_pps": 4836969.278301677,
                                            "time_ms": 1542371636282,
                                            "total_tx_pps": 18601087,
                                            "tx_pkts": 558032626,
                                            "tx_pps": 18601190
                                        },
                                        {
                                            "drop_pct": 134197103,
                                            "drop_percentage": 48.096739741933845,
                                            "rx_pkts": 144817865,
                                            "rx_pps": 4827311.509366086,
                                            "time_ms": 1542371668325,
                                            "total_tx_pps": 9300498,
                                            "tx_pkts": 279014968,
                                            "tx_pps": 9300594
                                        },
                                        {
                                            "drop_pct": 10677,
                                            "drop_percentage": 0.007653430749791636,
                                            "rx_pkts": 139495387,
                                            "rx_pps": 4649940.092815979,
                                            "time_ms": 1542371700357,
                                            "total_tx_pps": 4650202,
                                            "tx_pkts": 139506064,
                                            "tx_pps": 4650296
                                        },
                                        {
                                            "drop_pct": 0,
                                            "drop_percentage": 0.0,
                                            "rx_pkts": 69751614,
                                            "rx_pps": 2325148.0,
                                            "time_ms": 1542371732396,
                                            "total_tx_pps": 2325053,
                                            "tx_pkts": 69751614,
                                            "tx_pps": 2325148
                                        },
                                        {
                                            "drop_pct": 0,
                                            "drop_percentage": 0.0,
                                            "rx_pkts": 104628856,
                                            "rx_pps": 3487722.0,
                                            "time_ms": 1542371764434,
                                            "total_tx_pps": 3487628,
                                            "tx_pkts": 104628856,
                                            "tx_pps": 3487722
                                        },
                                        {
                                            "drop_pct": 0,
                                            "drop_percentage": 0.0,
                                            "rx_pkts": 122067478,
                                            "rx_pps": 4069010.0,
                                            "time_ms": 1542371796472,
                                            "total_tx_pps": 4068915,
                                            "tx_pkts": 122067478,
                                            "tx_pps": 4069010
                                        },
                                        {
                                            "drop_pct": 37653,
                                            "drop_percentage": 0.02878961186575173,
                                            "rx_pkts": 130749105,
                                            "rx_pps": 4358398.872534711,
                                            "time_ms": 1542371828511,
                                            "total_tx_pps": 4359558,
                                            "tx_pkts": 130786758,
                                            "tx_pps": 4359654
                                        },
                                        {
                                            "drop_pct": 77754,
                                            "drop_percentage": 0.06150105864967613,
                                            "rx_pkts": 126349338,
                                            "rx_pps": 4211740.141204988,
                                            "time_ms": 1542371860549,
                                            "total_tx_pps": 4214236,
                                            "tx_pkts": 126427092,
                                            "tx_pps": 4214332
                                        },
                                        {
                                            "drop_pct": 2901,
                                            "drop_percentage": 0.0023348598911828123,
                                            "ndr_pps": 2034505,
                                            "rx_pkts": 124244383,
                                            "rx_pps": 4141573.297808345,
                                            "time_ms": 1542371892587,
                                            "total_tx_pps": 4141576,
                                            "tx_pkts": 124247284,
                                            "tx_pps": 4141670
                                        }
                                    ]
                                },
                                "ndr": {
                                    "duration_sec": 30.0,