{
    "benchmarks": {
        "network": {
            "service_chain": {
                "EXT": {
                    "result": {
                        "bidirectional": true,
                        "compute_nodes": {},
                        "flow_count": 1000,
                        "profile": "traffic_profile_64B",
                        "result": {
                            "64": {
                                "iteration_stats": {
                                    "ndr_pdr": [
                                        {
                                            "drop_pct": 1083576268,
                                            "drop_percentage": 88.24168157148489,
                                            "rx_pkts": 144387942,
                                            "rx_pps": 8351078.279691793,
                                            "time_ms": 1541777212041,
                                            "total_tx_pps": 40932140,
                                            "tx_pkts": 1227964210,
                                            "tx_pps": 71022726,
                                            "warning": "WARNING: There is a significant difference between requested TX rate (71022726) and actual TX rate (40932140). The traffic generator may not have sufficient CPU to achieve the requested TX rate."
                                        },
                                        {
                                            "drop_pct": 921349588,
                                            "drop_percentage": 86.48244281442476,
                                            "rx_pkts": 144010684,
                                            "rx_pps": 4800268.665726636,
                                            "time_ms": 1541777244085,
                                            "total_tx_pps": 35512009,
                                            "tx_pkts": 1065360272,
                                            "tx_pps": 35511362
                                        },
                                        {
                                            "drop_pct": 388787784,
                                            "drop_percentage": 72.9883765737346,
                                            "rx_pkts": 143883036,
                                            "rx_pps": 4796097.4183727205,
                                            "time_ms": 1541777276125,
                                            "total_tx_pps": 17755694,
                                            "tx_pkts": 532670820,
                                            "tx_pps": 17755680
                                        },
                                        {
                                            "drop_pct": 123349279,
                                            "drop_percentage": 46.31342077138012,
                                            "rx_pkts": 142986649,
                                            "rx_pps": 4766208.605390107,
                                            "time_ms": 1541777308163,
                                            "total_tx_pps": 8877864,
                                            "tx_pkts": 266335928,
                                            "tx_pps": 8877840
                                        },
                                        {
                                            "drop_pct": 147713,
                                            "drop_percentage": 0.11092239526411918,
                                            "rx_pkts": 133020165,
                                            "rx_pps": 4433996.243612141,
                                            "time_ms": 1541777340197,
                                            "total_tx_pps": 4438929,
                                            "tx_pkts": 133167878,
                                            "tx_pps": 4438920
                                        },
                                        {
                                            "drop_pct": 0,
                                            "drop_percentage": 0.0,
                                            "rx_pkts": 66583874,
                                            "rx_pps": 2219460.0,
                                            "time_ms": 1541777372232,
                                            "total_tx_pps": 2219462,
                                            "tx_pkts": 66583874,
                                            "tx_pps": 2219460
                                        },
                                        {
                                            "drop_pct": 0,
                                            "drop_percentage": 0.0,
                                            "rx_pkts": 99875602,
                                            "rx_pps": 3329190.0,
                                            "time_ms": 1541777404264,
                                            "total_tx_pps": 3329186,
                                            "tx_pkts": 99875602,
                                            "tx_pps": 3329190
                                        },
                                        {
                                            "drop_pct": 3198,
                                            "drop_percentage": 0.002744558577917014,
                                            "rx_pkts": 116518272,
                                            "rx_pps": 3883947.3998627723,
                                            "time_ms": 1541777436300,
                                            "total_tx_pps": 3884049,
                                            "tx_pkts": 116521470,
                                            "tx_pps": 3884054
                                        },
                                        {
                                            "drop_pct": 10986,
                                            "drop_percentage": 0.010153555099201138,
                                            "rx_pkts": 108187570,
                                            "rx_pps": 3606255.7996480097,
                                            "time_ms": 1541777468340,
                                            "total_tx_pps": 3606618,
                                            "tx_pkts": 108198556,
                                            "tx_pps": 3606622
                                        },
                                        {
                                            "drop_pct": 516,
                                            "drop_percentage": 0.0004959767633732925,
                                            "rx_pkts": 104036616,
                                            "rx_pps": 3467888.799992064,
                                            "time_ms": 1541777500378,
                                            "total_tx_pps": 3467904,
                                            "tx_pkts": 104037132,
                                            "tx_pps": 3467906
                                        },
                                        {
                                            "drop_pct": 59154,
                                            "drop_percentage": 0.055743643995762905,
                                            "ndr_pps": 1733953,
                                            "rx_pkts": 106058774,
                                            "rx_pps": 3535292.20014865,
                                            "time_ms": 1541777532416,
                                            "total_tx_pps": 3537264,
                                            "tx_pkts": 106117928,
                                            "tx_pps": 3537264
                                        }
                                    ]
                                },
                                "ndr": {
                                    "actual_l2frame_size": "68",