{
    "benchmarks": {
        "network": {
            "service_chain": {
                "EXT": {
                    "result": {
                        "bidirectional": true,
                        "compute_nodes": {},
                        "flow_count": 1024,
                        "profile": "traffic_profile_64B",
                        "result": {
                            "64": {
                                "iteration_stats": {
                                    "ndr_pdr": [
                                        {
                                            "drop_pct": 1134226638,
                                            "drop_percentage": 91.6250344725845,
                                            "rx_pkts": 103673729,
                                            "rx_pps": 6231373.000756235,
                                            "time_ms": 1542364472111,
                                            "total_tx_pps": 41263345,
                                            "tx_pkts": 1237900367,
                                            "tx_pps": 74404760,
                                            "warning": "WARNING: There is a significant difference between requested TX rate (74404760) and actual TX rate (41263345). The traffic generator may not have sufficient CPU to achieve the requested TX rate."
                                        },
                                        {
                                            "drop_pct": 1015155423,
                                            "drop_percentage": 90.95815398019027,
                                            "rx_pkts": 100913207,
                                            "rx_pps": 3363781.915304489,
                                            "time_ms": 1542364504155,
                                            "total_tx_pps": 37202287,
                                            "tx_pkts": 1116068630,
                                            "tx_pps": 37202380
                                        },
                                        {
                                            "drop_pct": 456117019,
                                            "drop_percentage": 81.73659725189341,
                                            "rx_pkts": 101915777,
                                            "rx_pps": 3397210.2456405275,
                                            "time_ms": 1542364536194,
                                            "total_tx_pps": 18601093,
                                            "tx_pkts": 558032796,
                                            "tx_pps": 18601190
                                        },
                                        {
                                            "drop_pct": 175389497,
                                            "drop_percentage": 62.86023671013085,
                                            "rx_pkts": 103625515,
                                            "rx_pps": 3454218.596151773,
                                            "time_ms": 1542364568233,
                                            "total_tx_pps": 9300500,
                                            "tx_pkts": 279015012,
                                            "tx_pps": 9300594
                                        },
                                        {
                                            "drop_pct": 35828448,
                                            "drop_percentage": 25.682356291315134,
                                            "rx_pkts": 103677630,
                                            "rx_pps": 3455990.412679224,
                                            "time_ms": 1542364600281,
                                            "total_tx_pps": 4650202,
                                            "tx_pkts": 139506078,
                                            "tx_pps": 4650296
                                        },
                                        {
                                            "drop_pct": 0,
                                            "drop_percentage": 0.0,
                                            "rx_pkts": 69751610,
                                            "rx_pps": 2325148.0,
                                            "time_ms": 1542364632319,
                                            "total_tx_pps": 2325053,
                                            "tx_pkts": 69751610,
                                            "tx_pps": 2325148
                                        },
                                        {
                                            "drop_pct": 3892165,
                                            "drop_percentage": 3.7199733840115212,
                                            "rx_pkts": 100736675,
                                            "rx_pps": 3357979.6698916857,
                                            "time_ms": 1542364664357,
                                            "total_tx_pps": 3487628,
                                            "tx_pkts": 104628840,
                                            "tx_pps": 3487722
                                        },
                                        {
                                            "drop_pct": 0,
                                            "drop_percentage": 0.0,
                                            "rx_pkts": 87190226,
                                            "rx_pps": 2906436.0,
                                            "time_ms": 1542364696396,
                                            "total_tx_pps": 2906340,
                                            "tx_pkts": 87190226,
                                            "tx_pps": 2906436
                                        },
                                        {
                                            "drop_pct": 0,
                                            "drop_percentage": 0.0,
                                            "rx_pkts": 95909532,
                                            "rx_pps": 3197078.0,
                                            "time_ms": 1542364728434,
                                            "total_tx_pps": 3196984,
                                            "tx_pkts": 95909532,
                                            "tx_pps": 3197078
                                        },
                                        {
                                            "drop_pct": 0,
                                            "drop_percentage": 0.0,
                                            "rx_pkts": 100269186,
                                            "rx_pps": 3342400.0,
                                            "time_ms": 1542364760473,
                                            "total_tx_pps": 3342306,
                                            "tx_pkts": 100269186,
                                            "tx_pps": 3342400
                                        },
                                        {
                                            "drop_pct": 200,
                                            "drop_percentage": 0.00019521905031827635,
                                            "ndr_pps": 1707531,
                                            "rx_pkts": 102448818,
                                            "rx_pps": 3415055.333148396,
                                            "time_ms": 1542364792517,
                                            "total_tx_pps": 3414967,
                                            "tx_pkts": 102449018,
                                            "tx_pps": 3415062
                                        }
                                    ]
                                },
                                "ndr": {
                                    "duration_sec": 30.0,
                                    "initial_rate_type": "rate_percent",