{
    "benchmarks": {
        "network": {
            "service_chain": {
                "EXT": {
                    "result": {
                        "bidirectional": true,
                        "compute_nodes": {},
                        "flow_count": 1024,
                        "profile": "traffic_profile_64B",
                        "result": {
                            "64": {
                                "iteration_stats": {
                                    "ndr_pdr": [
                                        {
                                            "drop_pct": 1200079396,
                                            "drop_percentage": 95.52536739383794,
                                            "rx_pkts": 56214538,
                                            "rx_pps": 3329339.651496627,
                                            "time_ms": 1542626453083,
                                            "total_tx_pps": 41876464,
                                            "tx_pkts": 1256293934,
                                            "tx_pps": 74404760,
                                            "warning": "WARNING: There is a significant difference between requested TX rate (74404760) and actual TX rate (41876464). The traffic generator may not have sufficient CPU to achieve the requested TX rate."
                                        },
                                        {
                                            "drop_pct": 1061096052,
                                            "drop_percentage": 95.0767994553261,
                                            "rx_pkts": 54944936,
                                            "rx_pps": 1831547.7747916556,
                                            "time_ms": 1542626485117,
                                            "total_tx_pps": 37201366,
                                            "tx_pkts": 1116040988,
                                            "tx_pps": 37202380
                                        },
                                        {
                                            "drop_pct": 518168981,
                                            "drop_percentage": 92.85560888404474,
                                            "rx_pkts": 39868371,
                                            "rx_pps": 1328941.765821958,
                                            "time_ms": 1542626517158,
                                            "total_tx_pps": 18601245,
                                            "tx_pkts": 558037352,
                                            "tx_pps": 18601190
                                        },
                                        {
                                            "drop_pct": 221518789,
                                            "drop_percentage": 79.39343492699729,
                                            "rx_pkts": 57495199,
                                            "rx_pps": 1916532.9547857859,
                                            "time_ms": 1542626549197,
                                            "total_tx_pps": 9300466,
                                            "tx_pkts": 279013988,
                                            "tx_pps": 9300594
                                        },
                                        {
                                            "drop_pct": 97967097,
                                            "drop_percentage": 70.22545109415455,
                                            "rx_pkts": 41536595,
                                            "rx_pps": 1384604.6567865747,
                                            "time_ms": 1542626581242,
                                            "total_tx_pps": 4650123,
                                            "tx_pkts": 139503692,
                                            "tx_pps": 4650296
                                        },
                                        {
                                            "drop_pct": 46132635,
                                            "drop_percentage": 66.14127571706352,
                                            "rx_pkts": 23615997,
                                            "rx_pps": 787265.4504902118,
                                            "time_ms": 1542626613289,
                                            "total_tx_pps": 2324954,
                                            "tx_pkts": 69748632,
                                            "tx_pps": 2325148
                                        },
                                        {
                                            "drop_pct": 19978128,
                                            "drop_percentage": 57.29065844203902,
                                            "rx_pkts": 14893400,
                                            "rx_pps": 496527.70052404935,
                                            "time_ms": 1542626645332,
                                            "total_tx_pps": 1162384,
                                            "tx_pkts": 34871528,
                                            "tx_pps": 1162574
                                        },
                                        {
                                            "drop_pct": 6655591,
                                            "drop_percentage": 38.17830017651666,
                                            "rx_pkts": 10777325,
                                            "rx_pps": 359360.88603593333,
                                            "time_ms": 1542626677383,
                                            "total_tx_pps": 581097,
                                            "tx_pkts": 17432916,
                                            "tx_pps": 581286
                                        },
                                        {
                                            "drop_pct": 1399547,
                                            "drop_percentage": 16.061646649672536,
                                            "rx_pkts": 7314049,
                                            "rx_pps": 243960.10894445874,
                                            "time_ms": 1542626709429,
                                            "total_tx_pps": 290453,
                                            "tx_pkts": 8713596,
                                            "tx_pps": 290642
                                        },
                                        {
                                            "drop_pct": 756,
                                            "drop_percentage": 0.017363567377072373,
                                            "rx_pkts": 4353188,
                                            "rx_pps": 145294.76726388762,
                                            "time_ms": 1542626741470,
                                            "total_tx_pps": 145131,
                                            "tx_pkts": 4353944,
                                            "tx_pps": 145320
                                        },
                                        {
                                            "drop_pct": 0,
                                            "drop_percentage": 0.0,
                                            "ndr_pps": 36330,
                                            "rx_pkts": 2174120,
                                            "rx_pps": 72660.0,
                                            "time_ms": 1542626773510,
                                            "total_tx_pps": 72470,
                                            "tx_pkts": 2174120,
                                            "tx_pps": 72660
                                        }
                                    ]
                                },
                                "ndr": {
                                    "duration_sec": 30.0,