{
    "benchmarks": {
        "network": {
            "service_chain": {
                "EXT": {
                    "result": {
                        "bidirectional": true,
                        "compute_nodes": {},
                        "flow_count": 1000,
                        "profile": "traffic_profile_64B",
                        "result": {
                            "64": {
                                "iteration_stats": {
                                    "ndr_pdr": [
                                        {
                                            "drop_pct": 1200088502,
                                            "drop_percentage": 96.63065151442737,
                                            "rx_pkts": 41845070,
                                            "rx_pps": 2393003.142893398,
                                            "time_ms": 1541765572403,
                                            "total_tx_pps": 41397785,
                                            "tx_pkts": 1241933572,
                                            "tx_pps": 71022726,
                                            "warning": "WARNING: There is a significant difference between requested TX rate (71022726) and actual TX rate (41397785). The traffic generator may not have sufficient CPU to achieve the requested TX rate."
                                        },
                                        {
                                            "drop_pct": 1019849849,
                                            "drop_percentage": 95.72984014780461,
                                            "rx_pkts": 45491791,
                                            "rx_pps": 1516391.9230917704,
                                            "time_ms": 1541765604453,
                                            "total_tx_pps": 35511388,
                                            "tx_pkts": 1065341640,
                                            "tx_pps": 35511362
                                        },
                                        {
                                            "drop_pct": 488230963,
                                            "drop_percentage": 91.6569849712503,
                                            "rx_pkts": 44440893,
                                            "rx_pps": 1481359.0508567055,
                                            "time_ms": 1541765636485,
                                            "total_tx_pps": 17755728,
                                            "tx_pkts": 532671856,
                                            "tx_pps": 17755680
                                        },
                                        {
                                            "drop_pct": 221495393,
                                            "drop_percentage": 83.16397179506006,
                                            "rx_pkts": 44840363,
                                            "rx_pps": 1494675.6463894397,
                                            "time_ms": 1541765668522,
                                            "total_tx_pps": 8877858,
                                            "tx_pkts": 266335756,
                                            "tx_pps": 8877840
                                        },
                                        {
                                            "drop_pct": 95228103,
                                            "drop_percentage": 71.50988466066123,
                                            "rx_pkts": 37939645,
                                            "rx_pps": 1264653.4278209766,
                                            "time_ms": 1541765700561,
                                            "total_tx_pps": 4438924,
                                            "tx_pkts": 133167748,
                                            "tx_pps": 4438920
                                        },
                                        {
                                            "drop_pct": 44005309,
                                            "drop_percentage": 66.0900896890512,
                                            "rx_pkts": 22578515,
                                            "rx_pps": 752616.8953873843,
                                            "time_ms": 1541765732605,
                                            "total_tx_pps": 2219460,
                                            "tx_pkts": 66583824,
                                            "tx_pps": 2219460
                                        },
                                        {
                                            "drop_pct": 17787473,
                                            "drop_percentage": 53.428818198103876,
                                            "rx_pkts": 15504435,
                                            "rx_pps": 516814.3758101819,
                                            "time_ms": 1541765764640,
                                            "total_tx_pps": 1109730,
                                            "tx_pkts": 33291908,
                                            "tx_pps": 1109730
                                        },
                                        {
                                            "drop_pct": 6705021,
                                            "drop_percentage": 40.280179762580175,
                                            "rx_pkts": 9940935,
                                            "rx_pps": 331363.7833621571,
                                            "time_ms": 1541765796671,
                                            "total_tx_pps": 554865,
                                            "tx_pkts": 16645956,
                                            "tx_pps": 554864
                                        },
                                        {
                                            "drop_pct": 947293,
                                            "drop_percentage": 11.38165657012272,
                                            "rx_pkts": 7375687,
                                            "rx_pps": 245855.64254437716,
                                            "time_ms": 1541765828724,
                                            "total_tx_pps": 277432,
                                            "tx_pkts": 8322980,
                                            "tx_pps": 277432
                                        },
                                        {
                                            "drop_pct": 686,
                                            "drop_percentage": 0.016484488240744655,
                                            "rx_pkts": 4160802,
                                            "rx_pps": 138693.13337729196,
                                            "time_ms": 1541765860770,
                                            "total_tx_pps": 138716,
                                            "tx_pkts": 4161488,
                                            "tx_pps": 138716
                                        },
                                        {
                                            "drop_pct": 0,
                                            "drop_percentage": 0.0,
                                            "ndr_pps": 34679,
                                            "rx_pkts": 2080744,
                                            "rx_pps": 69358.0,
                                            "time_ms": 1541765892819,
                                            "total_tx_pps": 69358,
                                            "tx_pkts": 2080744,
                                            "tx_pps": 69358
                                        }
                                    ]
                                },
                                "ndr": {
                                    "actual_l2frame_size": "68",