{
    "benchmarks": {
        "network": {
            "service_chain": {
                "EXT": {
                    "result": {
                        "bidirectional": true,
                        "compute_nodes": {},
                        "flow_count": 1024,
                        "profile": "traffic_profile_64B",
                        "result": {
                            "64": {
                                "iteration_stats": {
                                    "ndr_pdr": [
                                        {
                                            "drop_pct": 1209165044,
                                            "drop_percentage": 96.25195391463316,
                                            "rx_pkts": 47084824,
                                            "rx_pps": 2788724.6945065903,
                                            "time_ms": 1542623557030,
                                            "total_tx_pps": 41874995,
                                            "tx_pkts": 1256249868,
                                            "tx_pps": 74404760,
                                            "warning": "WARNING: There is a significant difference between requested TX rate (74404760) and actual TX rate (41874995). The traffic generator may not have sufficient CPU to achieve the requested TX rate."
                                        },
                                        {
                                            "drop_pct": 1071317237,
                                            "drop_percentage": 95.98893186306854,
                                            "rx_pkts": 44766895,
                                            "rx_pps": 1492212.8103601607,
                                            "time_ms": 1542623589077,
                                            "total_tx_pps": 37202804,
                                            "tx_pkts": 1116084132,
                                            "tx_pps": 37202380
                                        },
                                        {
                                            "drop_pct": 513907773,
                                            "drop_percentage": 92.09378235195425,
                                            "rx_pkts": 44118795,
                                            "rx_pps": 1470650.566526522,
                                            "time_ms": 1542623621120,
                                            "total_tx_pps": 18600885,
                                            "tx_pkts": 558026568,
                                            "tx_pps": 18601190
                                        },
                                        {
                                            "drop_pct": 232616554,
                                            "drop_percentage": 83.37173464649595,
                                            "rx_pkts": 46394738,
                                            "rx_pps": 1546527.4497720762,
                                            "time_ms": 1542623653165,
                                            "total_tx_pps": 9300376,
                                            "tx_pkts": 279011292,
                                            "tx_pps": 9300594
                                        },
                                        {
                                            "drop_pct": 96938990,
                                            "drop_percentage": 69.48881106659913,
                                            "rx_pkts": 42564030,
                                            "rx_pps": 1418860.5985223835,
                                            "time_ms": 1542623685214,
                                            "total_tx_pps": 4650100,
                                            "tx_pkts": 139503020,
                                            "tx_pps": 4650296
                                        },
                                        {
                                            "drop_pct": 44012863,
                                            "drop_percentage": 63.10196447824192,
                                            "rx_pkts": 25735937,
                                            "rx_pps": 857933.9349734476,
                                            "time_ms": 1542623717261,
                                            "total_tx_pps": 2324960,
                                            "tx_pkts": 69748800,
                                            "tx_pps": 2325148
                                        },
                                        {
                                            "drop_pct": 19737219,
                                            "drop_percentage": 56.59981116973136,
                                            "rx_pkts": 15134309,
                                            "rx_pps": 504559.31129160733,
                                            "time_ms": 1542623749310,
                                            "total_tx_pps": 1162384,
                                            "tx_pkts": 34871528,
                                            "tx_pps": 1162574
                                        },
                                        {
                                            "drop_pct": 6814982,
                                            "drop_percentage": 39.092628722643404,
                                            "rx_pkts": 10617926,
                                            "rx_pps": 354046.0222032951,
                                            "time_ms": 1542623781358,
                                            "total_tx_pps": 581096,
                                            "tx_pkts": 17432908,
                                            "tx_pps": 581286
                                        },
                                        {
                                            "drop_pct": 1498653,
                                            "drop_percentage": 17.199010741828864,
                                            "rx_pkts": 7214947,
                                            "rx_pps": 240654.45119973377,
                                            "time_ms": 1542623813401,
                                            "total_tx_pps": 290453,
                                            "tx_pkts": 8713600,
                                            "tx_pps": 290642
                                        },
                                        {
                                            "drop_pct": 5200,
                                            "drop_percentage": 0.11943194492166183,
                                            "rx_pkts": 4348744,
                                            "rx_pps": 145146.44149763984,
                                            "time_ms": 1542623845450,
                                            "total_tx_pps": 145131,
                                            "tx_pkts": 4353944,
                                            "tx_pps": 145320
                                        },
                                        {
                                            "drop_pct": 0,
                                            "drop_percentage": 0.0,
                                            "ndr_pps": 36330,
                                            "rx_pkts": 2174120,
                                            "rx_pps": 72660.0,
                                            "time_ms": 1542623877496,
                                            "total_tx_pps": 72470,
                                            "tx_pkts": 2174120,
                                            "tx_pps": 72660
                                        }
                                    ]
                                },
                                "ndr": {
                                    "duration_sec": 30.0,