{
    "benchmarks": {
        "network": {
            "service_chain": {
                "EXT": {
                    "result": {
                        "bidirectional": true,
                        "compute_nodes": {},
                        "flow_count": 1000,
                        "profile": "traffic_profile_64B",
                        "result": {
                            "64": {
                                "iteration_stats": {
                                    "ndr_pdr": [
                                        {
                                            "drop_pct": 1192043922,
                                            "drop_percentage": 97.00044634429021,
                                            "rx_pkts": 36861683,
                                            "rx_pps": 2130364.774117747,
                                            "time_ms": 1541771828385,
                                            "total_tx_pps": 40963520,
                                            "tx_pkts": 1228905605,
                                            "tx_pps": 71022726,
                                            "warning": "WARNING: There is a significant difference between requested TX rate (71022726) and actual TX rate (40963520). The traffic generator may not have sufficient CPU to achieve the requested TX rate."
                                        },
                                        {
                                            "drop_pct": 1029142269,
                                            "drop_percentage": 96.60039857390139,
                                            "rx_pkts": 36218003,
                                            "rx_pps": 1207244.768979041,
                                            "time_ms": 1541771860429,
                                            "total_tx_pps": 35512009,
                                            "tx_pkts": 1065360272,
                                            "tx_pps": 35511362
                                        },
                                        {
                                            "drop_pct": 497005820,
                                            "drop_percentage": 93.30449526031856,
                                            "rx_pkts": 35665000,
                                            "rx_pps": 1188832.3959626695,
                                            "time_ms": 1541771892464,
                                            "total_tx_pps": 17755694,
                                            "tx_pkts": 532670820,
                                            "tx_pps": 17755680
                                        },
                                        {
                                            "drop_pct": 232025091,
                                            "drop_percentage": 87.11745829499954,
                                            "rx_pkts": 34310837,
                                            "rx_pps": 1143691.440503213,
                                            "time_ms": 1541771924500,
                                            "total_tx_pps": 8877864,
                                            "tx_pkts": 266335928,
                                            "tx_pps": 8877840
                                        },
                                        {
                                            "drop_pct": 102052589,
                                            "drop_percentage": 76.63453869858915,
                                            "rx_pkts": 31115289,
                                            "rx_pps": 1037174.1348005864,
                                            "time_ms": 1541771956540,
                                            "total_tx_pps": 4438929,
                                            "tx_pkts": 133167878,
                                            "tx_pps": 4438920
                                        },
                                        {
                                            "drop_pct": 46753755,
                                            "drop_percentage": 70.21783532751489,
                                            "rx_pkts": 19830119,
                                            "rx_pps": 661003.232039938,
                                            "time_ms": 1541771988574,
                                            "total_tx_pps": 2219462,
                                            "tx_pkts": 66583874,
                                            "tx_pps": 2219460
                                        },
                                        {
                                            "drop_pct": 21460219,
                                            "drop_percentage": 64.46075851696352,
                                            "rx_pkts": 11831693,
                                            "rx_pps": 394389.6245097007,
                                            "time_ms": 1541772020612,
                                            "total_tx_pps": 1109730,
                                            "tx_pkts": 33291912,
                                            "tx_pps": 1109730
                                        },
                                        {
                                            "drop_pct": 9144007,
                                            "drop_percentage": 54.9323096771744,
                                            "rx_pkts": 7501947,
                                            "rx_pps": 250064.38923284304,
                                            "time_ms": 1541772052645,
                                            "total_tx_pps": 554865,
                                            "tx_pkts": 16645954,
                                            "tx_pps": 554864
                                        },
                                        {
                                            "drop_pct": 3063558,
                                            "drop_percentage": 36.8084356344568,
                                            "rx_pkts": 5259420,
                                            "rx_pps": 175313.62085061384,
                                            "time_ms": 1541772084678,
                                            "total_tx_pps": 277432,
                                            "tx_pkts": 8322978,
                                            "tx_pps": 277432
                                        },
                                        {
                                            "drop_pct": 485090,
                                            "drop_percentage": 11.656642212284542,
                                            "rx_pkts": 3676400,
                                            "rx_pps": 122546.37218880738,
                                            "time_ms": 1541772116718,
                                            "total_tx_pps": 138716,
                                            "tx_pkts": 4161490,
                                            "tx_pps": 138716
                                        },
                                        {
                                            "drop_pct": 106,
                                            "drop_percentage": 0.005094331642912343,
                                            "ndr_pps": 0,
                                            "rx_pkts": 2080638,
                                            "rx_pps": 69354.46667345912,
                                            "time_ms": 1541772148755,
                                            "total_tx_pps": 69358,
                                            "tx_pkts": 2080744,
                                            "tx_pps": 69358
                                        }
                                    ]
                                },
                                "ndr": {
                                    "actual_l2frame_size": "68",